{
"type": "FeatureCollection",
"name": "maharashtra_districts",
"crs": { "type": "name", "properties": { "name": "urn:ogc:def:crs:OGC:1.3:CRS84" } },
"features": [
{ "type": "Feature", "properties": { "District": "AHILYANAGAR" }, "geometry": { "type": "Polygon", "coordinates": [ [ [ 74.45768338429508, 19.994982974230837 ], [ 74.481755987073726, 19.99478121754705 ], [ 74.47922204398462, 19.964016347168368 ], [ 74.492011497621149, 19.962220460894361 ], [ 74.494693012918844, 19.970129941378008 ], [ 74.509308960194545, 19.972869993732928 ], [ 74.518951730210816, 19.966704924482126 ], [ 74.522896924359571, 19.9765815912113 ], [ 74.554458357555276, 19.967849808092659 ], [ 74.5686471577839, 19.954298334464578 ], [ 74.671004148611502, 19.946974412365581 ], [ 74.677065631358914, 19.924138460307088 ], [ 74.649311649866107, 19.9201230326961 ], [ 74.645987938974059, 19.90928727139222 ], [ 74.644438995203174, 19.860143318897556 ], [ 74.659817391467485, 19.857712260724838 ], [ 74.656880422927486, 19.834871965794459 ], [ 74.602896335647159, 19.846962507546944 ], [ 74.599982113087862, 19.806587947698734 ], [ 74.588859537705218, 19.78418485818214 ], [ 74.592322863374847, 19.775825189377109 ], [ 74.611891550015088, 19.76994577660912 ], [ 74.625627197288097, 19.789530582084055 ], [ 74.636783548691554, 19.79304416234115 ], [ 74.649460570913377, 19.784901895117944 ], [ 74.653290710431051, 19.776449300148037 ], [ 74.667931986015645, 19.776138256139674 ], [ 74.677142374022097, 19.766736865463066 ], [ 74.689721918118011, 19.766430328224605 ], [ 74.689060899490826, 19.757206857233715 ], [ 74.695273419400849, 19.755005798247172 ], [ 74.70624831449264, 19.763559492744847 ], [ 74.700695570470941, 19.775555817627136 ], [ 74.707322237348365, 19.781799934254625 ], [ 74.71442875384048, 19.780148118733912 ], [ 74.721471386426344, 19.754658539552661 ], [ 74.728125136761321, 19.754412257791909 ], [ 74.735318529271368, 19.764908960578794 ], [ 74.749429541538447, 19.748643951345613 ], [ 74.764068334728705, 19.753697445848022 ], [ 74.767609928449531, 19.736732280609964 ], [ 74.784273590966691, 19.734336511578487 ], [ 74.786541109856174, 19.715400122600677 ], [ 74.804374758193262, 19.702228278580737 ], [ 74.814121475452907, 19.70306667456769 ], [ 74.808448723711081, 19.688503349909343 ], [ 74.817838720977193, 19.680679578929947 ], [ 74.822817783943435, 19.668511533309015 ], [ 74.836662267517468, 19.663336210473716 ], [ 74.848790318965996, 19.646366318913845 ], [ 74.883041496124733, 19.654470186928592 ], [ 74.887966143310365, 19.63904472975409 ], [ 74.91377089445642, 19.648204386065061 ], [ 74.927704962432813, 19.646944412203915 ], [ 74.931180047625929, 19.636905111162154 ], [ 74.941673009726642, 19.645096046773354 ], [ 74.962774450979154, 19.647136666071169 ], [ 74.982523574066903, 19.639550790275234 ], [ 74.998665936762819, 19.624019673353359 ], [ 75.037763669830312, 19.625843972832644 ], [ 75.041750249963471, 19.622209904903777 ], [ 75.038731740930373, 19.615948422332238 ], [ 75.059164567853074, 19.605702241867675 ], [ 75.087081783031678, 19.612754408459505 ], [ 75.098592148241977, 19.603981949981282 ], [ 75.116102111299725, 19.603596674494725 ], [ 75.126833139308317, 19.594602273738644 ], [ 75.140409956584918, 19.598108348728129 ], [ 75.15092494186537, 19.589355437398162 ], [ 75.174349423020644, 19.600431451214551 ], [ 75.194050385035098, 19.59485370403365 ], [ 75.206527668841531, 19.581565820049097 ], [ 75.20633230846407, 19.56215817466499 ], [ 75.217519586500075, 19.558774804515348 ], [ 75.23006374864346, 19.541318880371072 ], [ 75.256819526886488, 19.523252614267232 ], [ 75.267491862477428, 19.55460785042321 ], [ 75.274114776224025, 19.554352542218286 ], [ 75.280706507184775, 19.545434043851856 ], [ 75.273658357703596, 19.515256158510812 ], [ 75.301340996178595, 19.512169601703309 ], [ 75.301065190254832, 19.503109090656086 ], [ 75.311799607280918, 19.495753922871049 ], [ 75.325239838666164, 19.498965449681688 ], [ 75.324150336212412, 19.506130546655772 ], [ 75.328884323096631, 19.508427142818199 ], [ 75.327443404684217, 19.483773006044952 ], [ 75.334949522090781, 19.482707645430917 ], [ 75.339147598159443, 19.501814450110942 ], [ 75.356545110540665, 19.501741339493712 ], [ 75.361549455871753, 19.490175130623175 ], [ 75.358108567943248, 19.482661575820401 ], [ 75.344212907475011, 19.485467655014048 ], [ 75.339380262429188, 19.468740792958048 ], [ 75.323199714179935, 19.465728326488076 ], [ 75.32703335455227, 19.438561038832585 ], [ 75.346902889129638, 19.449001739836095 ], [ 75.357031706791147, 19.431958602489203 ], [ 75.3369335580512, 19.40704062859098 ], [ 75.365152816813008, 19.396902317277871 ], [ 75.391383433016259, 19.414820931304259 ], [ 75.41071082804946, 19.418670938185453 ], [ 75.424974741606761, 19.415759084762755 ], [ 75.441137069571795, 19.427015735328055 ], [ 75.442624520874858, 19.414042102749768 ], [ 75.466371124415431, 19.414349476786619 ], [ 75.475436309334484, 19.423337949323304 ], [ 75.488210651891961, 19.416652913624226 ], [ 75.482250678539643, 19.384230338487427 ], [ 75.4853014014016, 19.381369277177917 ], [ 75.497669882273016, 19.378435119706065 ], [ 75.516830575717592, 19.38481781862621 ], [ 75.517124159735189, 19.380691692322234 ], [ 75.532068775380296, 19.376917578820358 ], [ 75.517206052001995, 19.330816257533847 ], [ 75.539970580623944, 19.328524148349917 ], [ 75.543013986800332, 19.323191781996357 ], [ 75.537760864135976, 19.306176024845151 ], [ 75.525634416886234, 19.298239912218097 ], [ 75.519786807767105, 19.277773051643877 ], [ 75.502503511143928, 19.266752798799804 ], [ 75.473110241901708, 19.259230516495979 ], [ 75.474300914847703, 19.253009816885374 ], [ 75.458701992354293, 19.2502266751296 ], [ 75.444918684718118, 19.219403145041341 ], [ 75.421902863514404, 19.221495300125312 ], [ 75.401587968396839, 19.197455757499409 ], [ 75.419552748363799, 19.183264497416129 ], [ 75.425362284583429, 19.17276537273715 ], [ 75.444994410914006, 19.172183969726667 ], [ 75.449324739444762, 19.163962389221492 ], [ 75.453657513332558, 19.144627498315749 ], [ 75.423299084764068, 19.138623731488458 ], [ 75.430979713845886, 19.117819111912659 ], [ 75.436515106541464, 19.116383983701354 ], [ 75.443704746154296, 19.124490942601568 ], [ 75.46405625849151, 19.130152621154643 ], [ 75.4837075158825, 19.127927759742413 ], [ 75.485165411176553, 19.105865453435126 ], [ 75.449452795364508, 19.083235504486183 ], [ 75.444759698927626, 19.093181194261451 ], [ 75.429247706568262, 19.0895396315459 ], [ 75.417753493300907, 19.092410191896693 ], [ 75.413132840419692, 19.081492060970479 ], [ 75.405919476392725, 19.08025435418212 ], [ 75.382000686736419, 19.07792120664633 ], [ 75.375230346130991, 19.084211048315328 ], [ 75.368741240386882, 19.081740438097654 ], [ 75.365454626224519, 19.089873877671973 ], [ 75.38048816519354, 19.103083838432099 ], [ 75.392237396270332, 19.126596121230303 ], [ 75.404433864895665, 19.123537007493756 ], [ 75.409313796096441, 19.128877628580558 ], [ 75.407523415865683, 19.141011962164484 ], [ 75.394248457456641, 19.142024677222423 ], [ 75.375964476344748, 19.129024324156699 ], [ 75.361505378132591, 19.13290379459681 ], [ 75.358742908208825, 19.127249237557081 ], [ 75.351467600416086, 19.126985477422053 ], [ 75.352536324797853, 19.146645391506308 ], [ 75.339787671803151, 19.155904074455059 ], [ 75.330249314021984, 19.152607282963871 ], [ 75.33113664540555, 19.132175461322813 ], [ 75.349689427475141, 19.124067004923582 ], [ 75.35152531549079, 19.11363622778601 ], [ 75.360796850684608, 19.108629316180789 ], [ 75.364507335985451, 19.081308764779951 ], [ 75.356548683032031, 19.078022957999121 ], [ 75.337189038524102, 19.08084315694413 ], [ 75.32271010002583, 19.094262442667127 ], [ 75.306896899621634, 19.098613595372921 ], [ 75.294969431815417, 19.084948926139276 ], [ 75.280875791264876, 19.084981646673612 ], [ 75.280572197618, 19.080346186123357 ], [ 75.292920844257154, 19.076168621838569 ], [ 75.28318079674591, 19.034435435337947 ], [ 75.327914545349017, 19.034680549101136 ], [ 75.339009948935768, 19.029354840114639 ], [ 75.343873665818478, 19.022453291465688 ], [ 75.340630564698102, 18.990042652651564 ], [ 75.315765303180527, 18.980478799448317 ], [ 75.288348887096362, 18.981761131740793 ], [ 75.274289415774788, 18.991939334090841 ], [ 75.26469073975808, 19.018004065539643 ], [ 75.256139028972171, 19.02574116675591 ], [ 75.266950936886516, 19.033662630313565 ], [ 75.268333085226857, 19.053481427028217 ], [ 75.261467638475608, 19.069946053788488 ], [ 75.2332310952456, 19.061474784653633 ], [ 75.224491930023504, 19.065784425042747 ], [ 75.228364394133976, 19.081187201691424 ], [ 75.225966289081867, 19.097283853858297 ], [ 75.219747967695866, 19.100635402022924 ], [ 75.21999129392583, 19.111672224256772 ], [ 75.202520472427423, 19.10308814534369 ], [ 75.198620371010648, 19.095516105698533 ], [ 75.19203205216921, 19.097359851166956 ], [ 75.187388270174864, 19.092560630289942 ], [ 75.193032010105568, 19.086266178835078 ], [ 75.191465322114993, 19.072853561354989 ], [ 75.197148076005831, 19.066993241042688 ], [ 75.186119561353806, 19.051617660927874 ], [ 75.194041518294753, 19.049776876576161 ], [ 75.209810484493815, 19.029274642662891 ], [ 75.208059961630909, 19.020608465440183 ], [ 75.182905415667108, 19.011669694235398 ], [ 75.168975056293377, 19.019213302949954 ], [ 75.1678168253721, 19.035808504719732 ], [ 75.146764038316832, 19.042061175042999 ], [ 75.14210472817858, 19.040052619017995 ], [ 75.144556939170869, 19.036070654430244 ], [ 75.134600091146226, 19.035116901444574 ], [ 75.111933694142564, 19.043441324088562 ], [ 75.099940979319868, 19.042386902816769 ], [ 75.070798941484256, 19.055377383052061 ], [ 75.074898752315022, 19.068581959973795 ], [ 75.091970294698015, 19.068103002317432 ], [ 75.078436237459826, 19.078728389588445 ], [ 75.083255401537102, 19.081847254507529 ], [ 75.097357039889616, 19.077932972633594 ], [ 75.099599948877412, 19.104934068471366 ], [ 75.110382600073891, 19.112230651818781 ], [ 75.109355842062413, 19.124860628074583 ], [ 75.090526186364414, 19.127791702267565 ], [ 75.08795590559788, 19.12067371109385 ], [ 75.068981028911693, 19.12135191065445 ], [ 75.075690833129627, 19.118961640083544 ], [ 75.069856785217738, 19.112074318727313 ], [ 75.071382841907663, 19.107386821787593 ], [ 75.075341850028138, 19.109570372695149 ], [ 75.073751302363519, 19.101694441991409 ], [ 75.065246849247885, 19.107383848583918 ], [ 75.058545978491779, 19.098383791197712 ], [ 75.052456569231225, 19.105671064882326 ], [ 75.03637050797478, 19.100492345575802 ], [ 75.043953767100234, 19.109808010197487 ], [ 75.024379120425564, 19.10272554510529 ], [ 75.023553484310796, 19.114937306247676 ], [ 75.017700300330773, 19.10493139904905 ], [ 75.006270142315344, 19.105488139987248 ], [ 74.996713329245779, 19.112480051598197 ], [ 74.989530991382352, 19.109768189589445 ], [ 74.978235877985057, 19.116721854982945 ], [ 74.980087130419022, 19.111964655453672 ], [ 74.973802310415635, 19.110985757937495 ], [ 74.942463551503053, 19.133239799527786 ], [ 74.932506623229258, 19.108899889904528 ], [ 74.9208338397234, 19.094750866301538 ], [ 74.914413432569617, 19.037506317848489 ], [ 74.917628349877305, 19.035178431116364 ], [ 74.927453651384269, 19.043065986249314 ], [ 74.921587439441623, 19.031076604429668 ], [ 74.949609388056786, 19.032832955145498 ], [ 74.948277799335685, 19.004537302608316 ], [ 74.959387451045274, 18.999127451812164 ], [ 74.952561712607391, 18.97151374375709 ], [ 74.944603600045753, 18.969521361490674 ], [ 74.935790780320801, 18.976309370093158 ], [ 74.931138364434361, 18.971106984735837 ], [ 74.918162352125194, 18.968960573357904 ], [ 74.918530189343386, 18.959491554965108 ], [ 74.913591327025159, 18.958895338185375 ], [ 74.903821130659892, 18.964226469785196 ], [ 74.899480968247133, 18.980073775792501 ], [ 74.871366529029459, 18.985029891684459 ], [ 74.868226599207929, 18.979845748434382 ], [ 74.836077390414232, 18.969938724985173 ], [ 74.824803358986273, 18.990483537232933 ], [ 74.808230141497631, 18.976925526581677 ], [ 74.811532001769791, 18.962508151294863 ], [ 74.829147267904162, 18.962224323004587 ], [ 74.835803670661292, 18.953444124567074 ], [ 74.833811003001003, 18.939162817535983 ], [ 74.825035804026186, 18.932260312307079 ], [ 74.84310808321456, 18.923312837600598 ], [ 74.845830965488986, 18.910536884570696 ], [ 74.864761136699514, 18.897611088896582 ], [ 74.874659151621373, 18.912734758479893 ], [ 74.884041506788378, 18.914109579051775 ], [ 74.883693463793804, 18.886228832017185 ], [ 74.896180945346771, 18.875947603852218 ], [ 74.894688989633835, 18.846718357979707 ], [ 74.90821779821438, 18.846358428626363 ], [ 74.918346165974611, 18.85320752682992 ], [ 74.927262542965352, 18.842745455950094 ], [ 74.920056635257339, 18.830227689301488 ], [ 74.927392151988613, 18.826029485073288 ], [ 74.943204230578317, 18.827311741598393 ], [ 74.958943738807122, 18.819817798663426 ], [ 74.97370906382703, 18.828287141940066 ], [ 74.971452523072784, 18.813364225254045 ], [ 74.986068216066286, 18.797565654987327 ], [ 74.997541935533221, 18.797886920978385 ], [ 74.998390600766044, 18.80588789225682 ], [ 74.9988158614062, 18.798005068716559 ], [ 75.001769441715595, 18.804775577792491 ], [ 75.009053842810772, 18.804455665468357 ], [ 75.003728003704154, 18.788082189217473 ], [ 75.012657035378496, 18.775171963798321 ], [ 75.039645686273516, 18.763648625030783 ], [ 75.04383745971306, 18.751726018179774 ], [ 75.052945549424564, 18.747732793534034 ], [ 75.056928344076823, 18.735680727205754 ], [ 75.06743035008131, 18.731338202598785 ], [ 75.077035829363311, 18.714373693074059 ], [ 75.103303267010631, 18.702434118328895 ], [ 75.110013091895524, 18.689615287769222 ], [ 75.119144138845158, 18.685745556649447 ], [ 75.116891883799184, 18.679904771712234 ], [ 75.13821457632551, 18.665956803560075 ], [ 75.141794854441599, 18.653427295507349 ], [ 75.15616598325164, 18.642143418042611 ], [ 75.164004917155651, 18.668570465828754 ], [ 75.1637810936585, 18.696004568605062 ], [ 75.174992824978091, 18.70901370817656 ], [ 75.171626462348613, 18.736477693010741 ], [ 75.208162058419248, 18.738780777433544 ], [ 75.222768034394591, 18.728764331653064 ], [ 75.254950164088271, 18.720212434166623 ], [ 75.276947256573891, 18.730022421563149 ], [ 75.291811229123411, 18.765821456081117 ], [ 75.327461595896594, 18.801248869795621 ], [ 75.342401726037536, 18.782647876715281 ], [ 75.359825732819886, 18.78937012640106 ], [ 75.371132506915075, 18.774869070828927 ], [ 75.37543719097134, 18.778077805169712 ], [ 75.372738408224222, 18.771154383119939 ], [ 75.379709466277276, 18.769218412433165 ], [ 75.380479403287879, 18.773934083773288 ], [ 75.386425067468579, 18.772437998940095 ], [ 75.391888519526262, 18.820084922573955 ], [ 75.399447286109421, 18.831576970696577 ], [ 75.420830585294951, 18.818237924333058 ], [ 75.419811308412662, 18.814149320308648 ], [ 75.438636538932172, 18.798922939734208 ], [ 75.450559036461939, 18.75114917170939 ], [ 75.462160065979589, 18.754561774804394 ], [ 75.468702972165758, 18.751453609978661 ], [ 75.468743602063668, 18.747586002254806 ], [ 75.491064509481475, 18.737111558577517 ], [ 75.491309349503169, 18.72882678018334 ], [ 75.50738484297294, 18.723325344578846 ], [ 75.526687883822689, 18.733209290855633 ], [ 75.524962565623198, 18.752639508568713 ], [ 75.555517276096921, 18.73659813005624 ], [ 75.553220069520663, 18.708041940835518 ], [ 75.58245833784936, 18.698460251902993 ], [ 75.581284815286637, 18.683868052550825 ], [ 75.544413695260374, 18.681526429135413 ], [ 75.539702625053366, 18.657956196042896 ], [ 75.547101713564828, 18.656223576750168 ], [ 75.545990657359482, 18.644403027182626 ], [ 75.539761396162689, 18.638888124129835 ], [ 75.521347623025733, 18.639203536261583 ], [ 75.507021695051407, 18.623135600751326 ], [ 75.499210029012275, 18.620689342000986 ], [ 75.489642973592893, 18.626984271362709 ], [ 75.4861357076568, 18.619336203844991 ], [ 75.461643400490487, 18.605686934201835 ], [ 75.458890341765823, 18.594767544159552 ], [ 75.452381365991627, 18.596953061093359 ], [ 75.445220587907357, 18.584274531088582 ], [ 75.433854887877146, 18.55114355223472 ], [ 75.414831474209066, 18.530589828436216 ], [ 75.394494221808259, 18.543726294882013 ], [ 75.342677399801588, 18.560902561563982 ], [ 75.329621734035868, 18.537804614507436 ], [ 75.329727921661856, 18.523644722388429 ], [ 75.280636421272078, 18.519323681444842 ], [ 75.266456581636604, 18.508257605360271 ], [ 75.258902046400593, 18.508293499808008 ], [ 75.243420506211365, 18.526139865802012 ], [ 75.239261061648037, 18.540470504986995 ], [ 75.228407396145727, 18.540938843309085 ], [ 75.213499388633466, 18.554071240033146 ], [ 75.201627347032343, 18.531318460982714 ], [ 75.181979616551914, 18.530526298454685 ], [ 75.15825234030406, 18.519875758793422 ], [ 75.134589455297785, 18.526496285585974 ], [ 75.121987035945978, 18.492472907557513 ], [ 75.104723231695885, 18.489592761141928 ], [ 75.090518619120459, 18.451344731717356 ], [ 75.090227535132911, 18.431339459373056 ], [ 75.080539950004578, 18.428426022500382 ], [ 75.079442716656743, 18.42341407692037 ], [ 75.058260696326712, 18.419335824609256 ], [ 75.050167955810466, 18.429679650203557 ], [ 75.015444280854766, 18.436714264740736 ], [ 75.005387232805447, 18.403339680638613 ], [ 74.979099984616681, 18.399795486822789 ], [ 74.966215741537482, 18.385541584074769 ], [ 74.949726428132948, 18.388286230925257 ], [ 74.914682803300224, 18.378625108087281 ], [ 74.908052174153298, 18.356777624175731 ], [ 74.867346470104479, 18.352715571008059 ], [ 74.8644890736402, 18.336072039143147 ], [ 74.854899805670755, 18.334904376237727 ], [ 74.851694560810046, 18.329943697718871 ], [ 74.833404363134377, 18.335029006289741 ], [ 74.830406584347116, 18.343934781239888 ], [ 74.815585691358606, 18.341713262735073 ], [ 74.799188746340775, 18.351659100911483 ], [ 74.809581141682472, 18.383699502226445 ], [ 74.793394604674603, 18.40198189584552 ], [ 74.777468823993303, 18.40998009809347 ], [ 74.752193623034742, 18.39654074227575 ], [ 74.730757244298204, 18.401311498419091 ], [ 74.726186357965815, 18.414126493423129 ], [ 74.717055585683255, 18.422658895902682 ], [ 74.716087085200272, 18.432099696254181 ], [ 74.723348704945892, 18.448416560935193 ], [ 74.727675580329432, 18.482151395804728 ], [ 74.70762170567852, 18.504280695540356 ], [ 74.6983835356546, 18.506033826261849 ], [ 74.659774452102738, 18.490096536646853 ], [ 74.656041559773513, 18.473322690515211 ], [ 74.672244396828091, 18.468767236727796 ], [ 74.674694769203739, 18.462776080429464 ], [ 74.647026216132588, 18.45016854226597 ], [ 74.631521285255261, 18.453843802338085 ], [ 74.61371738246072, 18.468134506825944 ], [ 74.581139889117068, 18.472520230620681 ], [ 74.54726556022878, 18.50767455730298 ], [ 74.565838127007837, 18.524718633968916 ], [ 74.569030778691996, 18.544540586739487 ], [ 74.577593242872126, 18.547416114205419 ], [ 74.540862815313019, 18.582260044286386 ], [ 74.543132819095689, 18.599528112660916 ], [ 74.552368226269252, 18.608990538847319 ], [ 74.537189794521453, 18.618215180384837 ], [ 74.509101912513401, 18.613421990282244 ], [ 74.504717771540712, 18.62406051343676 ], [ 74.481566302987275, 18.6307439801101 ], [ 74.471364455327148, 18.641731205620655 ], [ 74.472657603119032, 18.649002215197047 ], [ 74.486406401692534, 18.647190622892158 ], [ 74.48977798007077, 18.655971766613636 ], [ 74.501034165821153, 18.659152642210326 ], [ 74.509623937272622, 18.668795057415721 ], [ 74.503593589380245, 18.677763263674922 ], [ 74.486762311030716, 18.677109847088019 ], [ 74.475977934398031, 18.686870395317165 ], [ 74.473933265798635, 18.696013126195577 ], [ 74.481492557118784, 18.703593782041771 ], [ 74.475903831150234, 18.722495876669743 ], [ 74.470339189356167, 18.726781797771043 ], [ 74.448812108054597, 18.720396175730006 ], [ 74.440088586712591, 18.722172258168953 ], [ 74.431021936442733, 18.733504031136722 ], [ 74.436874484670597, 18.738032458595253 ], [ 74.425144044961343, 18.746645343111545 ], [ 74.398023961647851, 18.742154817772981 ], [ 74.393629622013805, 18.767535933742401 ], [ 74.400469790002262, 18.775689038800163 ], [ 74.388244959592967, 18.784822685404432 ], [ 74.384387262719116, 18.804948306895387 ], [ 74.398646333121533, 18.821786651988994 ], [ 74.397288227219306, 18.828348486970587 ], [ 74.347091285353088, 18.845650604265387 ], [ 74.33954672059356, 18.836805587406324 ], [ 74.327899250236101, 18.83696052313719 ], [ 74.308498106282769, 18.852962773436509 ], [ 74.308147976656969, 18.86812202127388 ], [ 74.294421411812891, 18.890824556921572 ], [ 74.294758512669091, 18.903511966411795 ], [ 74.270853297610785, 18.918685524634192 ], [ 74.249148777027258, 18.954873104751673 ], [ 74.246140400713202, 18.95283865419454 ], [ 74.238518990045705, 18.952452179434751 ], [ 74.236075724215922, 18.953104925377218 ], [ 74.236870632559345, 18.968787075344661 ], [ 74.222239724590167, 18.970551442278552 ], [ 74.225672301112198, 18.985647882874602 ], [ 74.221645337041139, 18.995187263708729 ], [ 74.21082104029432, 18.994754064355149 ], [ 74.21273085760761, 19.008770520949749 ], [ 74.20018943009363, 19.00541774620018 ], [ 74.198721054415827, 19.014857685660438 ], [ 74.189631572060406, 19.015705011736912 ], [ 74.188054181752989, 19.023926788435681 ], [ 74.173940945529765, 19.031426774253745 ], [ 74.172192034979005, 19.04103468557723 ], [ 74.191143294388567, 19.059821083876276 ], [ 74.191252887747652, 19.078720538213165 ], [ 74.20216386794327, 19.088973846888429 ], [ 74.196823244878772, 19.1007413224503 ], [ 74.211594488948037, 19.128781796784029 ], [ 74.225618904948277, 19.129554905045527 ], [ 74.228201346164127, 19.122069578840208 ], [ 74.234666072194756, 19.122741301508619 ], [ 74.243956226690855, 19.144491509648628 ], [ 74.266841182638629, 19.163095182584055 ], [ 74.264387923585986, 19.179417760202437 ], [ 74.273614039420067, 19.185762779013441 ], [ 74.299863801694329, 19.189025951728595 ], [ 74.316162953690096, 19.207837058305394 ], [ 74.260348724884508, 19.226463193283109 ], [ 74.256497334075277, 19.219864983251135 ], [ 74.246854260080113, 19.219285938976331 ], [ 74.230458022112785, 19.205273712945381 ], [ 74.219861444486881, 19.202865193909751 ], [ 74.188736464814468, 19.209537707974686 ], [ 74.168474511340619, 19.224150409728484 ], [ 74.165207542678544, 19.208065908121107 ], [ 74.157120139052154, 19.204229319334154 ], [ 74.151296410652861, 19.225729605342448 ], [ 74.125986710927336, 19.222388036076246 ], [ 74.115473874777152, 19.229927578724354 ], [ 74.113840350498592, 19.226090803772134 ], [ 74.083722225033696, 19.239069094929842 ], [ 74.093091325186776, 19.227958928619039 ], [ 74.089257791463339, 19.228208769178703 ], [ 74.071514876569523, 19.235449580764069 ], [ 74.060272172675013, 19.24586255152893 ], [ 74.049639102045575, 19.24355330007339 ], [ 74.044947989255377, 19.261923066446354 ], [ 74.030907051841439, 19.249664023412464 ], [ 74.032817912377723, 19.258178596177476 ], [ 74.023055728683119, 19.266717409677739 ], [ 74.02981988124283, 19.282907605127239 ], [ 74.023479050605999, 19.288651845558384 ], [ 74.019608294046947, 19.283767487920336 ], [ 74.015930454513011, 19.293946323124768 ], [ 74.00564752652275, 19.293596729942255 ], [ 74.005576562638993, 19.305141124624345 ], [ 74.018775741185991, 19.295595313655721 ], [ 74.025094685027739, 19.298926442014018 ], [ 74.019670204292225, 19.309711873240502 ], [ 74.025280006013915, 19.312008980627663 ], [ 74.017706201272006, 19.315233175209418 ], [ 74.019309576144849, 19.321469007587556 ], [ 74.011525666967145, 19.335301976181462 ], [ 74.001733933248289, 19.341403821791637 ], [ 73.999418768261634, 19.359437141675066 ], [ 73.995038227167626, 19.352431538610535 ], [ 73.972354445190149, 19.348978598118656 ], [ 73.969069481092163, 19.354038566494971 ], [ 73.953530697089946, 19.347527357586213 ], [ 73.95509152267897, 19.341734710866199 ], [ 73.945032374763343, 19.33970034624102 ], [ 73.943513285199174, 19.344537361681628 ], [ 73.937657589739089, 19.3389992972626 ], [ 73.926867297973857, 19.338712603894308 ], [ 73.913021534433184, 19.362235316197591 ], [ 73.903796688606249, 19.362198061598193 ], [ 73.891120431702575, 19.372209722704103 ], [ 73.884713583957691, 19.373283662393142 ], [ 73.866449441324619, 19.355170084908632 ], [ 73.853477315119051, 19.355551611237964 ], [ 73.840764489946594, 19.366314053294175 ], [ 73.842981773758851, 19.371098654071357 ], [ 73.837723628125772, 19.376037733630433 ], [ 73.807522838920136, 19.393098821789408 ], [ 73.800923682528605, 19.395124331810543 ], [ 73.771440562429234, 19.386475248105221 ], [ 73.769948173373507, 19.392012276474691 ], [ 73.753055224922605, 19.397048777775055 ], [ 73.7514056549972, 19.407252355179001 ], [ 73.735921043546824, 19.407542717968536 ], [ 73.72898498999885, 19.42200235965306 ], [ 73.730716955710037, 19.430231264594642 ], [ 73.710697855269544, 19.43169213459683 ], [ 73.707879892026, 19.427679084501296 ], [ 73.703195033022766, 19.434551845158506 ], [ 73.693140418135471, 19.433565821814788 ], [ 73.684601969466271, 19.444802279864433 ], [ 73.684784778087447, 19.466154542756342 ], [ 73.694828058679505, 19.469793660703747 ], [ 73.695847503593285, 19.478710248473426 ], [ 73.713511476750682, 19.484426564897959 ], [ 73.707988590589167, 19.496054149465635 ], [ 73.686286286868039, 19.500146195823152 ], [ 73.689793245105577, 19.506475624184588 ], [ 73.679621011051836, 19.51875738562433 ], [ 73.675183426453046, 19.509491894306972 ], [ 73.664566736916441, 19.512115517323945 ], [ 73.656927164080557, 19.536836737070587 ], [ 73.63913203188477, 19.539148449018345 ], [ 73.632919322866286, 19.532707687175506 ], [ 73.631911844342753, 19.541654694248983 ], [ 73.622608781667608, 19.542078973057986 ], [ 73.62772275319756, 19.571669482050272 ], [ 73.617702623870642, 19.5813344860927 ], [ 73.61437545030013, 19.576740482623137 ], [ 73.615605979399405, 19.584528727895918 ], [ 73.630566550423595, 19.594604128087074 ], [ 73.664745697319475, 19.586589777835531 ], [ 73.669126252263752, 19.589985135815454 ], [ 73.669389770777713, 19.586081859441091 ], [ 73.686315713785461, 19.592652866278524 ], [ 73.696406585281437, 19.591488768541591 ], [ 73.705097607461411, 19.596061399567684 ], [ 73.712558107929425, 19.616555333242147 ], [ 73.724809211700986, 19.621396893411568 ], [ 73.736994843675845, 19.618057108268566 ], [ 73.766378801862288, 19.63188308452694 ], [ 73.77570403108281, 19.628496498767376 ], [ 73.775754688229512, 19.640629619814796 ], [ 73.792376707550247, 19.641168977703504 ], [ 73.777619001267311, 19.652199399258528 ], [ 73.781517135550104, 19.659774119156168 ], [ 73.790288633218992, 19.662958519799808 ], [ 73.794165419714872, 19.675544610111434 ], [ 73.805766411212161, 19.676962759348257 ], [ 73.79404451422451, 19.688239403865168 ], [ 73.804946049593283, 19.689481876928696 ], [ 73.809695788513039, 19.682090780089688 ], [ 73.81941934665015, 19.713977819540773 ], [ 73.838768908740718, 19.722118310729904 ], [ 73.8367567278287, 19.740456809139086 ], [ 73.849308474033506, 19.745511890781255 ], [ 73.85791493484264, 19.743113060826246 ], [ 73.854865313016106, 19.746981721278122 ], [ 73.864702790049137, 19.748606397087713 ], [ 73.867987378086653, 19.741322760072652 ], [ 73.880521157254293, 19.738518480023661 ], [ 73.888450802947503, 19.751956867735949 ], [ 73.89072003878232, 19.747266164393277 ], [ 73.898481767480789, 19.74725301467036 ], [ 73.895152775478692, 19.716088742215739 ], [ 73.911174595299784, 19.701541741828844 ], [ 73.912217753926797, 19.694243452759498 ], [ 73.907063201135315, 19.697315651121194 ], [ 73.903961818222541, 19.694125852389377 ], [ 73.908536181940235, 19.682704909646869 ], [ 73.925514868320576, 19.672192214345877 ], [ 73.927160334612594, 19.675225651138344 ], [ 73.931501447120766, 19.670406490237287 ], [ 73.949425033432135, 19.672695375758906 ], [ 73.956873666081265, 19.668695258755253 ], [ 73.961264531610993, 19.674276322434864 ], [ 73.969335570755817, 19.670831203616391 ], [ 73.978429741139763, 19.675728275218159 ], [ 73.984711010074008, 19.669817864705301 ], [ 74.003342149282929, 19.667821784817001 ], [ 74.021052954485839, 19.673839683721926 ], [ 74.034668011398566, 19.665843776769041 ], [ 74.070938880046754, 19.660817278659767 ], [ 74.096017896124081, 19.641017661431388 ], [ 74.101323690286719, 19.648371814643919 ], [ 74.119724280722068, 19.642607461757688 ], [ 74.134458078257481, 19.667491230283613 ], [ 74.144828461920142, 19.673529195121816 ], [ 74.135677470952501, 19.693148018046472 ], [ 74.144609362383335, 19.692250633387609 ], [ 74.150927856440745, 19.685094738195662 ], [ 74.166387491710083, 19.729913791685092 ], [ 74.183536534830864, 19.73233278890018 ], [ 74.188655586902541, 19.739235032663181 ], [ 74.220331001496731, 19.737575827153769 ], [ 74.223620375967513, 19.742080153377096 ], [ 74.246519161091115, 19.744439906124125 ], [ 74.247373277621293, 19.751793819407652 ], [ 74.269400116737344, 19.760667238949061 ], [ 74.27468557582209, 19.777330472544449 ], [ 74.316848786768816, 19.765140430250543 ], [ 74.325600550338734, 19.772857282273989 ], [ 74.322570849087143, 19.780011693049858 ], [ 74.326830218770581, 19.795698303918133 ], [ 74.34393791625925, 19.79874041233564 ], [ 74.352872643812361, 19.795209071665944 ], [ 74.367695398528014, 19.805616965022111 ], [ 74.374246989221035, 19.802160473701974 ], [ 74.36713736556213, 19.810962409059261 ], [ 74.369015210370051, 19.834721526468797 ], [ 74.362897171156987, 19.834194701250759 ], [ 74.363145940201008, 19.871437404368425 ], [ 74.337344989728436, 19.872460158212203 ], [ 74.335325834620193, 19.886615569470489 ], [ 74.274556235625212, 19.90643625483456 ], [ 74.272741325048685, 19.932720236877497 ], [ 74.247712393744095, 19.935493396469166 ], [ 74.247838487690942, 19.962978131422361 ], [ 74.272741282480979, 19.96225211986248 ], [ 74.281084959907616, 19.957269213575376 ], [ 74.285374982283201, 19.986190952201511 ], [ 74.303081779831473, 19.966672248605335 ], [ 74.316110904374909, 19.978690169388241 ], [ 74.316078934301871, 19.985476231982865 ], [ 74.347272314416415, 19.984548063900924 ], [ 74.349528937231597, 19.967470688497148 ], [ 74.362771928316818, 19.965108654515511 ], [ 74.364718249206106, 19.974781292269221 ], [ 74.376965085243341, 19.971975790521807 ], [ 74.382423258065572, 19.981355356659229 ], [ 74.443621158621056, 19.974194906328741 ], [ 74.451971126588276, 19.979490027449696 ], [ 74.45768338429508, 19.994982974230837 ] ] ] } },
{ "type": "Feature", "properties": { "District": "AKOLA" }, "geometry": { "type": "Polygon", "coordinates": [ [ [ 77.033116684090373, 21.248031325682515 ], [ 77.059697314996782, 21.231435114812655 ], [ 77.066603871980291, 21.220158792021692 ], [ 77.075166053767461, 21.221382624874202 ], [ 77.080652866325153, 21.216443200348561 ], [ 77.093132909431333, 21.226330491994187 ], [ 77.109095813767652, 21.218867193522939 ], [ 77.117886815779315, 21.219709898657165 ], [ 77.119069879507848, 21.22449008236033 ], [ 77.130308501101808, 21.220382247495046 ], [ 77.148704997669554, 21.227547949067564 ], [ 77.153368581461649, 21.234503133479457 ], [ 77.162756907941329, 21.234781804776368 ], [ 77.164773097031485, 21.243223884668126 ], [ 77.190265033550276, 21.242895001226721 ], [ 77.193731749086481, 21.236502499038998 ], [ 77.190648081063898, 21.228671839353854 ], [ 77.174112632730058, 21.223466901813701 ], [ 77.177820596755282, 21.219317608356715 ], [ 77.175813693972145, 21.20820663701608 ], [ 77.181958765681557, 21.207639029527375 ], [ 77.183645083255655, 21.201335849455351 ], [ 77.179680784876453, 21.19102603874407 ], [ 77.172862229321765, 21.19136608443268 ], [ 77.166207215412328, 21.184426411123319 ], [ 77.160992519561717, 21.167619395341294 ], [ 77.167378483543942, 21.162963216273589 ], [ 77.159535074966087, 21.145481658269169 ], [ 77.16619238018329, 21.144099752234112 ], [ 77.164893299596216, 21.135909964132484 ], [ 77.183202523442858, 21.134437965601631 ], [ 77.196253658757271, 21.138941579615782 ], [ 77.196148461422084, 21.120527478441847 ], [ 77.171726781230689, 21.118626144700581 ], [ 77.176562092701218, 21.072391085231892 ], [ 77.150078902459072, 21.072175280829669 ], [ 77.149567648990242, 21.03397307313892 ], [ 77.172842306720426, 21.023837141480119 ], [ 77.165820121117363, 20.998355044302041 ], [ 77.167675829886647, 20.988708372354822 ], [ 77.133548347742462, 20.988887992461521 ], [ 77.132927072377896, 20.976213918220253 ], [ 77.159850608176811, 20.971338912069189 ], [ 77.153658628512389, 20.962566207002968 ], [ 77.144503251892999, 20.921608213321679 ], [ 77.135352166819516, 20.918378538636677 ], [ 77.137455071884901, 20.880074455539226 ], [ 77.131604003010466, 20.879758792362864 ], [ 77.129547785203158, 20.863222548047307 ], [ 77.155337068934202, 20.859531593163929 ], [ 77.158745649226418, 20.870600922514569 ], [ 77.170402444684726, 20.859766681276287 ], [ 77.169202610056615, 20.854419009280075 ], [ 77.180131332654554, 20.850423468593554 ], [ 77.196095149390828, 20.854098400024938 ], [ 77.211530448357493, 20.848533606457735 ], [ 77.216101729419194, 20.857864883995333 ], [ 77.221714863668794, 20.858534417595024 ], [ 77.244817394626921, 20.852944745090049 ], [ 77.251832420479118, 20.85545266071944 ], [ 77.25803722766841, 20.84572716562495 ], [ 77.271089842017858, 20.853130945092921 ], [ 77.285851247615341, 20.846373856995911 ], [ 77.302782228068608, 20.849233807490702 ], [ 77.314482375748597, 20.857916358845305 ], [ 77.317987005685467, 20.851468862714132 ], [ 77.319567336323601, 20.855438089695049 ], [ 77.325928110795743, 20.853809852258671 ], [ 77.337433448161306, 20.843346774868884 ], [ 77.362834432879154, 20.847755560762973 ], [ 77.374738666784268, 20.842826160829933 ], [ 77.387316792907939, 20.845727851430819 ], [ 77.394293003271741, 20.8409094728196 ], [ 77.399507357337427, 20.846132430939129 ], [ 77.418036982431573, 20.842796584051452 ], [ 77.424932038541854, 20.847930688477334 ], [ 77.433688532355447, 20.84248960620069 ], [ 77.437514245722241, 20.853859083865775 ], [ 77.447802382562443, 20.852173323123921 ], [ 77.453429451480716, 20.860879800446703 ], [ 77.454938243337352, 20.858067869108144 ], [ 77.46063838988529, 20.867214448141898 ], [ 77.457603148088978, 20.871194749883838 ], [ 77.462723004462447, 20.871884017147146 ], [ 77.460722934976729, 20.875782307242673 ], [ 77.465089308033285, 20.879622674991364 ], [ 77.467803599474152, 20.87598007758681 ], [ 77.479676529767886, 20.878956777876894 ], [ 77.475555789500874, 20.860824792729272 ], [ 77.499498010371397, 20.860133378975355 ], [ 77.499132158662405, 20.85700027941111 ], [ 77.526877744426415, 20.850053680663578 ], [ 77.53290528444613, 20.85033498531751 ], [ 77.533072026517075, 20.854655466229165 ], [ 77.550660051396008, 20.854596639253685 ], [ 77.553498852319294, 20.824740432019375 ], [ 77.565281569393136, 20.818638204546005 ], [ 77.569157852698169, 20.808451441192293 ], [ 77.592560374434115, 20.810395689756351 ], [ 77.592645681503768, 20.804761512563374 ], [ 77.610194999438946, 20.799658842949146 ], [ 77.611318318670769, 20.778627546941415 ], [ 77.619414379138675, 20.779424754126676 ], [ 77.614234984335425, 20.759385467829045 ], [ 77.619804470013477, 20.756824542406331 ], [ 77.610469101698698, 20.717560337263706 ], [ 77.59822288738593, 20.718370133318359 ], [ 77.590771090729078, 20.726410890144997 ], [ 77.577885943350267, 20.726915675759916 ], [ 77.573044880200101, 20.70537242355018 ], [ 77.565278463083459, 20.707489451119365 ], [ 77.563434906343176, 20.701050737081964 ], [ 77.526567172697497, 20.701458950830215 ], [ 77.523512098591809, 20.697312052992153 ], [ 77.539561294849761, 20.696534870405372 ], [ 77.543243863959376, 20.678276249182485 ], [ 77.513853143269969, 20.681691519246794 ], [ 77.510842209701295, 20.664411698557004 ], [ 77.503990351700821, 20.664853823931047 ], [ 77.493075334599297, 20.682885401031655 ], [ 77.481012052412453, 20.682045032012855 ], [ 77.484682715407786, 20.657106191748323 ], [ 77.469157996077953, 20.65691450519034 ], [ 77.461361398755955, 20.665869892984382 ], [ 77.453821567403082, 20.664683172040565 ], [ 77.452615136184448, 20.656859270005395 ], [ 77.430886864750249, 20.662257705031937 ], [ 77.43842180341268, 20.653164622533101 ], [ 77.438563761860166, 20.642549807914932 ], [ 77.464772285184992, 20.628550108317 ], [ 77.467071296853362, 20.610911012798255 ], [ 77.43103403659255, 20.612295393653003 ], [ 77.410868334943871, 20.606919940498567 ], [ 77.414359780883828, 20.6020285382133 ], [ 77.40925933482913, 20.587073814100094 ], [ 77.399443846204306, 20.585316676971036 ], [ 77.395678508543, 20.579810105088995 ], [ 77.365670172708931, 20.58338308254708 ], [ 77.362083475638144, 20.567635573866792 ], [ 77.339442972850293, 20.575264474980656 ], [ 77.335379683212153, 20.548648976809233 ], [ 77.341223784919336, 20.547428601838064 ], [ 77.336337186362243, 20.525784021619895 ], [ 77.364409584456638, 20.518190231645004 ], [ 77.368327890765244, 20.52548825620201 ], [ 77.395666181004287, 20.525440524835716 ], [ 77.388981021990418, 20.501696689457642 ], [ 77.381633185995156, 20.48314580458171 ], [ 77.367928454081152, 20.48002513817152 ], [ 77.368052660667487, 20.496529873565702 ], [ 77.327476454390123, 20.49797421148854 ], [ 77.324826957057212, 20.487032121812664 ], [ 77.34412310466108, 20.480537981312157 ], [ 77.343426951405931, 20.471635924445799 ], [ 77.333209735328069, 20.472567908233511 ], [ 77.326310853980274, 20.464813492761021 ], [ 77.325476624862219, 20.450315996725298 ], [ 77.313834893244859, 20.452313783740717 ], [ 77.298034336224617, 20.445866947398233 ], [ 77.293790424328961, 20.420709299732422 ], [ 77.284560046183216, 20.41833254558049 ], [ 77.277707516479708, 20.42363412871698 ], [ 77.266302098839191, 20.458603592612583 ], [ 77.246814923687353, 20.459740519298546 ], [ 77.246789664191951, 20.472368462337606 ], [ 77.229571770573941, 20.473394591182466 ], [ 77.225171843728432, 20.447412128675978 ], [ 77.185550628260771, 20.44738454654221 ], [ 77.182862061722886, 20.431728906042757 ], [ 77.197244207514444, 20.422220024343851 ], [ 77.195094222902753, 20.409190732493659 ], [ 77.185066643527719, 20.398408513726945 ], [ 77.151519966845896, 20.39913853966609 ], [ 77.152096750380821, 20.39256422499772 ], [ 77.142056813276099, 20.380151952534046 ], [ 77.136483761942898, 20.391408847397287 ], [ 77.13191314378976, 20.39039591780146 ], [ 77.130396274944715, 20.398894865612625 ], [ 77.121111064463051, 20.402771533611634 ], [ 77.120211503262439, 20.411101114248535 ], [ 77.115892879000612, 20.407998534830195 ], [ 77.104935016120251, 20.410971721740157 ], [ 77.079611460210458, 20.423857964127983 ], [ 77.073136077923778, 20.40147587700757 ], [ 77.074503534670328, 20.393611304976286 ], [ 77.081152632624224, 20.388945289488067 ], [ 77.062457929367866, 20.381357342878268 ], [ 77.045334223051611, 20.386550674288475 ], [ 77.050945412948167, 20.407421771450391 ], [ 77.047105027350199, 20.419307153238339 ], [ 77.059658916728196, 20.439435112164141 ], [ 77.059024154582474, 20.445371801074447 ], [ 77.022314232816683, 20.449919120542141 ], [ 77.013677027621441, 20.431725246277743 ], [ 77.014481175394025, 20.412714950939122 ], [ 77.003506085478676, 20.414750180250802 ], [ 76.993579788293459, 20.409041384280883 ], [ 76.991011734274991, 20.404343904987254 ], [ 76.995305382685899, 20.393545656503417 ], [ 76.989349082178734, 20.39447857353267 ], [ 76.981124224952964, 20.387781112154091 ], [ 76.98103728378095, 20.380086017766189 ], [ 76.974464532135045, 20.380373019938535 ], [ 76.977985085700809, 20.37034845776969 ], [ 76.953309360881022, 20.363467470276653 ], [ 76.93617240456075, 20.370612066205634 ], [ 76.931992395748068, 20.357039217061313 ], [ 76.919468951245776, 20.359636133430094 ], [ 76.916708415813744, 20.351347841457144 ], [ 76.904777873115123, 20.344482547664704 ], [ 76.891548790862942, 20.317020966203959 ], [ 76.908833102408579, 20.313111428422779 ], [ 76.880811032144592, 20.294164689834602 ], [ 76.880208884370248, 20.279704715736631 ], [ 76.872837695828323, 20.275229475618474 ], [ 76.868696639085925, 20.2778622011657 ], [ 76.862062908930483, 20.296728143918596 ], [ 76.852183952773743, 20.300214911522062 ], [ 76.83775791086731, 20.296046612844403 ], [ 76.832313830872678, 20.282762951813041 ], [ 76.811669472605715, 20.277965226929439 ], [ 76.805933371489587, 20.288282289288727 ], [ 76.786048746746602, 20.289442146289197 ], [ 76.792345633096545, 20.314165287261901 ], [ 76.768012904574476, 20.321687109858946 ], [ 76.765593440795286, 20.316348993571481 ], [ 76.753699317920805, 20.326687302474948 ], [ 76.742642836192104, 20.328789878863954 ], [ 76.745146616187256, 20.337390938493456 ], [ 76.726949113279616, 20.337302172611277 ], [ 76.728379018771562, 20.342918639313435 ], [ 76.699944572872184, 20.351956705756297 ], [ 76.708762471196735, 20.384591638210352 ], [ 76.723371596435044, 20.38959250488627 ], [ 76.726531603161874, 20.407067625943835 ], [ 76.722827560424548, 20.415431378672555 ], [ 76.712742754776059, 20.418588175606917 ], [ 76.713848607990627, 20.438410806215991 ], [ 76.693072510773703, 20.459128739641482 ], [ 76.699649362893979, 20.471233366821039 ], [ 76.711377021309261, 20.473260138143573 ], [ 76.705747044567786, 20.487339020862532 ], [ 76.71567813118601, 20.515438245060128 ], [ 76.726018489805838, 20.516602089716116 ], [ 76.725783572015004, 20.51243586946153 ], [ 76.735430919023102, 20.51138337527917 ], [ 76.735262428220651, 20.493080615885034 ], [ 76.746694759896442, 20.495464228320053 ], [ 76.752404317277779, 20.511242589510076 ], [ 76.760199898632791, 20.510104061547636 ], [ 76.770439860811408, 20.517862662862903 ], [ 76.771968964420921, 20.545144884550986 ], [ 76.783136258789824, 20.572517866268278 ], [ 76.768760111671071, 20.575717549202587 ], [ 76.776740046130243, 20.587185514102075 ], [ 76.787808260861368, 20.587275703899607 ], [ 76.788879683628124, 20.595228159008901 ], [ 76.781777593141754, 20.603310807838344 ], [ 76.760652486214553, 20.602814805545549 ], [ 76.770588513369731, 20.626313833632523 ], [ 76.749944846646798, 20.63013892271325 ], [ 76.759119277751381, 20.651695909534531 ], [ 76.755895434917406, 20.656004095637563 ], [ 76.732314938916687, 20.655701848926061 ], [ 76.738831910228924, 20.666399420520037 ], [ 76.739379780242615, 20.687207711374981 ], [ 76.722831508308744, 20.689962399295808 ], [ 76.725720569612037, 20.700244733991305 ], [ 76.732740763021141, 20.696334391611867 ], [ 76.735830342399893, 20.716304377022595 ], [ 76.75122656291046, 20.715443259086147 ], [ 76.763372067943536, 20.720340706366272 ], [ 76.754013732658166, 20.738646492816201 ], [ 76.757824136405262, 20.752446494571306 ], [ 76.770946365916373, 20.764018338626776 ], [ 76.772940745003865, 20.776568337219018 ], [ 76.764703345832118, 20.793066068967271 ], [ 76.744496649944907, 20.796933535573373 ], [ 76.744464162422886, 20.802954505283591 ], [ 76.745384466253498, 20.823822831060063 ], [ 76.754196720333582, 20.824894806215472 ], [ 76.751018344244088, 20.835175332204685 ], [ 76.76439405172664, 20.85710004054387 ], [ 76.754521341545441, 20.864624301792631 ], [ 76.753410800749364, 20.873856955759742 ], [ 76.746225361549833, 20.871438422493682 ], [ 76.744584897516461, 20.887275927093839 ], [ 76.734047631981497, 20.889092213413818 ], [ 76.726708973705968, 20.883607859670928 ], [ 76.717825760801929, 20.891428308411097 ], [ 76.717879502451382, 20.898424772775893 ], [ 76.706976241482579, 20.902613424044016 ], [ 76.707392046113043, 20.90748767878819 ], [ 76.695748959243986, 20.906550314861995 ], [ 76.698659986535091, 20.912108356505751 ], [ 76.691117330696699, 20.917837617098925 ], [ 76.7119047436465, 20.920968679523128 ], [ 76.718916195822402, 20.91740242568568 ], [ 76.744483701518334, 20.928617970345606 ], [ 76.753616909122741, 20.921071518202414 ], [ 76.774442032857024, 20.92122067647119 ], [ 76.780531755752818, 20.913870148379729 ], [ 76.775257175680494, 20.908964344738685 ], [ 76.784135435560586, 20.908055912033419 ], [ 76.7902191973578, 20.915596328040188 ], [ 76.788115232522458, 20.927917629042323 ], [ 76.775796192401785, 20.931436776548004 ], [ 76.781952669921765, 20.940964220299293 ], [ 76.786605182700811, 20.940047969653733 ], [ 76.789130234465588, 20.962534594429858 ], [ 76.8091612886966, 20.956577989086551 ], [ 76.811350662585482, 20.960180190634752 ], [ 76.807753307569328, 20.966921205009157 ], [ 76.811899671796255, 20.968774428266649 ], [ 76.806172175463487, 20.97178445967084 ], [ 76.783945559648231, 20.972757710275339 ], [ 76.784153927438354, 20.98917868966133 ], [ 76.775851375055112, 20.990114947583823 ], [ 76.778500905982156, 21.000064710992433 ], [ 76.796184280296814, 21.004036506379141 ], [ 76.798499314085035, 21.018997812405726 ], [ 76.793902868940194, 21.027115470015833 ], [ 76.778103416875354, 21.028368167495707 ], [ 76.777233302281786, 21.024052670210271 ], [ 76.771906678425779, 21.024040226599798 ], [ 76.771366564135349, 21.036874340243319 ], [ 76.763570719368104, 21.037376399378864 ], [ 76.775059912449734, 21.046543320797493 ], [ 76.774987673455925, 21.052241515449797 ], [ 76.781339077079181, 21.051278209579898 ], [ 76.784963366785846, 21.071946388878644 ], [ 76.775676724058656, 21.074377875501458 ], [ 76.773286484473545, 21.084534179201448 ], [ 76.782940611354263, 21.09108293137432 ], [ 76.790682884610547, 21.120891823305215 ], [ 76.775694716877055, 21.140519655613645 ], [ 76.779195655948939, 21.149015353027977 ], [ 76.77177192010619, 21.149177346349791 ], [ 76.778132857640387, 21.164677448163925 ], [ 76.771630648113572, 21.176314811842833 ], [ 76.772911621229156, 21.184944728624277 ], [ 76.781716700804651, 21.188609481652993 ], [ 76.789904005491081, 21.182935521721149 ], [ 76.815810004890565, 21.18747655890629 ], [ 76.832966341545685, 21.185319371896597 ], [ 76.847764629418947, 21.192786128076065 ], [ 76.854380692003019, 21.18702926276945 ], [ 76.909551131345182, 21.20042905370088 ], [ 76.963893136786567, 21.195136774845295 ], [ 76.973609658286477, 21.19719219931903 ], [ 76.972058815675268, 21.200361140431927 ], [ 76.998213365008041, 21.195810359428965 ], [ 76.998197142727633, 21.202456243011483 ], [ 77.006110675940619, 21.207355463589067 ], [ 77.006126919240529, 21.229060170681631 ], [ 77.01364670071186, 21.237458483097409 ], [ 77.020412382803528, 21.236440110538329 ], [ 77.02446184137024, 21.245430694235804 ], [ 77.033116684090373, 21.248031325682515 ] ] ] } },
{ "type": "Feature", "properties": { "District": "AMARAVATI" }, "geometry": { "type": "Polygon", "coordinates": [ [ [ 77.482171755575934, 21.763845530930709 ], [ 77.477953916686658, 21.762830240797641 ], [ 77.479467238626853, 21.754146721970493 ], [ 77.490506526375697, 21.746984232746939 ], [ 77.502586186543112, 21.745928127680788 ], [ 77.511956505242111, 21.732201265021221 ], [ 77.525551470256545, 21.724314773863419 ], [ 77.524021278166629, 21.712617802214499 ], [ 77.542490124987538, 21.705583538119757 ], [ 77.550970774799737, 21.680781388584158 ], [ 77.561097582069479, 21.667301206785204 ], [ 77.564166062247068, 21.641884684206673 ], [ 77.575517007707717, 21.620639181050677 ], [ 77.577114792583899, 21.55517063220082 ], [ 77.595292276201832, 21.559431451644009 ], [ 77.608737914387447, 21.548186631124139 ], [ 77.611481636421445, 21.53882062608977 ], [ 77.596768352775442, 21.527112967080793 ], [ 77.575227626625548, 21.526458460686612 ], [ 77.521298013291684, 21.540970501264137 ], [ 77.505188811821654, 21.551672528650347 ], [ 77.473965349192355, 21.54952473397033 ], [ 77.454886193478174, 21.553842581057189 ], [ 77.456321629697314, 21.546232422418985 ], [ 77.450091008762058, 21.541676696910002 ], [ 77.440048566456042, 21.544781667219709 ], [ 77.425557417014815, 21.53774036646919 ], [ 77.422305775448066, 21.517479916922095 ], [ 77.443321613403697, 21.487252446156614 ], [ 77.438740627510242, 21.478649379404843 ], [ 77.442187259721891, 21.469910790654872 ], [ 77.45981847026593, 21.466618211131856 ], [ 77.473598057089433, 21.454446539369073 ], [ 77.471653327084766, 21.43612544192958 ], [ 77.487509400259412, 21.40621787286284 ], [ 77.488057520343446, 21.374358709598596 ], [ 77.514523768363972, 21.375939625856642 ], [ 77.523288878504715, 21.388935359621467 ], [ 77.531719211218231, 21.419146051065077 ], [ 77.548294814444901, 21.411308955782541 ], [ 77.547655467042532, 21.405321061792858 ], [ 77.561461274651862, 21.396456588000913 ], [ 77.562519833358579, 21.390407796755945 ], [ 77.556775828994489, 21.383637573288087 ], [ 77.563496470155812, 21.369309551128179 ], [ 77.573426113957836, 21.370925576057154 ], [ 77.587111107470577, 21.362839557353212 ], [ 77.607848206022226, 21.364937327556937 ], [ 77.604965581718631, 21.390734555862679 ], [ 77.643259675693088, 21.386915525709938 ], [ 77.653127091524453, 21.391456506060148 ], [ 77.65592467448181, 21.386138546983346 ], [ 77.666483557218825, 21.38404823566167 ], [ 77.66438061345761, 21.374507901214837 ], [ 77.669908475440167, 21.368923474459066 ], [ 77.691991489272752, 21.39756499682753 ], [ 77.697076104948877, 21.392714552044996 ], [ 77.697407054381998, 21.374300916886924 ], [ 77.707392860012092, 21.375047486649276 ], [ 77.709988546217488, 21.357447151102249 ], [ 77.737107645367004, 21.362202347740073 ], [ 77.750041171767606, 21.382827459647345 ], [ 77.76122303528264, 21.385173532706517 ], [ 77.763882556048614, 21.381400095258059 ], [ 77.79676753444646, 21.389010645990556 ], [ 77.801154854070219, 21.409595063619587 ], [ 77.822619261519421, 21.407331502321 ], [ 77.856796244790232, 21.388516756510423 ], [ 77.883846054182683, 21.384171373242246 ], [ 77.883274018095435, 21.376038326919968 ], [ 77.941188809357527, 21.385771621208555 ], [ 77.942593770914698, 21.396608645370225 ], [ 77.984730785650711, 21.40319210385562 ], [ 78.001274042592641, 21.414691203086623 ], [ 78.030088898856008, 21.422139044768077 ], [ 78.046021534851221, 21.433980010463994 ], [ 78.066055456489536, 21.437966749131327 ], [ 78.176214174493055, 21.499754949796394 ], [ 78.174474217451333, 21.507979814491321 ], [ 78.182630428359275, 21.511747600337547 ], [ 78.171250652215022, 21.525584616019405 ], [ 78.17550225190476, 21.528101290194513 ], [ 78.174206258728972, 21.547256368427302 ], [ 78.181886711683134, 21.55734307860363 ], [ 78.223278971469099, 21.553157254261759 ], [ 78.239576834975466, 21.563069052549704 ], [ 78.273855859689249, 21.56925483537615 ], [ 78.260296313028491, 21.579658556262867 ], [ 78.266475377760599, 21.591732576533314 ], [ 78.275224779126319, 21.591816356925403 ], [ 78.281146237971782, 21.585239535669533 ], [ 78.302971568337185, 21.583741891255986 ], [ 78.307050456664143, 21.569573430115568 ], [ 78.326605485373577, 21.575004007580045 ], [ 78.342749804034284, 21.589055500198892 ], [ 78.355419664558156, 21.573321671613432 ], [ 78.363061667161162, 21.57520380970357 ], [ 78.377801251822376, 21.583729662225778 ], [ 78.381615445972898, 21.592037515467009 ], [ 78.372637325898452, 21.613445065950675 ], [ 78.390646042647958, 21.614585773957149 ], [ 78.394629170755664, 21.607789212824059 ], [ 78.40691903637186, 21.608785305032374 ], [ 78.42711509892267, 21.599337833264649 ], [ 78.418680605196045, 21.570900110922267 ], [ 78.425535457022207, 21.569638273142168 ], [ 78.424238045749718, 21.544436262245526 ], [ 78.434259471668355, 21.534931800535588 ], [ 78.430018469785807, 21.526226845979764 ], [ 78.438460690584463, 21.517847055661488 ], [ 78.432089242716287, 21.514643235056674 ], [ 78.436354244055707, 21.499826169352719 ], [ 78.430269389037733, 21.497202543413984 ], [ 78.433115675022762, 21.49116815961338 ], [ 78.428216895955956, 21.475841705199961 ], [ 78.438469045120002, 21.47100022824641 ], [ 78.442839581347855, 21.446537982453151 ], [ 78.438523694388294, 21.439795812525492 ], [ 78.44367197480301, 21.416194196456395 ], [ 78.449194972757269, 21.410641191768853 ], [ 78.447590167339129, 21.402832909121638 ], [ 78.420784173084613, 21.399436805210527 ], [ 78.415918490905469, 21.393638952759009 ], [ 78.420456500725081, 21.394227773309204 ], [ 78.419559165035892, 21.391012944360511 ], [ 78.406802805037316, 21.387669907272365 ], [ 78.406913758869919, 21.381704591455385 ], [ 78.389139968494192, 21.391387646581698 ], [ 78.380199639761585, 21.387639416729087 ], [ 78.371311217386449, 21.395698404863236 ], [ 78.363420616290639, 21.392219145326699 ], [ 78.362380061758614, 21.382650445915736 ], [ 78.347115282635897, 21.379928521185633 ], [ 78.344675752129305, 21.385298659949974 ], [ 78.338511190197721, 21.37488887838062 ], [ 78.316702054990628, 21.366778309002711 ], [ 78.307102300178968, 21.357334599984121 ], [ 78.286699055454903, 21.350412344453574 ], [ 78.272245022475829, 21.351652384181822 ], [ 78.269132573466962, 21.34588244998897 ], [ 78.251130436187765, 21.338750634435144 ], [ 78.248644811636083, 21.330625014629053 ], [ 78.233130790646101, 21.327379829818888 ], [ 78.211385002789896, 21.333817340316255 ], [ 78.155833463100791, 21.331619962928446 ], [ 78.148507322116998, 21.343151143637414 ], [ 78.123606320253216, 21.347008329791684 ], [ 78.103084639996027, 21.356500535976323 ], [ 78.08035346705249, 21.357664756565772 ], [ 78.073560174524971, 21.351704559615087 ], [ 78.079351791373767, 21.327312659000203 ], [ 78.068719553546146, 21.300822853335273 ], [ 78.079586103975359, 21.289389575439436 ], [ 78.08046364574912, 21.281585685827491 ], [ 78.076019190334065, 21.276461237414885 ], [ 78.061577201970124, 21.27745025920785 ], [ 78.052240812603543, 21.257236505360481 ], [ 78.058151644248653, 21.239573692058265 ], [ 78.071820887024046, 21.236370669275722 ], [ 78.070822041990169, 21.22132049061209 ], [ 78.096777265154699, 21.198871599130388 ], [ 78.098590416221825, 21.18878670536953 ], [ 78.091563639175874, 21.179514130778319 ], [ 78.143500917677045, 21.139876464667605 ], [ 78.12834453793198, 21.114446661431899 ], [ 78.132386805027423, 21.105016922460788 ], [ 78.144684835505558, 21.103261256526451 ], [ 78.150489986169077, 21.0755574036504 ], [ 78.146570972876304, 21.057791769853651 ], [ 78.149719739661109, 21.048077170551732 ], [ 78.145091115034134, 21.040714108804757 ], [ 78.13620352342771, 21.038179795541751 ], [ 78.144711912514765, 21.023477610717364 ], [ 78.134947889858438, 21.010263717137097 ], [ 78.13561137872604, 21.001207019594439 ], [ 78.148259812838589, 20.984746403389625 ], [ 78.148664658755848, 20.966276244422581 ], [ 78.143006844160325, 20.952641072948019 ], [ 78.1682373258474, 20.941874710072931 ], [ 78.1698044070679, 20.92971459274775 ], [ 78.176417962931055, 20.92283210322903 ], [ 78.173987184239309, 20.915240261668238 ], [ 78.181471295892237, 20.904587124798596 ], [ 78.208493032749672, 20.900117887298151 ], [ 78.213200827615736, 20.908598305305627 ], [ 78.223193182721602, 20.899668166835312 ], [ 78.257092482531775, 20.887068337792495 ], [ 78.262692249155691, 20.87149770475245 ], [ 78.275523346242451, 20.861286960406314 ], [ 78.279373561085549, 20.843395922412533 ], [ 78.292755776001655, 20.840355964383864 ], [ 78.292380190784087, 20.827916661268159 ], [ 78.305801142870948, 20.834643093268323 ], [ 78.312695969214374, 20.832801862825395 ], [ 78.316762695537633, 20.818207604229293 ], [ 78.309361415918616, 20.812342512999486 ], [ 78.297734943210031, 20.811658448100484 ], [ 78.293495943224926, 20.799975310221409 ], [ 78.292365390243916, 20.776905848409111 ], [ 78.305960221377916, 20.76445843489762 ], [ 78.308551015421457, 20.75589030896154 ], [ 78.304823280285149, 20.74530642831753 ], [ 78.31168755196029, 20.738024076109173 ], [ 78.299729894178782, 20.71510412151353 ], [ 78.29739912973551, 20.699348825526773 ], [ 78.291421610642118, 20.702424535945926 ], [ 78.292957829648543, 20.709870536241603 ], [ 78.276938913181951, 20.69622151614762 ], [ 78.258895662027257, 20.697990896387182 ], [ 78.255217006628286, 20.683598558973269 ], [ 78.240686612439305, 20.684327921609309 ], [ 78.228239162847402, 20.692892584476308 ], [ 78.211673337734297, 20.692322308989016 ], [ 78.205901085564506, 20.674460926436574 ], [ 78.182208136845233, 20.677999336038393 ], [ 78.179270868207851, 20.66780297029198 ], [ 78.157746134444324, 20.667218708017913 ], [ 78.156898161923721, 20.656768404165181 ], [ 78.127183189229072, 20.663092512573357 ], [ 78.124462604307709, 20.659444387592835 ], [ 78.132141000104355, 20.653836278824961 ], [ 78.129388642062807, 20.647449403582065 ], [ 78.112422174708215, 20.647814844836692 ], [ 78.110674961270462, 20.640204670925531 ], [ 78.09330664311193, 20.641504073298876 ], [ 78.099524537145371, 20.666335878430871 ], [ 78.088667754894814, 20.672050734779987 ], [ 78.083807333935738, 20.672095734684 ], [ 78.078709637945678, 20.664056551285434 ], [ 78.065525195552482, 20.672964001074885 ], [ 78.036582140533497, 20.66590050470025 ], [ 78.036644120478812, 20.659342280075094 ], [ 78.027430776591814, 20.658377280437328 ], [ 78.019077566758639, 20.640970848979634 ], [ 78.026435127943572, 20.633243257213991 ], [ 78.018984020283213, 20.63039996362091 ], [ 78.021112397867896, 20.626755528129721 ], [ 77.99543143606553, 20.624605264162838 ], [ 77.990011675991596, 20.613085255464181 ], [ 77.977767403296411, 20.605289971985322 ], [ 77.974496353843222, 20.589064716833473 ], [ 77.950174390155865, 20.574931209242674 ], [ 77.950682184367977, 20.579675006617862 ], [ 77.946622675811028, 20.57782431495238 ], [ 77.944963031118888, 20.581545686025144 ], [ 77.933153042122541, 20.577691829838624 ], [ 77.924701839531465, 20.559134770615294 ], [ 77.925023020868025, 20.566685645651933 ], [ 77.914010406032148, 20.564468049199323 ], [ 77.911589128390645, 20.567355296894387 ], [ 77.918474458158826, 20.587040809746536 ], [ 77.913825084560614, 20.590888160804578 ], [ 77.917539580391733, 20.607499957613285 ], [ 77.894802862952034, 20.625828963102947 ], [ 77.885957842460272, 20.624966250827818 ], [ 77.877946297165479, 20.610121661185421 ], [ 77.867644456805323, 20.611558034094035 ], [ 77.867428960954911, 20.595465874677078 ], [ 77.846202025957894, 20.588009755398886 ], [ 77.847775755135544, 20.570662696997537 ], [ 77.839602423210408, 20.564935845664838 ], [ 77.810718074533469, 20.584751163976904 ], [ 77.804793915434615, 20.564431778973852 ], [ 77.791386273800555, 20.560500265681274 ], [ 77.780098688937244, 20.538125666805431 ], [ 77.751189201677946, 20.545294177974892 ], [ 77.741235653068216, 20.561325913589013 ], [ 77.731023992720353, 20.55959247340321 ], [ 77.694123967304108, 20.5688887360999 ], [ 77.691003010170974, 20.577581603023756 ], [ 77.666173575923182, 20.57972737269812 ], [ 77.659208976538636, 20.563944577414393 ], [ 77.629042605280574, 20.566220269471494 ], [ 77.647090952065739, 20.604660000621902 ], [ 77.648085900464807, 20.621968141826912 ], [ 77.658639945249959, 20.636466986775279 ], [ 77.659715813775477, 20.646191845947762 ], [ 77.648276796934169, 20.648690850148196 ], [ 77.653991739500782, 20.661870882414284 ], [ 77.634665802780574, 20.658228969436767 ], [ 77.636197278967884, 20.670046527595652 ], [ 77.63210821875424, 20.671495225716409 ], [ 77.637933561450367, 20.694382063825486 ], [ 77.631391500026439, 20.701454942606709 ], [ 77.63512777174688, 20.711370944623567 ], [ 77.610517976382724, 20.717815137010593 ], [ 77.6121290494969, 20.730749687262225 ], [ 77.623404935298169, 20.730046351711728 ], [ 77.625561922881616, 20.737257937014107 ], [ 77.631466863475453, 20.738071192913882 ], [ 77.633909601980108, 20.755715309251055 ], [ 77.614234984335425, 20.759385467829045 ], [ 77.619414379138675, 20.779424754126676 ], [ 77.611318318670769, 20.778627546941415 ], [ 77.610194999438946, 20.799658842949146 ], [ 77.592645681503768, 20.804761512563374 ], [ 77.592560374434115, 20.810395689756351 ], [ 77.569157852698169, 20.808451441192293 ], [ 77.565281569393136, 20.818638204546005 ], [ 77.553498852319294, 20.824740432019375 ], [ 77.550660051396008, 20.854596639253685 ], [ 77.533072026517075, 20.854655466229165 ], [ 77.53290528444613, 20.85033498531751 ], [ 77.526877744426415, 20.850053680663578 ], [ 77.499132158662405, 20.85700027941111 ], [ 77.499498010371397, 20.860133378975355 ], [ 77.476084866183385, 20.860626822797126 ], [ 77.479676529767886, 20.878956777876894 ], [ 77.467803599474152, 20.87598007758681 ], [ 77.46578279895526, 20.880004944376854 ], [ 77.460722934976729, 20.875782307242673 ], [ 77.462723004462447, 20.871884017147146 ], [ 77.457603148088978, 20.871194749883838 ], [ 77.46063838988529, 20.867214448141898 ], [ 77.454938243337352, 20.858067869108144 ], [ 77.453429451480716, 20.860879800446703 ], [ 77.447802382562443, 20.852173323123921 ], [ 77.437514245722241, 20.853859083865775 ], [ 77.433688532355447, 20.84248960620069 ], [ 77.424932038541854, 20.847930688477334 ], [ 77.418036982431573, 20.842796584051452 ], [ 77.399507357337427, 20.846132430939129 ], [ 77.394293003271741, 20.8409094728196 ], [ 77.387316792907939, 20.845727851430819 ], [ 77.374738666784268, 20.842826160829933 ], [ 77.362834432879154, 20.847755560762973 ], [ 77.337433448161306, 20.843346774868884 ], [ 77.325928110795743, 20.853809852258671 ], [ 77.319567336323601, 20.855438089695049 ], [ 77.317987005685467, 20.851468862714132 ], [ 77.314482375748597, 20.857916358845305 ], [ 77.302782228068608, 20.849233807490702 ], [ 77.285851247615341, 20.846373856995911 ], [ 77.271089842017858, 20.853130945092921 ], [ 77.25803722766841, 20.84572716562495 ], [ 77.251832420479118, 20.85545266071944 ], [ 77.244817394626921, 20.852944745090049 ], [ 77.221714863668794, 20.858534417595024 ], [ 77.216101729419194, 20.857864883995333 ], [ 77.211530448357493, 20.848533606457735 ], [ 77.196095149390828, 20.854098400024938 ], [ 77.180131332654554, 20.850423468593554 ], [ 77.169202610056615, 20.854419009280075 ], [ 77.170402444684726, 20.859766681276287 ], [ 77.158745649226418, 20.870600922514569 ], [ 77.155337068934202, 20.859531593163929 ], [ 77.129547785203158, 20.863222548047307 ], [ 77.131604003010466, 20.879758792362864 ], [ 77.137455071884901, 20.880074455539226 ], [ 77.135352166819516, 20.918378538636677 ], [ 77.144503251892999, 20.921608213321679 ], [ 77.153658628512389, 20.962566207002968 ], [ 77.159850608176811, 20.971338912069189 ], [ 77.132927072377896, 20.976213918220253 ], [ 77.133548347742462, 20.988887992461521 ], [ 77.167675829886647, 20.988708372354822 ], [ 77.165820121117363, 20.998355044302041 ], [ 77.172842306720426, 21.023837141480119 ], [ 77.149567648990242, 21.03397307313892 ], [ 77.150078902459072, 21.072175280829669 ], [ 77.176562092701218, 21.072391085231892 ], [ 77.171726781230689, 21.118626144700581 ], [ 77.196148461422084, 21.120527478441847 ], [ 77.196253658757271, 21.138941579615782 ], [ 77.183202523442858, 21.134437965601631 ], [ 77.164893299596216, 21.135909964132484 ], [ 77.16619238018329, 21.144099752234112 ], [ 77.159535074966087, 21.145481658269169 ], [ 77.167378483543942, 21.162963216273589 ], [ 77.160992519561717, 21.167619395341294 ], [ 77.166207215412328, 21.184426411123319 ], [ 77.172862229321765, 21.19136608443268 ], [ 77.179680784876453, 21.19102603874407 ], [ 77.183645083255655, 21.201335849455351 ], [ 77.181958765681557, 21.207639029527375 ], [ 77.175813693972145, 21.20820663701608 ], [ 77.177820596755282, 21.219317608356715 ], [ 77.174112632730058, 21.223466901813701 ], [ 77.190648081063898, 21.228671839353854 ], [ 77.192486248565245, 21.241359343756599 ], [ 77.164773097031485, 21.243223884668126 ], [ 77.162756907941329, 21.234781804776368 ], [ 77.153368581461649, 21.234503133479457 ], [ 77.148704997669554, 21.227547949067564 ], [ 77.130308501101808, 21.220382247495046 ], [ 77.119069879507848, 21.22449008236033 ], [ 77.117886815779315, 21.219709898657165 ], [ 77.109095813767652, 21.218867193522939 ], [ 77.093132909431333, 21.226330491994187 ], [ 77.080652866325153, 21.216443200348561 ], [ 77.075166053767461, 21.221382624874202 ], [ 77.066603871980291, 21.220158792021692 ], [ 77.045662719443342, 21.243240081425501 ], [ 77.033116684090373, 21.248031325682515 ], [ 77.006126919240529, 21.229060170681631 ], [ 77.006110675940619, 21.207355463589067 ], [ 76.998197142727633, 21.202456243011483 ], [ 76.998493051032625, 21.195884014470916 ], [ 76.972058815675268, 21.200361140431927 ], [ 76.973609658286477, 21.19719219931903 ], [ 76.963893136786567, 21.195136774845295 ], [ 76.909551131345182, 21.20042905370088 ], [ 76.854380692003019, 21.18702926276945 ], [ 76.847764629418947, 21.192786128076065 ], [ 76.833911843766217, 21.185443115182991 ], [ 76.815810004890565, 21.18747655890629 ], [ 76.789904005491081, 21.182935521721149 ], [ 76.781716700804651, 21.188609481652993 ], [ 76.781947367883504, 21.194384267285511 ], [ 76.767465131132255, 21.191422873707463 ], [ 76.760743567723708, 21.220343023243235 ], [ 76.752421159955603, 21.218313065319837 ], [ 76.745957644325287, 21.223226883439398 ], [ 76.740939830521782, 21.24151287652991 ], [ 76.748531902320934, 21.250814833664169 ], [ 76.736788080319656, 21.26087970593775 ], [ 76.723659394055005, 21.289233301367265 ], [ 76.711961095765616, 21.284466975104849 ], [ 76.68572442712312, 21.288702445212312 ], [ 76.66267922948758, 21.280693911537885 ], [ 76.621747301994617, 21.332291360396855 ], [ 76.682823110949769, 21.378406304078823 ], [ 76.739508770947253, 21.410557201578786 ], [ 76.738386493852673, 21.429686977111334 ], [ 76.744428064781388, 21.43986527240013 ], [ 76.784019947831197, 21.462373530841209 ], [ 76.795609161825325, 21.489582823184207 ], [ 76.787759939643436, 21.501141285442657 ], [ 76.772897442965132, 21.505715179685858 ], [ 76.763443681714605, 21.520767421896402 ], [ 76.789326473189178, 21.536378532569803 ], [ 76.781743792670156, 21.551575248328881 ], [ 76.781412485186934, 21.564720931673602 ], [ 76.795762846725168, 21.59422303456784 ], [ 76.832905863961429, 21.5889542689027 ], [ 76.83940498471182, 21.593313833906254 ], [ 76.844711141305922, 21.607499054898017 ], [ 76.854486581090569, 21.613315026139535 ], [ 76.901617013654956, 21.596843937349355 ], [ 76.912887608335311, 21.611763158178999 ], [ 76.95323290838175, 21.642134290784107 ], [ 76.972372329487683, 21.651345733485769 ], [ 77.006564294209582, 21.679139854375677 ], [ 77.062464991769119, 21.707176186982068 ], [ 77.073218676991161, 21.719454034819975 ], [ 77.086538446495908, 21.714422938952659 ], [ 77.129573489360766, 21.722242861700558 ], [ 77.147715201278501, 21.712523029116678 ], [ 77.165122765178751, 21.710737823897986 ], [ 77.169601716545614, 21.722246299914875 ], [ 77.176033745272775, 21.725754714424031 ], [ 77.191452568273618, 21.720751621331523 ], [ 77.18813178830041, 21.701710845855096 ], [ 77.210424377891641, 21.689645142642259 ], [ 77.212876636840235, 21.695006214439953 ], [ 77.227749174938694, 21.699528286746002 ], [ 77.226910863636775, 21.71679261795791 ], [ 77.261882432904429, 21.712292868778682 ], [ 77.271876368908167, 21.728142985457676 ], [ 77.287216982814286, 21.721921799725131 ], [ 77.29113649353441, 21.732848628786289 ], [ 77.284217961044718, 21.73690355775209 ], [ 77.28741605899863, 21.744136240840163 ], [ 77.279947224294148, 21.749554767192222 ], [ 77.280467205249664, 21.758579609190971 ], [ 77.290298760128664, 21.760352316636951 ], [ 77.324425519822569, 21.752742886055284 ], [ 77.345684115279141, 21.757778455932449 ], [ 77.40174866744951, 21.752330604761333 ], [ 77.456293037733261, 21.760213622274197 ], [ 77.478706028671525, 21.770015526065748 ], [ 77.482171755575934, 21.763845530930709 ] ] ] } },
{ "type": "Feature", "properties": { "District": "CHHATRAPATI SAMBHAJINAGAR" }, "geometry": { "type": "MultiPolygon", "coordinates": [ [ [ [ 74.728537318945556, 20.087797484385717 ], [ 74.731247162658022, 20.085269946315634 ], [ 74.728546179788452, 20.085508769140951 ], [ 74.728537318945556, 20.087797484385717 ] ] ], [ [ [ 76.006254600488134, 20.644869277470509 ], [ 76.021809549441713, 20.645545640125729 ], [ 76.024212274954223, 20.639122638630756 ], [ 76.032124221287361, 20.636700738543606 ], [ 76.030428884978804, 20.623364090564692 ], [ 76.040097807196545, 20.60628086249638 ], [ 76.036671070510366, 20.58753588946135 ], [ 76.042854290267201, 20.579110420499635 ], [ 76.036485836024056, 20.571819584717179 ], [ 76.036291028413942, 20.554748915396971 ], [ 76.015805292599055, 20.550924972208328 ], [ 76.018070203998633, 20.530224573555486 ], [ 76.009838540888211, 20.533061534713742 ], [ 76.008673001941148, 20.538777643598621 ], [ 76.000464254922619, 20.529507314346134 ], [ 75.992228487986893, 20.535680346086128 ], [ 75.990878120109727, 20.531103056360848 ], [ 75.978073180612625, 20.529790835359357 ], [ 75.9709834890769, 20.532765494298321 ], [ 75.971470001576677, 20.53805058578995 ], [ 75.955747632606816, 20.53009102000696 ], [ 75.940576385984485, 20.535540481275302 ], [ 75.939877822012036, 20.54202409997886 ], [ 75.930304018000655, 20.549158065144461 ], [ 75.93068874805293, 20.584452022293206 ], [ 75.935847254967058, 20.587664156191821 ], [ 75.949643976820212, 20.580699175892811 ], [ 75.945821399517314, 20.573281080907975 ], [ 75.948950948198828, 20.568978917631441 ], [ 75.963918623244979, 20.569591726317693 ], [ 75.963623723162243, 20.580629680854049 ], [ 75.972822750756862, 20.580414975320203 ], [ 75.97462800201167, 20.586614284583465 ], [ 75.971065327950129, 20.59840732166122 ], [ 75.966703132441481, 20.596804325172698 ], [ 75.958435371392, 20.605261955132818 ], [ 75.953286491536261, 20.600705502345072 ], [ 75.954771273064665, 20.620584338453494 ], [ 75.987595947372753, 20.616079798108828 ], [ 76.006540973924388, 20.631518694030177 ], [ 76.006254600488134, 20.644869277470509 ] ] ], [ [ [ 75.667026599144975, 20.668314498916402 ], [ 75.703583404443378, 20.658828057467673 ], [ 75.695345561314539, 20.623088625913354 ], [ 75.699412239241127, 20.614009806604603 ], [ 75.71292187639979, 20.613542825889901 ], [ 75.722633757344823, 20.620661303765988 ], [ 75.730843130715897, 20.606806988860153 ], [ 75.754243159725803, 20.613407471345667 ], [ 75.758735633065811, 20.61050050119059 ], [ 75.75697802610388, 20.573832518658421 ], [ 75.773305167446537, 20.574822149176732 ], [ 75.781367222279883, 20.582864589891063 ], [ 75.792064608821761, 20.581462510855914 ], [ 75.786117294893714, 20.56188843594699 ], [ 75.798291769896878, 20.561733494047914 ], [ 75.804177762744231, 20.567330759882257 ], [ 75.831248037700817, 20.555591817646818 ], [ 75.843985133277897, 20.562574195019305 ], [ 75.847269163135863, 20.566323662294497 ], [ 75.828142473141213, 20.571202408845995 ], [ 75.832639815939942, 20.574093248647088 ], [ 75.832541281734891, 20.591964049294155 ], [ 75.84260154633084, 20.592753590309194 ], [ 75.838428421009823, 20.596011696681842 ], [ 75.836782502039824, 20.614249737022543 ], [ 75.853539709288498, 20.61272907313176 ], [ 75.854642755519521, 20.621746647388232 ], [ 75.867502075280257, 20.619535827731411 ], [ 75.868727388180034, 20.597828696944841 ], [ 75.886769676214996, 20.592294662223743 ], [ 75.887448331030569, 20.572790736925054 ], [ 75.876573863862987, 20.552543828727167 ], [ 75.86035822724385, 20.559834639487782 ], [ 75.884008497421434, 20.528320258065357 ], [ 75.879465312692119, 20.522801479013218 ], [ 75.871755937757726, 20.528070328256199 ], [ 75.860592177503875, 20.523799438060031 ], [ 75.85896899441498, 20.503480112915074 ], [ 75.849904723152051, 20.500900578297216 ], [ 75.847456615565889, 20.488283219952358 ], [ 75.849203542807956, 20.483056981007422 ], [ 75.858810250017697, 20.481405646919004 ], [ 75.861592606385429, 20.465412483189205 ], [ 75.870898330953779, 20.46127767042988 ], [ 75.869486735637324, 20.455059865504648 ], [ 75.894055670222798, 20.445379474508535 ], [ 75.881819807309697, 20.44494393527749 ], [ 75.877598435226119, 20.437408314772405 ], [ 75.862661392269928, 20.439898083005733 ], [ 75.864396087470098, 20.447321642518812 ], [ 75.855122728121472, 20.460218019702314 ], [ 75.840972087631826, 20.457572793672487 ], [ 75.826795777547119, 20.471042465948493 ], [ 75.819696239307234, 20.472088768928664 ], [ 75.8111939650247, 20.463240372212315 ], [ 75.796767602281491, 20.461253362218908 ], [ 75.794566844555447, 20.450235232006893 ], [ 75.778941537462174, 20.45501430636179 ], [ 75.76397613224276, 20.45198430504772 ], [ 75.755759062228677, 20.42306389970236 ], [ 75.737486447530486, 20.419300183936155 ], [ 75.73262617996906, 20.407131364373441 ], [ 75.749177071392481, 20.402227820395133 ], [ 75.745600982319885, 20.370581423407931 ], [ 75.75737764616656, 20.368427435531235 ], [ 75.770545406358821, 20.336385518786511 ], [ 75.764148522493969, 20.336223637270969 ], [ 75.760958567109711, 20.328243442126279 ], [ 75.754529707459156, 20.32578971414199 ], [ 75.743216815795449, 20.326202092987785 ], [ 75.742456852160984, 20.334927115224836 ], [ 75.733633477313163, 20.33345490224831 ], [ 75.729823958776777, 20.327333346887926 ], [ 75.716430945539017, 20.330408669036764 ], [ 75.707766339437796, 20.312825185178987 ], [ 75.681779668567529, 20.306327797828647 ], [ 75.695097753468843, 20.282335617212652 ], [ 75.690026358044278, 20.26513836407436 ], [ 75.679988066201048, 20.258518126851722 ], [ 75.674204826186838, 20.23324752798559 ], [ 75.680232672210067, 20.228763238340992 ], [ 75.678665048158351, 20.19079104122153 ], [ 75.673600257802818, 20.183753933758393 ], [ 75.646006356200118, 20.188137368703739 ], [ 75.632401304186445, 20.11916657225742 ], [ 75.624158020280575, 20.10027457071007 ], [ 75.586358741185165, 20.097898793913334 ], [ 75.588670499217301, 20.063581552049346 ], [ 75.598367447227162, 20.061830078551978 ], [ 75.604324400273782, 20.053376623108182 ], [ 75.588415551210957, 20.023931718836074 ], [ 75.592446854162532, 20.006382604737848 ], [ 75.598085876090948, 20.005260032786385 ], [ 75.599567479511407, 19.999510082206616 ], [ 75.622500918265771, 19.999927445347829 ], [ 75.633429887525452, 20.011597284814748 ], [ 75.644474420778096, 20.00697880649172 ], [ 75.643927135382228, 19.975554517370945 ], [ 75.655763504903987, 19.965838351684699 ], [ 75.651103919285219, 19.949726839454499 ], [ 75.657466783477517, 19.945376975788513 ], [ 75.661937479980566, 19.949471940162297 ], [ 75.669205781931652, 19.94402332068076 ], [ 75.680597599797721, 19.924524919815997 ], [ 75.677535467037373, 19.916544212275539 ], [ 75.656779779082811, 19.91250958392898 ], [ 75.644892668626269, 19.842101187967785 ], [ 75.655909484569477, 19.840949629482491 ], [ 75.658498677492688, 19.822518465077557 ], [ 75.653584559598997, 19.813358656762738 ], [ 75.63360241897044, 19.811683535016215 ], [ 75.64125126584517, 19.79299478386822 ], [ 75.644946582470638, 19.793135181482555 ], [ 75.644422922116618, 19.780056538721659 ], [ 75.634014144431447, 19.778117723280928 ], [ 75.636097233867204, 19.772369161738318 ], [ 75.623586983388563, 19.772000017743075 ], [ 75.62523821379439, 19.736372986948538 ], [ 75.631956667332318, 19.734864804433101 ], [ 75.629630824916674, 19.707753814608566 ], [ 75.625194781988057, 19.704238652336322 ], [ 75.631397457056124, 19.676268637273843 ], [ 75.629238192847879, 19.66032199390192 ], [ 75.625407897161381, 19.655936106554812 ], [ 75.605132667495909, 19.657832894918478 ], [ 75.603864497145821, 19.6434902921443 ], [ 75.585145811565752, 19.638300910228441 ], [ 75.597985716163635, 19.600116548826747 ], [ 75.649208885441851, 19.595435790128587 ], [ 75.65288807556135, 19.585914001902466 ], [ 75.650196705128096, 19.578165451249646 ], [ 75.656041996966024, 19.568150642982516 ], [ 75.646563452572465, 19.538866862822189 ], [ 75.642738739186456, 19.538859197391069 ], [ 75.641560538204686, 19.49621945377541 ], [ 75.631541303302086, 19.464636063022255 ], [ 75.626463567970291, 19.460594395763511 ], [ 75.61390049626462, 19.467648585913146 ], [ 75.60860501392844, 19.452273556431123 ], [ 75.604675040649155, 19.452175455932409 ], [ 75.603273669103999, 19.427541026597613 ], [ 75.612759030604295, 19.425146907680226 ], [ 75.606128194315488, 19.383538346589667 ], [ 75.595218993311633, 19.385744489883749 ], [ 75.586706118118428, 19.377624742965722 ], [ 75.547687666523274, 19.38809424842 ], [ 75.519498462448837, 19.402389225923255 ], [ 75.517682319529996, 19.415647964741868 ], [ 75.505989670652838, 19.426462610386181 ], [ 75.507019777191047, 19.431887035487815 ], [ 75.496496507454424, 19.433151515733929 ], [ 75.485898215280102, 19.442394969563303 ], [ 75.479214019311797, 19.43850471103557 ], [ 75.466371124415431, 19.414349476786619 ], [ 75.442624520874858, 19.414042102749768 ], [ 75.441137069571795, 19.427015735328055 ], [ 75.424974741606761, 19.415759084762755 ], [ 75.41071082804946, 19.418670938185453 ], [ 75.391383433016259, 19.414820931304259 ], [ 75.365152816813008, 19.396902317277871 ], [ 75.339422992036361, 19.406012711899358 ], [ 75.336503153171293, 19.408542961496501 ], [ 75.357031706791147, 19.431958602489203 ], [ 75.346902889129638, 19.449001739836095 ], [ 75.32703335455227, 19.438561038832585 ], [ 75.323199714179935, 19.465728326488076 ], [ 75.339380262429188, 19.468740792958048 ], [ 75.344212907475011, 19.485467655014048 ], [ 75.358108567943248, 19.482661575820401 ], [ 75.361549455871753, 19.490175130623175 ], [ 75.356545110540665, 19.501741339493712 ], [ 75.339147598159443, 19.501814450110942 ], [ 75.334949522090781, 19.482707645430917 ], [ 75.327443404684217, 19.483773006044952 ], [ 75.328884323096631, 19.508427142818199 ], [ 75.324150336212412, 19.506130546655772 ], [ 75.325239838666164, 19.498965449681688 ], [ 75.311799607280918, 19.495753922871049 ], [ 75.301065190254832, 19.503109090656086 ], [ 75.301340996178595, 19.512169601703309 ], [ 75.273658357703596, 19.515256158510812 ], [ 75.280706507184775, 19.545434043851856 ], [ 75.274114776224025, 19.554352542218286 ], [ 75.267491862477428, 19.55460785042321 ], [ 75.256819526886488, 19.523252614267232 ], [ 75.23006374864346, 19.541318880371072 ], [ 75.217519586500075, 19.558774804515348 ], [ 75.20633230846407, 19.56215817466499 ], [ 75.206527668841531, 19.581565820049097 ], [ 75.194050385035098, 19.59485370403365 ], [ 75.174349423020644, 19.600431451214551 ], [ 75.15092494186537, 19.589355437398162 ], [ 75.140409956584918, 19.598108348728129 ], [ 75.126833139308317, 19.594602273738644 ], [ 75.116102111299725, 19.603596674494725 ], [ 75.098592148241977, 19.603981949981282 ], [ 75.087081783031678, 19.612754408459505 ], [ 75.059164567853074, 19.605702241867675 ], [ 75.038731740930373, 19.615948422332238 ], [ 75.041750249963471, 19.622209904903777 ], [ 75.037763669830312, 19.625843972832644 ], [ 74.998665936762819, 19.624019673353359 ], [ 74.982523574066903, 19.639550790275234 ], [ 74.962774450979154, 19.647136666071169 ], [ 74.941673009726642, 19.645096046773354 ], [ 74.931180047625929, 19.636905111162154 ], [ 74.927704962432813, 19.646944412203915 ], [ 74.91377089445642, 19.648204386065061 ], [ 74.887966143310365, 19.63904472975409 ], [ 74.883041496124733, 19.654470186928592 ], [ 74.848790318965996, 19.646366318913845 ], [ 74.836662267517468, 19.663336210473716 ], [ 74.822817783943435, 19.668511533309015 ], [ 74.817838720977193, 19.680679578929947 ], [ 74.808448723711081, 19.688503349909343 ], [ 74.814121475452907, 19.70306667456769 ], [ 74.804374758193262, 19.702228278580737 ], [ 74.786541109856174, 19.715400122600677 ], [ 74.784273590966691, 19.734336511578487 ], [ 74.767609928449531, 19.736732280609964 ], [ 74.764068334728705, 19.753697445848022 ], [ 74.749429541538447, 19.748643951345613 ], [ 74.735318529271368, 19.764908960578794 ], [ 74.728125136761321, 19.754412257791909 ], [ 74.721471386426344, 19.754658539552661 ], [ 74.71442875384048, 19.780148118733912 ], [ 74.707322237348365, 19.781799934254625 ], [ 74.700695570470941, 19.775555817627136 ], [ 74.70624831449264, 19.763559492744847 ], [ 74.695273419400849, 19.755005798247172 ], [ 74.689060899490826, 19.757206857233715 ], [ 74.689721918118011, 19.766430328224605 ], [ 74.677142374022097, 19.766736865463066 ], [ 74.667931986015645, 19.776138256139674 ], [ 74.653290710431051, 19.776449300148037 ], [ 74.649460570913377, 19.784901895117944 ], [ 74.636783548691554, 19.79304416234115 ], [ 74.625627197288097, 19.789530582084055 ], [ 74.611891550015088, 19.76994577660912 ], [ 74.592322863374847, 19.775825189377109 ], [ 74.588859537705218, 19.78418485818214 ], [ 74.599982113087862, 19.806587947698734 ], [ 74.602896335647159, 19.846962507546944 ], [ 74.656880422927486, 19.834871965794459 ], [ 74.659817391467485, 19.857712260724838 ], [ 74.644438995203174, 19.860143318897556 ], [ 74.649311649866107, 19.9201230326961 ], [ 74.677065631358914, 19.924138460307088 ], [ 74.677156566642665, 19.930702549252324 ], [ 74.672051860106265, 19.9314787329212 ], [ 74.670889644749934, 19.95934484858968 ], [ 74.674437508055377, 19.965853264048185 ], [ 74.6851518949656, 19.968657748853172 ], [ 74.681795788937293, 19.989218204723819 ], [ 74.688330435012162, 19.994890219747276 ], [ 74.689324436799325, 20.010767059862477 ], [ 74.69488596062692, 20.016986799100454 ], [ 74.717900441148473, 20.01813239240651 ], [ 74.706502934996678, 20.041490011493892 ], [ 74.720655401699659, 20.054163468381468 ], [ 74.709540115605165, 20.079924558441782 ], [ 74.736461916988389, 20.080790828749951 ], [ 74.73034284230603, 20.114576012787932 ], [ 74.70378411242649, 20.114755966889337 ], [ 74.709994602476655, 20.122338580801728 ], [ 74.70562086364896, 20.123479329460441 ], [ 74.71144496629293, 20.12872936748645 ], [ 74.708452378428703, 20.134979894446321 ], [ 74.714135174078919, 20.13347777676293 ], [ 74.717255383168691, 20.159298904659593 ], [ 74.711578119717771, 20.173193155438806 ], [ 74.720795447728079, 20.186967682009975 ], [ 74.719124941016617, 20.192791750408261 ], [ 74.729195262003827, 20.192233712348862 ], [ 74.73387101341811, 20.197592908397652 ], [ 74.734640941457101, 20.188770174479696 ], [ 74.760102540406152, 20.184488471916005 ], [ 74.755950606379727, 20.196821723077015 ], [ 74.758629077969474, 20.200989972371385 ], [ 74.770341014539099, 20.206758413502385 ], [ 74.782879968777863, 20.206159385059962 ], [ 74.80000364156173, 20.2326690393073 ], [ 74.785654008534792, 20.228483814958583 ], [ 74.781791772839583, 20.23448108893777 ], [ 74.801911201704129, 20.238198324881004 ], [ 74.80699623304983, 20.246622524179035 ], [ 74.818385704912757, 20.2504050624038 ], [ 74.828434703151942, 20.246228094793938 ], [ 74.829284324330615, 20.235381411932725 ], [ 74.855376321767196, 20.230362140019849 ], [ 74.85196252335291, 20.213874440175029 ], [ 74.854626894991526, 20.179684167546103 ], [ 74.895672593739533, 20.180259383734231 ], [ 74.898430934441947, 20.169059595156192 ], [ 74.906977171417907, 20.167589643997328 ], [ 74.906777883192689, 20.155001145488654 ], [ 74.927981180958696, 20.154535369901978 ], [ 74.929944523491812, 20.159659675783743 ], [ 74.921868615369405, 20.175672380339098 ], [ 74.928116767330977, 20.18476264955402 ], [ 74.928504158593469, 20.217382995359003 ], [ 74.907793374207202, 20.219096955052159 ], [ 74.907075927461293, 20.237147039706564 ], [ 74.905196921761117, 20.243887774929796 ], [ 74.905228278217294, 20.24718721619552 ], [ 74.932901350731228, 20.251190452066147 ], [ 74.934932716087971, 20.270032631784371 ], [ 74.954188097882465, 20.271831796872004 ], [ 74.944930137566743, 20.287831924587259 ], [ 74.966321434420294, 20.306973240609871 ], [ 74.983405792148957, 20.305640857917609 ], [ 74.983962668186791, 20.294441502177101 ], [ 75.005321173861731, 20.293693412927304 ], [ 74.994410631226145, 20.328027450841983 ], [ 74.999519950392695, 20.335964213086637 ], [ 75.024979266075448, 20.318573458494523 ], [ 75.054888871769478, 20.30575529530401 ], [ 75.055995631009566, 20.333339390995 ], [ 75.058583488926033, 20.337173475546525 ], [ 75.074736834013208, 20.338551991630556 ], [ 75.089758779847543, 20.332179762754294 ], [ 75.081823320542668, 20.315571610681577 ], [ 75.094430189082473, 20.314915280191634 ], [ 75.103332810701303, 20.307799443750437 ], [ 75.110889039234578, 20.310189819885217 ], [ 75.122409538462549, 20.363292906706899 ], [ 75.116336628414942, 20.393418504663906 ], [ 75.110546512974835, 20.394924434195993 ], [ 75.105831114611547, 20.411911817231978 ], [ 75.123845041148087, 20.423309073012899 ], [ 75.124657373193045, 20.431973839738983 ], [ 75.153326101959337, 20.432826699261543 ], [ 75.161683310354562, 20.440042737580818 ], [ 75.174185449523549, 20.442421529486769 ], [ 75.172881116581976, 20.456387224206182 ], [ 75.158167625267936, 20.455511010259361 ], [ 75.159798319481197, 20.476481866924406 ], [ 75.173876399675663, 20.477937192866442 ], [ 75.186395039550234, 20.472570050189645 ], [ 75.197235907883467, 20.475431716391196 ], [ 75.196562495733005, 20.492324771986556 ], [ 75.208614031380591, 20.492040438784045 ], [ 75.205053702520104, 20.498967824913038 ], [ 75.226461097097868, 20.494414221115086 ], [ 75.222922595392077, 20.500177750607374 ], [ 75.2251734514319, 20.5155483883145 ], [ 75.23789517380969, 20.520899153621734 ], [ 75.234994671963406, 20.53669806703715 ], [ 75.244333682675389, 20.536032192833527 ], [ 75.240945023973524, 20.551453312712972 ], [ 75.25041978509141, 20.552419660968415 ], [ 75.25885955148064, 20.576502628433325 ], [ 75.265195365602125, 20.566632746821359 ], [ 75.277575881068145, 20.569628473889949 ], [ 75.291168140247095, 20.566426316587616 ], [ 75.292655775405549, 20.573515750545418 ], [ 75.316422200329143, 20.574599832609515 ], [ 75.314740662484041, 20.588636347825393 ], [ 75.318479817928107, 20.591623929388852 ], [ 75.354298215938314, 20.587835002976934 ], [ 75.358447525861337, 20.59607085137575 ], [ 75.364604379281644, 20.575023474032466 ], [ 75.388678969154398, 20.577809518686173 ], [ 75.39567773498537, 20.520608811959718 ], [ 75.406806176471022, 20.522021744790369 ], [ 75.416618497491143, 20.513511756347317 ], [ 75.428676762496551, 20.511610933525141 ], [ 75.42319498431543, 20.53037633532297 ], [ 75.446710199253545, 20.537338703271992 ], [ 75.454468486046565, 20.513567725709837 ], [ 75.460511227913287, 20.51821510932437 ], [ 75.455798599306277, 20.550764836034585 ], [ 75.461989878394377, 20.551203541241943 ], [ 75.464906777652061, 20.543139588616693 ], [ 75.480102623014503, 20.543129638295486 ], [ 75.481243142788671, 20.534903687016378 ], [ 75.492994632421372, 20.523642162893076 ], [ 75.49403697689317, 20.538163663972583 ], [ 75.506385841404338, 20.540358100777286 ], [ 75.504295857739379, 20.551021128577339 ], [ 75.512827309433362, 20.549172494599592 ], [ 75.515605343861907, 20.557138122089288 ], [ 75.521912370105028, 20.558463798119874 ], [ 75.528486354087079, 20.55599502236792 ], [ 75.520592369429068, 20.590085881705988 ], [ 75.532569291074992, 20.591182963080659 ], [ 75.534984516032381, 20.606043897333034 ], [ 75.552211819367969, 20.598014157085348 ], [ 75.55745896614286, 20.603202746785534 ], [ 75.555799968792115, 20.608443428414823 ], [ 75.591737876912745, 20.599480455867798 ], [ 75.612720036026133, 20.602760282040332 ], [ 75.605346496640735, 20.62165728166487 ], [ 75.645832731340761, 20.616736559967983 ], [ 75.649919915748498, 20.624675692703491 ], [ 75.659810134543562, 20.62431630344064 ], [ 75.65816059791409, 20.640193447478815 ], [ 75.661604878535627, 20.641497704546559 ], [ 75.658837924399407, 20.649685902471141 ], [ 75.653998763483116, 20.649542867232906 ], [ 75.655871065079708, 20.65943958505294 ], [ 75.667026599144975, 20.668314498916402 ] ], [ [ 75.562851434729183, 19.954279323404169 ], [ 75.562071212595299, 19.939802800687641 ], [ 75.572865531540856, 19.935542138374608 ], [ 75.592146669706651, 19.942706369260907 ], [ 75.596245025103357, 19.960199271289682 ], [ 75.567836629151671, 19.967064114621778 ], [ 75.55826445607579, 19.960535022496057 ], [ 75.562851434729183, 19.954279323404169 ] ] ] ] } },
{ "type": "Feature", "properties": { "District": "BHANDARA" }, "geometry": { "type": "Polygon", "coordinates": [ [ [ 79.734856660285928, 21.603767907072697 ], [ 79.792070685559622, 21.586589748044592 ], [ 79.821507945034298, 21.561543872412354 ], [ 79.828555245393375, 21.548874883330747 ], [ 79.850702622620261, 21.540823150963828 ], [ 79.863132368103436, 21.530795135384896 ], [ 79.882244529190046, 21.526216573624726 ], [ 79.89124462580557, 21.518186630870652 ], [ 79.897002780501467, 21.524377109379461 ], [ 79.917802100158553, 21.524410140283933 ], [ 79.926411005683576, 21.512659631461446 ], [ 79.92529695890201, 21.490871600658526 ], [ 79.891179060169932, 21.456910036870681 ], [ 79.879524211271743, 21.438516931749046 ], [ 79.879487797882646, 21.425188809753276 ], [ 79.847860433126613, 21.411726128463641 ], [ 79.802717367891916, 21.383223404218676 ], [ 79.796124470588595, 21.374468204962959 ], [ 79.800038115026453, 21.357603454604199 ], [ 79.81322395387761, 21.355834746872194 ], [ 79.812962240539477, 21.321272145314111 ], [ 79.825789088721947, 21.31956292018549 ], [ 79.833631143986111, 21.309540758774521 ], [ 79.829090201700339, 21.292327390972133 ], [ 79.837823831148796, 21.284899498651434 ], [ 79.82597403248613, 21.277157962239873 ], [ 79.831300707722718, 21.263407609513045 ], [ 79.849246745247171, 21.259166625040834 ], [ 79.859341920268733, 21.261560111138962 ], [ 79.863929400653845, 21.251863496969126 ], [ 79.840347113810552, 21.255798477680898 ], [ 79.855721675242037, 21.244852835762103 ], [ 79.888730055604753, 21.255930573480395 ], [ 79.886749026523518, 21.250525435433975 ], [ 79.902620406915659, 21.251067182120956 ], [ 79.905926340427527, 21.244722784699867 ], [ 79.920677104186183, 21.255749165152622 ], [ 79.938991246903214, 21.254939546853695 ], [ 79.966050682309344, 21.232728046823837 ], [ 79.989749996351748, 21.233850286102445 ], [ 80.002783381480626, 21.218125771120754 ], [ 80.023115649515773, 21.228645293281666 ], [ 80.024758756778226, 21.212813847384801 ], [ 80.04397572545102, 21.209838881045602 ], [ 80.054680175912495, 21.200067101075781 ], [ 80.068752420055574, 21.195950642747892 ], [ 80.072882566269158, 21.186984532098119 ], [ 80.066878226716398, 21.172693333006201 ], [ 80.072075693357945, 21.155566312531043 ], [ 80.080515969322065, 21.14774761721592 ], [ 80.07848592308585, 21.136486898205018 ], [ 80.073551432535794, 21.134883767597639 ], [ 80.072586616311028, 21.119920271979659 ], [ 80.082117571410862, 21.118595527619117 ], [ 80.070126364649397, 21.113143549675335 ], [ 80.061014436920118, 21.099179700201976 ], [ 80.075368438040755, 21.098423631900271 ], [ 80.069697268049865, 21.081590292767046 ], [ 80.084281138422071, 21.073699208530737 ], [ 80.079029893245675, 21.062442276313067 ], [ 80.068814553098704, 21.059934211571132 ], [ 80.08010977468183, 21.05110437234109 ], [ 80.076475698054878, 21.038749692371443 ], [ 80.063039507228794, 21.030706519699894 ], [ 80.077616544680666, 21.027733982899349 ], [ 80.083456398784747, 21.035354500497661 ], [ 80.095873506921734, 21.032842678617012 ], [ 80.099045587406152, 21.019187625064035 ], [ 80.09394794839605, 21.007870581925303 ], [ 80.102113592133946, 20.990512438322341 ], [ 80.093455969139839, 20.991915819977663 ], [ 80.083944474443896, 20.986672960051493 ], [ 80.076366785784572, 20.989665898081373 ], [ 80.082391970144272, 20.986778588100751 ], [ 80.081920410110271, 20.982406174619371 ], [ 80.074816248098571, 20.96520674132838 ], [ 80.070776216609104, 20.965365398736083 ], [ 80.070927250477595, 20.956563110085714 ], [ 80.057900745957397, 20.958247146717209 ], [ 80.062068110645868, 20.948941383057541 ], [ 80.037180359218766, 20.965038075320713 ], [ 80.0376889886995, 20.958675757288006 ], [ 80.045486305708621, 20.957139727162893 ], [ 80.030374092658093, 20.945178324680505 ], [ 80.032420446676824, 20.957614334526177 ], [ 80.008533289220509, 20.954123283158445 ], [ 80.002164212370559, 20.948615076767894 ], [ 79.986196332667433, 20.952806307939642 ], [ 79.976714676364196, 20.947138179123257 ], [ 79.97098003505441, 20.953608520415749 ], [ 79.964314187433942, 20.953586707704801 ], [ 79.953387693851397, 20.943939049436846 ], [ 79.954329832960099, 20.93891796674999 ], [ 79.968960087358823, 20.939974677109259 ], [ 79.961815940468384, 20.917363260577467 ], [ 79.970120030620805, 20.909910582760116 ], [ 79.971509291526019, 20.891225739004781 ], [ 79.977208906991194, 20.890135879032808 ], [ 79.975016772519396, 20.886438386375129 ], [ 79.964662508548599, 20.887289194571157 ], [ 79.970421351067827, 20.87434819703147 ], [ 79.96548028223593, 20.854883553302791 ], [ 79.970070940004007, 20.855419765689575 ], [ 79.974352068099833, 20.839930952389956 ], [ 79.979770655635207, 20.835953874094805 ], [ 79.986379774498573, 20.848105247548734 ], [ 79.979930908529681, 20.855283697894304 ], [ 79.982567027818789, 20.862105955826035 ], [ 79.999170744944607, 20.850476379063174 ], [ 79.987834414515945, 20.826965586967585 ], [ 79.971934850902031, 20.824333193339768 ], [ 79.965827760718113, 20.831848196735439 ], [ 79.951128447428232, 20.826117347015838 ], [ 79.959143623582534, 20.812931740229121 ], [ 79.940544170908282, 20.801372049545119 ], [ 79.941699680813926, 20.788390428564586 ], [ 79.949585645602127, 20.788721534886403 ], [ 79.947289489574771, 20.779936557816182 ], [ 79.967172163426952, 20.783143082857514 ], [ 79.979704241335313, 20.773033190224478 ], [ 79.955349013684554, 20.765974627761388 ], [ 79.956686539257248, 20.752772927375659 ], [ 79.97143410515325, 20.74507080145905 ], [ 79.956147833505398, 20.726968575671521 ], [ 79.947125445926872, 20.729112910366126 ], [ 79.944290243818088, 20.720957357893532 ], [ 79.969259029064972, 20.715318531617196 ], [ 79.96476059957925, 20.694243128721048 ], [ 79.934725750796233, 20.67852726486786 ], [ 79.931081246743503, 20.668484326702714 ], [ 79.905729445482763, 20.6769128113413 ], [ 79.887980200799504, 20.68869808529498 ], [ 79.852811994232809, 20.681082768614793 ], [ 79.836011337240308, 20.683154143111938 ], [ 79.800734913166693, 20.699266950093076 ], [ 79.793672359181855, 20.70679186207143 ], [ 79.791469531737476, 20.718832619320253 ], [ 79.7582199797356, 20.734880327196997 ], [ 79.753101712451567, 20.713466973701586 ], [ 79.758969808675829, 20.707515975176666 ], [ 79.751131684162175, 20.688136582354563 ], [ 79.733881587278546, 20.684260824536075 ], [ 79.710774044199468, 20.687096190645239 ], [ 79.693096051907403, 20.673281370068484 ], [ 79.700204788569593, 20.648597237529977 ], [ 79.699587029941227, 20.644958664500361 ], [ 79.693273366425885, 20.64139766336265 ], [ 79.680778038105515, 20.64998872982915 ], [ 79.663126339926663, 20.654196471432279 ], [ 79.659018210243033, 20.667509974841085 ], [ 79.619649585820227, 20.676224831108204 ], [ 79.608197924687062, 20.696469980778307 ], [ 79.600909001326343, 20.691377403043383 ], [ 79.588483538040222, 20.6915463435571 ], [ 79.566970499603826, 20.697095364452856 ], [ 79.565542404853758, 20.7075031226458 ], [ 79.535899883326195, 20.705471963285976 ], [ 79.517984705554539, 20.714210768773626 ], [ 79.536598678626547, 20.764733347952539 ], [ 79.531514697312275, 20.774830355420359 ], [ 79.546067924509487, 20.785751147323541 ], [ 79.544649468658861, 20.791245867612684 ], [ 79.551703595244291, 20.799439193220913 ], [ 79.559568430255069, 20.802655817795522 ], [ 79.537266534994828, 20.852200716623891 ], [ 79.549456625608684, 20.849708524416371 ], [ 79.556355394081891, 20.856147523744756 ], [ 79.565068567354061, 20.85078645030341 ], [ 79.565232374877823, 20.845408266029395 ], [ 79.579637212045455, 20.843355673411637 ], [ 79.595981721192572, 20.864166301716551 ], [ 79.612996070393905, 20.866008642674963 ], [ 79.607978888646841, 20.875448918603091 ], [ 79.612345118393137, 20.903621950440616 ], [ 79.63289685535085, 20.911761728504967 ], [ 79.646279283985166, 20.924754102223105 ], [ 79.656968747796569, 20.962773337067141 ], [ 79.651231208198283, 20.978356324164537 ], [ 79.637083032512223, 20.99035513753547 ], [ 79.613333339173735, 21.031830625902273 ], [ 79.596644457617344, 21.073937522056536 ], [ 79.587602002626966, 21.077584514730532 ], [ 79.579055949558551, 21.066710025623259 ], [ 79.572071995766436, 21.066088183442833 ], [ 79.550687805824055, 21.088675261178501 ], [ 79.533288594167644, 21.078377240993873 ], [ 79.526423605781815, 21.078916934764408 ], [ 79.519595433527783, 21.088858626365056 ], [ 79.532148232367689, 21.095756875758685 ], [ 79.516446533987875, 21.104728715409468 ], [ 79.524747099672652, 21.119883154021579 ], [ 79.510230495811882, 21.123993169229902 ], [ 79.509929069557856, 21.132694494670933 ], [ 79.505496380368953, 21.135532695682198 ], [ 79.493722375968588, 21.137765253427649 ], [ 79.493716440787892, 21.142767896239562 ], [ 79.50406090659385, 21.147085108478343 ], [ 79.508072150561205, 21.162929734575975 ], [ 79.499446290547027, 21.168181514510668 ], [ 79.498281511239938, 21.183692397806016 ], [ 79.507496714095566, 21.182836360877207 ], [ 79.516516546759092, 21.175261673041685 ], [ 79.521118950842563, 21.179517744517959 ], [ 79.528937499626068, 21.176374256286735 ], [ 79.522646276779042, 21.164114889258496 ], [ 79.532067883807102, 21.159126107529357 ], [ 79.557095964810571, 21.156116112764327 ], [ 79.559377699128717, 21.166065874421836 ], [ 79.550881710548808, 21.17318156732566 ], [ 79.560406635540886, 21.189195464962676 ], [ 79.556951011880898, 21.20300227386381 ], [ 79.549711819043921, 21.208365302735551 ], [ 79.563154128444211, 21.22692813873736 ], [ 79.560526012984184, 21.241390439309033 ], [ 79.56885808434798, 21.247622504284308 ], [ 79.567365421018124, 21.262276106458579 ], [ 79.576119212288958, 21.276355081400983 ], [ 79.570678011212564, 21.291973370468199 ], [ 79.553550654716005, 21.305725465030573 ], [ 79.556678096966451, 21.308528931615967 ], [ 79.55123299215829, 21.317653102459108 ], [ 79.555156612586131, 21.317960568268379 ], [ 79.555179172002482, 21.328559945916648 ], [ 79.544258120226829, 21.331749855513664 ], [ 79.53920760104711, 21.340963557225617 ], [ 79.533824518964877, 21.339828852358885 ], [ 79.537039811224588, 21.344304530896473 ], [ 79.533676635076105, 21.34877297127823 ], [ 79.526453624000979, 21.349054652548695 ], [ 79.522703229106227, 21.3642529066476 ], [ 79.517450930302303, 21.36625576141255 ], [ 79.499533941875981, 21.398463009956924 ], [ 79.483760165474564, 21.398841548279862 ], [ 79.488174115050768, 21.403130879787764 ], [ 79.482035712710669, 21.42716552201848 ], [ 79.466908648317613, 21.424620865185194 ], [ 79.448406020470983, 21.434649766786396 ], [ 79.448322052469379, 21.456764110487082 ], [ 79.457601150620519, 21.462489523194325 ], [ 79.480291860049263, 21.501484889137707 ], [ 79.524665533520036, 21.539533226442149 ], [ 79.536557242169707, 21.535814742523453 ], [ 79.540190700638732, 21.542720710050325 ], [ 79.565514782481245, 21.547626621804277 ], [ 79.58137792560791, 21.541295884270376 ], [ 79.620078095371312, 21.557567443840227 ], [ 79.639594091310258, 21.552969573969644 ], [ 79.652053377978262, 21.555984729014174 ], [ 79.660935957049006, 21.576895447013911 ], [ 79.675431085067117, 21.582297082269882 ], [ 79.689547684951634, 21.580955415894103 ], [ 79.699069722467783, 21.59290011955683 ], [ 79.718156896039986, 21.59305778750501 ], [ 79.734856660285928, 21.603767907072697 ] ] ] } },
{ "type": "Feature", "properties": { "District": "BID" }, "geometry": { "type": "Polygon", "coordinates": [ [ [ 75.483587508034546, 19.441930280773867 ], [ 75.507019777191047, 19.431887035487815 ], [ 75.505989670652838, 19.426462610386181 ], [ 75.517682319529996, 19.415647964741868 ], [ 75.519498462448837, 19.402389225923255 ], [ 75.547687666523274, 19.38809424842 ], [ 75.586706118118428, 19.377624742965722 ], [ 75.599322179924798, 19.385750064009894 ], [ 75.625726147632321, 19.373373161865096 ], [ 75.640108328643564, 19.38144790698032 ], [ 75.650760602993444, 19.368570853896451 ], [ 75.67244342137046, 19.367602085156225 ], [ 75.675515398710317, 19.358264060004405 ], [ 75.684470832518727, 19.35511775425919 ], [ 75.699845707402545, 19.359019748250955 ], [ 75.714244386714, 19.354219931004486 ], [ 75.750932315398302, 19.356083191748276 ], [ 75.761400055826101, 19.375797620814925 ], [ 75.757808542357395, 19.38933163278756 ], [ 75.788967514844131, 19.400178128012026 ], [ 75.835290923897716, 19.371817634837594 ], [ 75.849884065653271, 19.373068316485995 ], [ 75.873144269898702, 19.383292034171717 ], [ 75.890133543093782, 19.378716464343899 ], [ 75.912032464162124, 19.392168533354504 ], [ 75.925027578847661, 19.38270040022477 ], [ 75.905222252177097, 19.346984576892986 ], [ 75.906494530564103, 19.318331184333502 ], [ 75.918224721968187, 19.303436997833504 ], [ 75.935157844903244, 19.293379628335952 ], [ 75.942852994125516, 19.291893750411798 ], [ 75.97683509616698, 19.305262347931478 ], [ 76.010021661757264, 19.33575489538854 ], [ 76.020200915926239, 19.3376434691606 ], [ 76.025124454527855, 19.299439379844841 ], [ 76.039668197699172, 19.28363982005483 ], [ 76.087934130383331, 19.280935272863516 ], [ 76.096340296051068, 19.304259573000355 ], [ 76.102700860067259, 19.308067378942717 ], [ 76.108921376777502, 19.306062629242074 ], [ 76.113465607804812, 19.296194880985986 ], [ 76.125676043008255, 19.30334706608414 ], [ 76.1395026775931, 19.29116773172024 ], [ 76.16036168347371, 19.295391015553601 ], [ 76.16267782601814, 19.283426518338381 ], [ 76.179626978854543, 19.288404992291721 ], [ 76.195306553181879, 19.285903521669891 ], [ 76.210074587635361, 19.274281061495355 ], [ 76.213523345335304, 19.26121597304634 ], [ 76.22538513904702, 19.257480680774854 ], [ 76.224652295365928, 19.243075994907095 ], [ 76.24052599084358, 19.245450519556702 ], [ 76.250122091756893, 19.241191265723241 ], [ 76.259460250511765, 19.253711272613081 ], [ 76.284564167066947, 19.265899406767669 ], [ 76.308573159967665, 19.264289741830389 ], [ 76.320942815422654, 19.254223917032192 ], [ 76.339946118390884, 19.251839331551839 ], [ 76.35707290786506, 19.242295219079907 ], [ 76.363724614528849, 19.233911608978513 ], [ 76.363437194417159, 19.215716667233067 ], [ 76.350702745667817, 19.193830939500963 ], [ 76.357586902017104, 19.182589212774097 ], [ 76.35425008710321, 19.167200009326116 ], [ 76.360627427623427, 19.155986299541816 ], [ 76.352528200077359, 19.144919982555731 ], [ 76.332853041497174, 19.136450079680124 ], [ 76.328920074346456, 19.121691957155491 ], [ 76.318978037248741, 19.115592610516341 ], [ 76.32204189932493, 19.107315441826366 ], [ 76.335964713223646, 19.099191201162721 ], [ 76.348483945199604, 19.099790877573561 ], [ 76.358831401036895, 19.108298704585749 ], [ 76.369196099358874, 19.1275934526886 ], [ 76.378698565445518, 19.130804442022114 ], [ 76.388836313494394, 19.125184020912357 ], [ 76.392564989865122, 19.113525889395397 ], [ 76.411595871860058, 19.091336791829324 ], [ 76.419929914545719, 19.091503708585222 ], [ 76.426708031515844, 19.098536128966881 ], [ 76.435210972616147, 19.093048265916185 ], [ 76.432949388068081, 19.072857334801444 ], [ 76.451694914987215, 19.050864796835995 ], [ 76.438214728369388, 19.048758581912242 ], [ 76.438304957914966, 19.042369550992372 ], [ 76.449155079810325, 19.034722789181011 ], [ 76.448313082894074, 19.024494247772708 ], [ 76.453378356812649, 19.024608152007435 ], [ 76.45602929821537, 19.008321362965443 ], [ 76.479751701060167, 19.001171774854615 ], [ 76.477661477589351, 18.988482710577188 ], [ 76.468655042723853, 18.983314936878308 ], [ 76.469364225146435, 18.976468710518809 ], [ 76.477359551183909, 18.975296962904906 ], [ 76.472957542162689, 18.963436316230233 ], [ 76.477992504635438, 18.953337632438224 ], [ 76.502599312320825, 18.949380408581447 ], [ 76.510200620176917, 18.924437778801995 ], [ 76.520525655838696, 18.918218752185449 ], [ 76.535631255602695, 18.917901490233543 ], [ 76.53258681719079, 18.923957261579901 ], [ 76.536856463222406, 18.949028713722981 ], [ 76.56355247529217, 18.948798928168561 ], [ 76.583218876768115, 18.942778654853065 ], [ 76.581834225234431, 18.872483897294693 ], [ 76.586472876272424, 18.868103295098951 ], [ 76.620717038044475, 18.867930211707296 ], [ 76.620329956043037, 18.85640149800204 ], [ 76.628453852321812, 18.846791294861184 ], [ 76.64217696400334, 18.847958699858385 ], [ 76.638188637645413, 18.839016282983689 ], [ 76.642867781742765, 18.821909166194093 ], [ 76.663805437510149, 18.820434004898207 ], [ 76.671199255333846, 18.813507061978932 ], [ 76.672589774165175, 18.789528260255409 ], [ 76.681777864168254, 18.779282036928471 ], [ 76.670315948276098, 18.763253332488443 ], [ 76.674368493386382, 18.756344077116143 ], [ 76.680194770404881, 18.752068460854694 ], [ 76.683034303705583, 18.759323619113491 ], [ 76.697931664523239, 18.759489208905382 ], [ 76.697777871505338, 18.756226134114652 ], [ 76.723314405481105, 18.750457947798918 ], [ 76.724661533117171, 18.736544802216773 ], [ 76.732564700257086, 18.722084413846556 ], [ 76.733781766979931, 18.700096190599897 ], [ 76.727115638293483, 18.695433792445009 ], [ 76.713279453641633, 18.699990585452202 ], [ 76.697742277859462, 18.691468241413883 ], [ 76.682084871239638, 18.691993103700156 ], [ 76.661612972342397, 18.657830841958763 ], [ 76.681314212657981, 18.650030913156126 ], [ 76.67870748471438, 18.634478798212957 ], [ 76.657252662397752, 18.633392730589062 ], [ 76.653228863619518, 18.64252144249313 ], [ 76.636294401197219, 18.648365324382208 ], [ 76.640815276519689, 18.666341090708251 ], [ 76.635659050264437, 18.667801096554417 ], [ 76.635012584753483, 18.674350641393001 ], [ 76.627304276894634, 18.67567878339792 ], [ 76.594880201986058, 18.672511294388965 ], [ 76.59302367763101, 18.652740747400113 ], [ 76.586880770670376, 18.650032714167956 ], [ 76.5783488614303, 18.619479884698276 ], [ 76.559201409593811, 18.629415428228739 ], [ 76.561182464688969, 18.638685175122458 ], [ 76.545883550807133, 18.636064950222838 ], [ 76.550103677342406, 18.644200928555598 ], [ 76.542417388311591, 18.644627902340702 ], [ 76.541027621180078, 18.651039821091913 ], [ 76.52981710450301, 18.648921391689278 ], [ 76.524808502933823, 18.624051687890244 ], [ 76.499624109868151, 18.604032239408227 ], [ 76.478308942415993, 18.615484268472237 ], [ 76.47159311664241, 18.634052209853746 ], [ 76.465469737190091, 18.635098487747602 ], [ 76.454793374244176, 18.621554033211783 ], [ 76.429131414828007, 18.616981401586298 ], [ 76.429170932207057, 18.612822706696676 ], [ 76.420148916399228, 18.608224529798175 ], [ 76.411539871223638, 18.608209785819358 ], [ 76.41085075539587, 18.601111054054396 ], [ 76.403689450201682, 18.601853567249584 ], [ 76.402988910843746, 18.596593345540409 ], [ 76.392025853151068, 18.596066130869009 ], [ 76.384974823140212, 18.564312610494802 ], [ 76.387313257814171, 18.551009544327361 ], [ 76.393281157753094, 18.550168466763665 ], [ 76.390651859691019, 18.542266971123418 ], [ 76.367855467349088, 18.544496400398781 ], [ 76.360182502701548, 18.559128700734146 ], [ 76.349215292365784, 18.565366262480257 ], [ 76.339330279098718, 18.56056849984736 ], [ 76.323135137594249, 18.570286004608359 ], [ 76.312367218262665, 18.565594875411279 ], [ 76.290869981269466, 18.576293173768377 ], [ 76.278495993220204, 18.574172254945832 ], [ 76.273506919058846, 18.557975036199302 ], [ 76.254399211690597, 18.563813307077517 ], [ 76.25467123124335, 18.575401930613282 ], [ 76.219693582078918, 18.574560804714341 ], [ 76.177413451816449, 18.58450166953995 ], [ 76.168457971165637, 18.584647705865194 ], [ 76.166196169153054, 18.573525566710366 ], [ 76.170481342270904, 18.561001176859392 ], [ 76.160339534746228, 18.554951168856022 ], [ 76.155960704606386, 18.578097364313027 ], [ 76.134764214706379, 18.587659300106058 ], [ 76.118929811177708, 18.583922621218719 ], [ 76.101682832788669, 18.587939446495618 ], [ 76.079226594329143, 18.576290607565959 ], [ 76.057371655645156, 18.573900950651645 ], [ 76.048270807513745, 18.577082026374022 ], [ 76.043533076976743, 18.590574512638248 ], [ 76.03584038919351, 18.592347347820247 ], [ 76.032436428026415, 18.600265810347626 ], [ 76.012247879150436, 18.607768457284184 ], [ 76.004882188626979, 18.601000924823275 ], [ 76.007861153169031, 18.585495347568386 ], [ 75.993741851641943, 18.583231072838494 ], [ 75.982572404887449, 18.590834053450006 ], [ 75.996639237046168, 18.606954679851288 ], [ 75.990950032070586, 18.618933548701673 ], [ 75.956914334657455, 18.60466360377789 ], [ 75.948086405086869, 18.605059451925982 ], [ 75.943708470244388, 18.609691028449141 ], [ 75.944679431893405, 18.634759511277363 ], [ 75.93895412681907, 18.640732269346593 ], [ 75.906436923954701, 18.649206098043511 ], [ 75.873027875390022, 18.648250355351024 ], [ 75.871666565933666, 18.653819554352875 ], [ 75.855640739748623, 18.649383063230768 ], [ 75.857482502260339, 18.659737727555907 ], [ 75.847899154818066, 18.655357957039943 ], [ 75.802366311716085, 18.672758168983993 ], [ 75.797812450969118, 18.672896376259672 ], [ 75.793402783432228, 18.654233684452628 ], [ 75.778631334446715, 18.665256614803386 ], [ 75.776895769841019, 18.67296645828652 ], [ 75.766120953612642, 18.671010066388313 ], [ 75.756030412659129, 18.680559123851534 ], [ 75.731595058218375, 18.679885258654011 ], [ 75.729798438492665, 18.674068303710435 ], [ 75.701719436716544, 18.689052168289695 ], [ 75.669706016817614, 18.691258220653008 ], [ 75.664290078233236, 18.675052005546107 ], [ 75.666573530336308, 18.651438570370903 ], [ 75.660654895906163, 18.64555830904256 ], [ 75.645464195162077, 18.648321551652632 ], [ 75.614898753282347, 18.664770403471739 ], [ 75.603809577575362, 18.688808035402964 ], [ 75.553220069520663, 18.708041940835518 ], [ 75.555517276096921, 18.73659813005624 ], [ 75.541604733732953, 18.74511953507778 ], [ 75.524962565623198, 18.752639508568713 ], [ 75.526687883822689, 18.733209290855633 ], [ 75.50738484297294, 18.723325344578846 ], [ 75.491309349503169, 18.72882678018334 ], [ 75.491064509481475, 18.737111558577517 ], [ 75.468743602063668, 18.747586002254806 ], [ 75.468702972165758, 18.751453609978661 ], [ 75.462160065979589, 18.754561774804394 ], [ 75.450559036461939, 18.75114917170939 ], [ 75.438636538932172, 18.798922939734208 ], [ 75.419811308412662, 18.814149320308648 ], [ 75.420830585294951, 18.818237924333058 ], [ 75.399447286109421, 18.831576970696577 ], [ 75.391888519526262, 18.820084922573955 ], [ 75.386425067468579, 18.772437998940095 ], [ 75.380479403287879, 18.773934083773288 ], [ 75.379709466277276, 18.769218412433165 ], [ 75.372738408224222, 18.771154383119939 ], [ 75.37543719097134, 18.778077805169712 ], [ 75.371132506915075, 18.774869070828927 ], [ 75.359825732819886, 18.78937012640106 ], [ 75.342401726037536, 18.782647876715281 ], [ 75.327461595896594, 18.801248869795621 ], [ 75.291811229123411, 18.765821456081117 ], [ 75.276947256573891, 18.730022421563149 ], [ 75.254950164088271, 18.720212434166623 ], [ 75.222768034394591, 18.728764331653064 ], [ 75.208162058419248, 18.738780777433544 ], [ 75.171626462348613, 18.736477693010741 ], [ 75.174992824978091, 18.70901370817656 ], [ 75.1637810936585, 18.696004568605062 ], [ 75.164004917155651, 18.668570465828754 ], [ 75.15616598325164, 18.642143418042611 ], [ 75.141794854441599, 18.653427295507349 ], [ 75.13821457632551, 18.665956803560075 ], [ 75.116891883799184, 18.679904771712234 ], [ 75.119144138845158, 18.685745556649447 ], [ 75.110013091895524, 18.689615287769222 ], [ 75.103303267010631, 18.702434118328895 ], [ 75.077035829363311, 18.714373693074059 ], [ 75.06743035008131, 18.731338202598785 ], [ 75.056928344076823, 18.735680727205754 ], [ 75.052945549424564, 18.747732793534034 ], [ 75.04383745971306, 18.751726018179774 ], [ 75.039645686273516, 18.763648625030783 ], [ 75.012657035378496, 18.775171963798321 ], [ 75.003728003704154, 18.788082189217473 ], [ 75.009053842810772, 18.804455665468357 ], [ 75.001769441715595, 18.804775577792491 ], [ 74.9988158614062, 18.798005068716559 ], [ 74.998390600766044, 18.80588789225682 ], [ 74.997541935533221, 18.797886920978385 ], [ 74.986068216066286, 18.797565654987327 ], [ 74.971452523072784, 18.813364225254045 ], [ 74.97370906382703, 18.828287141940066 ], [ 74.958943738807122, 18.819817798663426 ], [ 74.943204230578317, 18.827311741598393 ], [ 74.927392151988613, 18.826029485073288 ], [ 74.920056635257339, 18.830227689301488 ], [ 74.927262542965352, 18.842745455950094 ], [ 74.918346165974611, 18.85320752682992 ], [ 74.90821779821438, 18.846358428626363 ], [ 74.894688989633835, 18.846718357979707 ], [ 74.896180945346771, 18.875947603852218 ], [ 74.883693463793804, 18.886228832017185 ], [ 74.884041506788378, 18.914109579051775 ], [ 74.874659151621373, 18.912734758479893 ], [ 74.864761136699514, 18.897611088896582 ], [ 74.845830965488986, 18.910536884570696 ], [ 74.84310808321456, 18.923312837600598 ], [ 74.825035804026186, 18.932260312307079 ], [ 74.833811003001003, 18.939162817535983 ], [ 74.835803670661292, 18.953444124567074 ], [ 74.829147267904162, 18.962224323004587 ], [ 74.811532001769791, 18.962508151294863 ], [ 74.808230141497631, 18.976925526581677 ], [ 74.824803358986273, 18.990483537232933 ], [ 74.836077390414232, 18.969938724985173 ], [ 74.868226599207929, 18.979845748434382 ], [ 74.871366529029459, 18.985029891684459 ], [ 74.899480968247133, 18.980073775792501 ], [ 74.903821130659892, 18.964226469785196 ], [ 74.913591327025159, 18.958895338185375 ], [ 74.918530189343386, 18.959491554965108 ], [ 74.918162352125194, 18.968960573357904 ], [ 74.931138364434361, 18.971106984735837 ], [ 74.935790780320801, 18.976309370093158 ], [ 74.944603600045753, 18.969521361490674 ], [ 74.952561712607391, 18.97151374375709 ], [ 74.959387451045274, 18.999127451812164 ], [ 74.948277799335685, 19.004537302608316 ], [ 74.949609388056786, 19.032832955145498 ], [ 74.921587439441623, 19.031076604429668 ], [ 74.927453651384269, 19.043065986249314 ], [ 74.917628349877305, 19.035178431116364 ], [ 74.914413432569617, 19.037506317848489 ], [ 74.9208338397234, 19.094750866301538 ], [ 74.932506623229258, 19.108899889904528 ], [ 74.942463551503053, 19.133239799527786 ], [ 74.973802310415635, 19.110985757937495 ], [ 74.980087130419022, 19.111964655453672 ], [ 74.978235877985057, 19.116721854982945 ], [ 74.989530991382352, 19.109768189589445 ], [ 74.996713329245779, 19.112480051598197 ], [ 75.006270142315344, 19.105488139987248 ], [ 75.017700300330773, 19.10493139904905 ], [ 75.023553484310796, 19.114937306247676 ], [ 75.024379120425564, 19.10272554510529 ], [ 75.043953767100234, 19.109808010197487 ], [ 75.03637050797478, 19.100492345575802 ], [ 75.052456569231225, 19.105671064882326 ], [ 75.058545978491779, 19.098383791197712 ], [ 75.065246849247885, 19.107383848583918 ], [ 75.073751302363519, 19.101694441991409 ], [ 75.075341850028138, 19.109570372695149 ], [ 75.071382841907663, 19.107386821787593 ], [ 75.069856785217738, 19.112074318727313 ], [ 75.075690833129627, 19.118961640083544 ], [ 75.068981028911693, 19.12135191065445 ], [ 75.08795590559788, 19.12067371109385 ], [ 75.090526186364414, 19.127791702267565 ], [ 75.109355842062413, 19.124860628074583 ], [ 75.110382600073891, 19.112230651818781 ], [ 75.099599948877412, 19.104934068471366 ], [ 75.097357039889616, 19.077932972633594 ], [ 75.083255401537102, 19.081847254507529 ], [ 75.078436237459826, 19.078728389588445 ], [ 75.091970294698015, 19.068103002317432 ], [ 75.074898752315022, 19.068581959973795 ], [ 75.070798941484256, 19.055377383052061 ], [ 75.099940979319868, 19.042386902816769 ], [ 75.111933694142564, 19.043441324088562 ], [ 75.134600091146226, 19.035116901444574 ], [ 75.144556939170869, 19.036070654430244 ], [ 75.14210472817858, 19.040052619017995 ], [ 75.146764038316832, 19.042061175042999 ], [ 75.1678168253721, 19.035808504719732 ], [ 75.168975056293377, 19.019213302949954 ], [ 75.182905415667108, 19.011669694235398 ], [ 75.208059961630909, 19.020608465440183 ], [ 75.209810484493815, 19.029274642662891 ], [ 75.194041518294753, 19.049776876576161 ], [ 75.186119561353806, 19.051617660927874 ], [ 75.197148076005831, 19.066993241042688 ], [ 75.191465322114993, 19.072853561354989 ], [ 75.193032010105568, 19.086266178835078 ], [ 75.187388270174864, 19.092560630289942 ], [ 75.19203205216921, 19.097359851166956 ], [ 75.198620371010648, 19.095516105698533 ], [ 75.202520472427423, 19.10308814534369 ], [ 75.21999129392583, 19.111672224256772 ], [ 75.219747967695866, 19.100635402022924 ], [ 75.225966289081867, 19.097283853858297 ], [ 75.228364394133976, 19.081187201691424 ], [ 75.224491930023504, 19.065784425042747 ], [ 75.2332310952456, 19.061474784653633 ], [ 75.261467638475608, 19.069946053788488 ], [ 75.268333085226857, 19.053481427028217 ], [ 75.266950936886516, 19.033662630313565 ], [ 75.256139028972171, 19.02574116675591 ], [ 75.26469073975808, 19.018004065539643 ], [ 75.274289415774788, 18.991939334090841 ], [ 75.288348887096362, 18.981761131740793 ], [ 75.315765303180527, 18.980478799448317 ], [ 75.340630564698102, 18.990042652651564 ], [ 75.343873665818478, 19.022453291465688 ], [ 75.339009948935768, 19.029354840114639 ], [ 75.327914545349017, 19.034680549101136 ], [ 75.28318079674591, 19.034435435337947 ], [ 75.292920844257154, 19.076168621838569 ], [ 75.280572197618, 19.080346186123357 ], [ 75.280875791264876, 19.084981646673612 ], [ 75.294969431815417, 19.084948926139276 ], [ 75.306896899621634, 19.098613595372921 ], [ 75.32271010002583, 19.094262442667127 ], [ 75.337189038524102, 19.08084315694413 ], [ 75.356548683032031, 19.078022957999121 ], [ 75.364678597874374, 19.081652327037219 ], [ 75.360796850684608, 19.108629316180789 ], [ 75.35152531549079, 19.11363622778601 ], [ 75.349689427475141, 19.124067004923582 ], [ 75.33113664540555, 19.132175461322813 ], [ 75.330533905299319, 19.152884948303832 ], [ 75.339787671803151, 19.155904074455059 ], [ 75.352154528400632, 19.147249203401074 ], [ 75.351467600416086, 19.126985477422053 ], [ 75.358742908208825, 19.127249237557081 ], [ 75.361505378132591, 19.13290379459681 ], [ 75.375964476344748, 19.129024324156699 ], [ 75.394248457456641, 19.142024677222423 ], [ 75.407523415865683, 19.141011962164484 ], [ 75.409313796096441, 19.128877628580558 ], [ 75.404433864895665, 19.123537007493756 ], [ 75.392237396270332, 19.126596121230303 ], [ 75.38048816519354, 19.103083838432099 ], [ 75.365454626224519, 19.089873877671973 ], [ 75.368741240386882, 19.081740438097654 ], [ 75.375230346130991, 19.084211048315328 ], [ 75.382000686736419, 19.07792120664633 ], [ 75.405919476392725, 19.08025435418212 ], [ 75.413132840419692, 19.081492060970479 ], [ 75.417753493300907, 19.092410191896693 ], [ 75.429247706568262, 19.0895396315459 ], [ 75.444759698927626, 19.093181194261451 ], [ 75.449452795364508, 19.083235504486183 ], [ 75.485165411176553, 19.105865453435126 ], [ 75.4837075158825, 19.127927759742413 ], [ 75.46405625849151, 19.130152621154643 ], [ 75.443704746154296, 19.124490942601568 ], [ 75.436515106541464, 19.116383983701354 ], [ 75.430979713845886, 19.117819111912659 ], [ 75.423299084764068, 19.138623731488458 ], [ 75.453657513332558, 19.144627498315749 ], [ 75.449324739444762, 19.163962389221492 ], [ 75.444994410914006, 19.172183969726667 ], [ 75.425362284583429, 19.17276537273715 ], [ 75.419552748363799, 19.183264497416129 ], [ 75.401439903753911, 19.196548531077397 ], [ 75.421902863514404, 19.221495300125312 ], [ 75.444918684718118, 19.219403145041341 ], [ 75.458701992354293, 19.2502266751296 ], [ 75.474300914847703, 19.253009816885374 ], [ 75.473110241901708, 19.259230516495979 ], [ 75.502503511143928, 19.266752798799804 ], [ 75.519530740196359, 19.277507949347775 ], [ 75.525634416886234, 19.298239912218097 ], [ 75.539112320785748, 19.308284712963911 ], [ 75.541373989370641, 19.327594359724309 ], [ 75.517206052001995, 19.330816257533847 ], [ 75.532068775380296, 19.376917578820358 ], [ 75.517124159735189, 19.380691692322234 ], [ 75.516830575717592, 19.38481781862621 ], [ 75.495667081989794, 19.378329148783966 ], [ 75.482250678539643, 19.384230338487427 ], [ 75.488210651891961, 19.416652913624226 ], [ 75.47330199904016, 19.423918608768219 ], [ 75.483587508034546, 19.441930280773867 ] ] ] } },
{ "type": "Feature", "properties": { "District": "BULDHANA" }, "geometry": { "type": "Polygon", "coordinates": [ [ [ 76.720304793278558, 21.288507988901149 ], [ 76.732256092528132, 21.277188509169335 ], [ 76.736788080319656, 21.26087970593775 ], [ 76.748531902320934, 21.250814833664169 ], [ 76.740939830521782, 21.24151287652991 ], [ 76.745957644325287, 21.223226883439398 ], [ 76.752421159955603, 21.218313065319837 ], [ 76.760743567723708, 21.220343023243235 ], [ 76.76768920874288, 21.191230781584778 ], [ 76.782041927732521, 21.194277808283047 ], [ 76.781515178409819, 21.188258747984964 ], [ 76.771246960810615, 21.182784909096167 ], [ 76.778132857640387, 21.164677448163925 ], [ 76.771736641423018, 21.149390810280593 ], [ 76.779195655948939, 21.149015353027977 ], [ 76.775694716877055, 21.140519655613645 ], [ 76.79049027754823, 21.12271071599714 ], [ 76.78896406757579, 21.105139740595913 ], [ 76.782940611354263, 21.09108293137432 ], [ 76.773286484473545, 21.084534179201448 ], [ 76.775676724058656, 21.074377875501458 ], [ 76.784963366785846, 21.071946388878644 ], [ 76.781339077079181, 21.051278209579898 ], [ 76.774987673455925, 21.052241515449797 ], [ 76.775059912449734, 21.046543320797493 ], [ 76.763570719368104, 21.037376399378864 ], [ 76.771366564135349, 21.036874340243319 ], [ 76.771906678425779, 21.024040226599798 ], [ 76.777233302281786, 21.024052670210271 ], [ 76.778103416875354, 21.028368167495707 ], [ 76.791571429266497, 21.027579192074807 ], [ 76.798499314085035, 21.018997812405726 ], [ 76.796184280296814, 21.004036506379141 ], [ 76.775733991027053, 20.996017457291764 ], [ 76.775851375055112, 20.990114947583823 ], [ 76.784153927438354, 20.98917868966133 ], [ 76.783945559648231, 20.972757710275339 ], [ 76.811899671796255, 20.968774428266649 ], [ 76.807753307569328, 20.966921205009157 ], [ 76.8091612886966, 20.956577989086551 ], [ 76.789130234465588, 20.962534594429858 ], [ 76.786605182700811, 20.940047969653733 ], [ 76.781952669921765, 20.940964220299293 ], [ 76.775796192401785, 20.931436776548004 ], [ 76.788115232522458, 20.927917629042323 ], [ 76.7902191973578, 20.915596328040188 ], [ 76.784135435560586, 20.908055912033419 ], [ 76.775257175680494, 20.908964344738685 ], [ 76.780531755752818, 20.913870148379729 ], [ 76.774442032857024, 20.92122067647119 ], [ 76.753616909122741, 20.921071518202414 ], [ 76.744483701518334, 20.928617970345606 ], [ 76.718916195822402, 20.91740242568568 ], [ 76.7119047436465, 20.920968679523128 ], [ 76.691117330696699, 20.917837617098925 ], [ 76.698659986535091, 20.912108356505751 ], [ 76.695748959243986, 20.906550314861995 ], [ 76.707392046113043, 20.90748767878819 ], [ 76.706976241482579, 20.902613424044016 ], [ 76.717879502451382, 20.898424772775893 ], [ 76.717825760801929, 20.891428308411097 ], [ 76.726708973705968, 20.883607859670928 ], [ 76.734047631981497, 20.889092213413818 ], [ 76.744584897516461, 20.887275927093839 ], [ 76.746225361549833, 20.871438422493682 ], [ 76.753410800749364, 20.873856955759742 ], [ 76.754521341545441, 20.864624301792631 ], [ 76.76439405172664, 20.85710004054387 ], [ 76.751018344244088, 20.835175332204685 ], [ 76.754196720333582, 20.824894806215472 ], [ 76.745384466253498, 20.823822831060063 ], [ 76.744464162422886, 20.802954505283591 ], [ 76.744496649944907, 20.796933535573373 ], [ 76.764703345832118, 20.793066068967271 ], [ 76.772940745003865, 20.776568337219018 ], [ 76.770946365916373, 20.764018338626776 ], [ 76.757824136405262, 20.752446494571306 ], [ 76.754013732658166, 20.738646492816201 ], [ 76.763372067943536, 20.720340706366272 ], [ 76.75122656291046, 20.715443259086147 ], [ 76.735830342399893, 20.716304377022595 ], [ 76.732740763021141, 20.696334391611867 ], [ 76.725720569612037, 20.700244733991305 ], [ 76.722831508308744, 20.689962399295808 ], [ 76.739379780242615, 20.687207711374981 ], [ 76.738831910228924, 20.666399420520037 ], [ 76.732314938916687, 20.655701848926061 ], [ 76.755895434917406, 20.656004095637563 ], [ 76.759119277751381, 20.651695909534531 ], [ 76.749944846646798, 20.63013892271325 ], [ 76.770588513369731, 20.626313833632523 ], [ 76.760652486214553, 20.602814805545549 ], [ 76.781777593141754, 20.603310807838344 ], [ 76.788879683628124, 20.595228159008901 ], [ 76.787808260861368, 20.587275703899607 ], [ 76.776740046130243, 20.587185514102075 ], [ 76.768760111671071, 20.575717549202587 ], [ 76.783136258789824, 20.572517866268278 ], [ 76.771968964420921, 20.545144884550986 ], [ 76.770439860811408, 20.517862662862903 ], [ 76.760199898632791, 20.510104061547636 ], [ 76.752404317277779, 20.511242589510076 ], [ 76.746694759896442, 20.495464228320053 ], [ 76.735262428220651, 20.493080615885034 ], [ 76.735430919023102, 20.51138337527917 ], [ 76.725783572015004, 20.51243586946153 ], [ 76.726018489805838, 20.516602089716116 ], [ 76.71567813118601, 20.515438245060128 ], [ 76.705747044567786, 20.487339020862532 ], [ 76.711377021309261, 20.473260138143573 ], [ 76.699649362893979, 20.471233366821039 ], [ 76.693072510773703, 20.459128739641482 ], [ 76.713848607990627, 20.438410806215991 ], [ 76.712742754776059, 20.418588175606917 ], [ 76.722827560424548, 20.415431378672555 ], [ 76.726531603161874, 20.407067625943835 ], [ 76.723371596435044, 20.38959250488627 ], [ 76.708762471196735, 20.384591638210352 ], [ 76.699944572872184, 20.351956705756297 ], [ 76.728379018771562, 20.342918639313435 ], [ 76.726949113279616, 20.337302172611277 ], [ 76.745146616187256, 20.337390938493456 ], [ 76.742642836192104, 20.328789878863954 ], [ 76.753699317920805, 20.326687302474948 ], [ 76.765593440795286, 20.316348993571481 ], [ 76.768012904574476, 20.321687109858946 ], [ 76.792345633096545, 20.314165287261901 ], [ 76.786048746746602, 20.289442146289197 ], [ 76.805933371489587, 20.288282289288727 ], [ 76.811669472605715, 20.277965226929439 ], [ 76.819595704371906, 20.280580030146986 ], [ 76.825886923539969, 20.271434378474062 ], [ 76.820795752601725, 20.261362465556864 ], [ 76.824703374933435, 20.249242640283413 ], [ 76.821312208531296, 20.234709067114405 ], [ 76.810926493942986, 20.219329958147139 ], [ 76.794851410775578, 20.218287934634077 ], [ 76.784703311229791, 20.203216926174768 ], [ 76.768275953728406, 20.209357995957291 ], [ 76.746782054922505, 20.206724039802179 ], [ 76.748289710050472, 20.165427963825099 ], [ 76.762171940113262, 20.161328197274376 ], [ 76.757420144542436, 20.131111740504455 ], [ 76.696464265587636, 20.121675698528822 ], [ 76.668928333664738, 20.126108511486528 ], [ 76.658108974529839, 20.113446258825928 ], [ 76.660237839001638, 20.097224458838543 ], [ 76.651898314233918, 20.091388827439967 ], [ 76.648458095349824, 20.069563681472413 ], [ 76.632827852046788, 20.074395541216361 ], [ 76.634089389644998, 20.080675792167106 ], [ 76.630461083615728, 20.082208083351826 ], [ 76.624028833859668, 20.051252494869249 ], [ 76.663099720543613, 20.047559120490252 ], [ 76.658357506477685, 20.001871626768995 ], [ 76.645500377758296, 19.98466053430008 ], [ 76.660723151735993, 19.978721306261683 ], [ 76.659279765238452, 19.965603036576269 ], [ 76.636631603693857, 19.959463996515957 ], [ 76.636463057122427, 19.93367533028286 ], [ 76.628389524054043, 19.925489001641512 ], [ 76.607369525275686, 19.924933144404676 ], [ 76.605672461681721, 19.922126977188871 ], [ 76.613648290247227, 19.906742093233877 ], [ 76.610981024868067, 19.893093735595308 ], [ 76.624308251342697, 19.889536396109463 ], [ 76.633239427121936, 19.899311777628959 ], [ 76.654386798961696, 19.900508013490306 ], [ 76.659643306938861, 19.892202636608314 ], [ 76.647128347903831, 19.867001354497887 ], [ 76.633213013514563, 19.868988199104972 ], [ 76.624423371294952, 19.848587987442318 ], [ 76.614094316028968, 19.838336532672862 ], [ 76.569649361267537, 19.845368730195386 ], [ 76.564090814318646, 19.839535334144223 ], [ 76.536630626270522, 19.846762056399296 ], [ 76.531172461277848, 19.86176261343595 ], [ 76.534508281968343, 19.865529512342793 ], [ 76.518523413957979, 19.872811341432907 ], [ 76.518168073574529, 19.878258634421254 ], [ 76.506489307343671, 19.878005770760907 ], [ 76.501890602965446, 19.888783879621286 ], [ 76.492761583926168, 19.893795027436706 ], [ 76.493569383200693, 19.920159208156218 ], [ 76.462471992794832, 19.919517277329632 ], [ 76.453482738738842, 19.923355913534888 ], [ 76.441119375476518, 19.917287199103608 ], [ 76.405285297878407, 19.919797708814851 ], [ 76.402163576582225, 19.909801313437185 ], [ 76.392816855015795, 19.904917644480992 ], [ 76.383929617447876, 19.916964256660226 ], [ 76.366022494706698, 19.928500756535716 ], [ 76.354849665119914, 19.910165674102423 ], [ 76.354841628705017, 19.896867491263297 ], [ 76.342301122334035, 19.894443325615605 ], [ 76.336458993430384, 19.883678596445527 ], [ 76.326658931618326, 19.885978050656806 ], [ 76.315415230119442, 19.877239484533398 ], [ 76.300136111201397, 19.877597473941474 ], [ 76.293070208766579, 19.870795259247199 ], [ 76.25543218367288, 19.876291519089996 ], [ 76.22951391804466, 19.865141133783201 ], [ 76.196825511284558, 19.865399419285268 ], [ 76.181752695226379, 19.848071840228346 ], [ 76.148392566864558, 19.855948973696481 ], [ 76.147604888859348, 19.8436401819094 ], [ 76.135325406130221, 19.846772813814368 ], [ 76.129331364445122, 19.865019785939737 ], [ 76.097549713244419, 19.85695851286145 ], [ 76.092824345977476, 19.872053797814836 ], [ 76.080911477484833, 19.880545180778842 ], [ 76.08111677112953, 19.912536880758125 ], [ 76.058578081758839, 19.918676184972274 ], [ 76.057493259173128, 19.929808327158245 ], [ 76.047826035871893, 19.935621449408707 ], [ 76.05233205029846, 19.940245053559337 ], [ 76.048140734718444, 19.945967926238204 ], [ 76.011263798699446, 19.953756471017829 ], [ 76.011457869987325, 19.973713500334981 ], [ 75.989364178429994, 19.974041969775719 ], [ 75.988092911199345, 19.980674897509942 ], [ 75.971782834699255, 19.982663239519539 ], [ 75.962499230200009, 19.994905442506496 ], [ 75.965648366480096, 20.002789879976191 ], [ 75.986091321941629, 20.00473256238465 ], [ 76.006181029012438, 20.012423106111395 ], [ 76.010880120420595, 20.02197072069151 ], [ 76.023319347293238, 20.024298313189924 ], [ 76.018797805028086, 20.058401191197738 ], [ 76.0521984447753, 20.062064645777955 ], [ 76.069530614823236, 20.07280162257813 ], [ 76.062277949098444, 20.084491919186323 ], [ 76.051896163887136, 20.085192220142766 ], [ 76.055768809848104, 20.097391618406192 ], [ 76.086562146130689, 20.100293499845723 ], [ 76.088295297659172, 20.095594401874344 ], [ 76.094726393272282, 20.096294956921188 ], [ 76.098455314045438, 20.130493060911931 ], [ 76.105724011179987, 20.132575127383074 ], [ 76.108812839500501, 20.162433320638733 ], [ 76.119422231411875, 20.160855460889849 ], [ 76.133606492777204, 20.184853781871912 ], [ 76.131966126176778, 20.198748716422298 ], [ 76.145142782992608, 20.199583981450321 ], [ 76.1498542177453, 20.205949153781592 ], [ 76.13292664394028, 20.22244479399339 ], [ 76.149934060155061, 20.237098380117164 ], [ 76.166385147299977, 20.238434216847391 ], [ 76.169705654251018, 20.258328599645484 ], [ 76.177819420748264, 20.266038895080854 ], [ 76.193821773911367, 20.300153735626019 ], [ 76.17229621926586, 20.302175417605348 ], [ 76.168515133787139, 20.294906050065556 ], [ 76.155053211907415, 20.30275200735246 ], [ 76.140913904337125, 20.300525186583116 ], [ 76.14763905542884, 20.310567088365712 ], [ 76.136548703616043, 20.318376817292002 ], [ 76.129221783266374, 20.317276017261161 ], [ 76.123740952062334, 20.333096355367022 ], [ 76.128009806491193, 20.338846187485707 ], [ 76.126127425259753, 20.344929518386728 ], [ 76.120960118509089, 20.341916593187165 ], [ 76.121040055686876, 20.346623182242084 ], [ 76.114717934638946, 20.346031531003813 ], [ 76.108209601078542, 20.354011878498785 ], [ 76.098658152699628, 20.354397672512981 ], [ 76.099705976928462, 20.350346637110622 ], [ 76.094260109584965, 20.347233398554653 ], [ 76.089737257850516, 20.351567543566514 ], [ 76.093032028561694, 20.358082146968901 ], [ 76.086645103774117, 20.359700523024909 ], [ 76.085771749537301, 20.365237246142527 ], [ 76.071464452439869, 20.349038987086423 ], [ 76.046826638927669, 20.337124311911545 ], [ 76.032078573358092, 20.308253147415275 ], [ 76.028365248492307, 20.289055280260346 ], [ 76.001235359868929, 20.290783095387305 ], [ 76.004382237911798, 20.306434301594813 ], [ 75.992550397255656, 20.310800599328495 ], [ 75.975252842239215, 20.307751044517101 ], [ 75.976413990078655, 20.314429909932056 ], [ 75.970007684961843, 20.315830999879203 ], [ 75.949433175295624, 20.298527004564601 ], [ 75.928874774947218, 20.302213834055507 ], [ 75.926166806874633, 20.307688735481015 ], [ 75.923107310588222, 20.320631172035878 ], [ 75.933879029358835, 20.338774696655971 ], [ 75.940680726612655, 20.342140766590518 ], [ 75.941643098323382, 20.368908404932299 ], [ 75.957813484998937, 20.365559592936254 ], [ 75.959613778450006, 20.371862220049078 ], [ 75.966833246286072, 20.372951452380118 ], [ 75.962129952097499, 20.382915345797379 ], [ 75.952589280064643, 20.387036968066958 ], [ 75.94143142705208, 20.42480235220896 ], [ 75.940322405295348, 20.43137863639986 ], [ 75.944943372990224, 20.443130212046398 ], [ 75.955115072318904, 20.451039093088678 ], [ 75.957025815448787, 20.464543314600995 ], [ 75.952434575207945, 20.465294047760807 ], [ 75.954872451209496, 20.473015425262009 ], [ 75.948659320414123, 20.472473763141249 ], [ 75.940898928342293, 20.502148631211629 ], [ 75.949294172110143, 20.518609111791211 ], [ 75.960024432200939, 20.526007530476313 ], [ 75.969553935372119, 20.523098504275271 ], [ 75.972669408239597, 20.531820074059322 ], [ 75.990878120109727, 20.531103056360848 ], [ 75.992228487986893, 20.535680346086128 ], [ 76.000464254922619, 20.529507314346134 ], [ 76.008673001941148, 20.538777643598621 ], [ 76.009838540888211, 20.533061534713742 ], [ 76.018070203998633, 20.530224573555486 ], [ 76.015805292599055, 20.550924972208328 ], [ 76.036291028413942, 20.554748915396971 ], [ 76.036485836024056, 20.571819584717179 ], [ 76.042854290267201, 20.579110420499635 ], [ 76.036671070510366, 20.58753588946135 ], [ 76.040097807196545, 20.60628086249638 ], [ 76.030428884978804, 20.623364090564692 ], [ 76.032124221287361, 20.636700738543606 ], [ 76.024212274954223, 20.639122638630756 ], [ 76.021809549441713, 20.645545640125729 ], [ 76.006561400301052, 20.644538698284741 ], [ 76.004056831268926, 20.656229083455788 ], [ 75.994995633562411, 20.662961679898583 ], [ 76.001545477506426, 20.677778958815818 ], [ 76.001698459546802, 20.686164468167064 ], [ 75.994251873941948, 20.697169855509483 ], [ 75.997556087190887, 20.713783825909697 ], [ 76.013956417935972, 20.719011568321569 ], [ 76.015784794681863, 20.730174782645186 ], [ 76.007376155339074, 20.741478478306188 ], [ 75.996732005170074, 20.740721559561528 ], [ 75.984414673663878, 20.752589138639284 ], [ 75.985333646273858, 20.760988961773052 ], [ 75.993694244223192, 20.763887929827977 ], [ 75.995198785603606, 20.777998986187256 ], [ 76.010657712656169, 20.779831101954432 ], [ 76.012624623250218, 20.784864968222049 ], [ 76.045051790122002, 20.784493760601105 ], [ 76.050432469048843, 20.790027323835272 ], [ 76.055764202635544, 20.8024432267935 ], [ 76.048647298991995, 20.815863006250364 ], [ 76.056272430326146, 20.82537721196827 ], [ 76.07354726745362, 20.832423987113341 ], [ 76.073765879693255, 20.846852212265318 ], [ 76.076990729098029, 20.845763058591615 ], [ 76.085034614063545, 20.861830890872831 ], [ 76.091732777986905, 20.86363389786468 ], [ 76.112647908664627, 20.886670430188083 ], [ 76.11354579821348, 20.892738650207932 ], [ 76.106532269921502, 20.892443682766885 ], [ 76.100812988050222, 20.901571828617879 ], [ 76.077837224042625, 20.908651222057443 ], [ 76.079978436929821, 20.928191773061897 ], [ 76.086531573112282, 20.92769246088799 ], [ 76.08980756695324, 20.943789421723665 ], [ 76.111665386770014, 20.950805166780018 ], [ 76.118393436577335, 20.977635170298203 ], [ 76.130986293077029, 20.979325795929299 ], [ 76.158242087745393, 21.002790604317273 ], [ 76.164618279063689, 21.022583342802658 ], [ 76.160025617590776, 21.027567842110681 ], [ 76.163660492828228, 21.027669824473872 ], [ 76.164828351827921, 21.036410880213101 ], [ 76.169173100358691, 21.028999670468352 ], [ 76.19083377218918, 21.020972582659937 ], [ 76.200012133013772, 21.011289861152328 ], [ 76.223778020489092, 21.006209188015436 ], [ 76.238407783928082, 20.990360466224018 ], [ 76.266190741922912, 20.980148757764105 ], [ 76.277070756166054, 20.967856434053747 ], [ 76.279343329868965, 20.957395919585611 ], [ 76.345513700278531, 20.95140734376551 ], [ 76.366719267074672, 20.978143546400073 ], [ 76.380375621769232, 20.977022447546915 ], [ 76.387944607092606, 21.014995874891493 ], [ 76.396176438970386, 21.023937922025645 ], [ 76.398656056707196, 21.03313411290614 ], [ 76.388544416025411, 21.053945174426797 ], [ 76.385146662423196, 21.081942135304498 ], [ 76.413194416692619, 21.088422422272654 ], [ 76.410695742330503, 21.102436298212375 ], [ 76.437827201555052, 21.100468277660021 ], [ 76.441049267807117, 21.106202613275151 ], [ 76.456089350417372, 21.108395308015766 ], [ 76.451764796263703, 21.12124984184819 ], [ 76.458143911421118, 21.133277324135577 ], [ 76.474391399224984, 21.136976331105643 ], [ 76.466553734411818, 21.142657235491885 ], [ 76.478726064138584, 21.147391905581117 ], [ 76.480657017902331, 21.18216370160868 ], [ 76.490593518253888, 21.192151429412615 ], [ 76.502078659189891, 21.193490411838681 ], [ 76.50290848244623, 21.187464074020632 ], [ 76.508238860639096, 21.193051805265331 ], [ 76.530256745465337, 21.181932408908619 ], [ 76.565851426690756, 21.199470398753888 ], [ 76.599552137643869, 21.190749671936338 ], [ 76.613877296240275, 21.193216789524232 ], [ 76.623488683730969, 21.185038857634432 ], [ 76.637218052093232, 21.202713926384305 ], [ 76.634811227234522, 21.219102400010179 ], [ 76.641830326292123, 21.237133801775197 ], [ 76.649678167718307, 21.244683550805469 ], [ 76.661642567645472, 21.240707267519991 ], [ 76.66267922948758, 21.280693911537885 ], [ 76.68572442712312, 21.288702445212312 ], [ 76.711961095765616, 21.284466975104849 ], [ 76.720304793278558, 21.288507988901149 ] ] ] } },
{ "type": "Feature", "properties": { "District": "CHANDRAPUR" }, "geometry": { "type": "Polygon", "coordinates": [ [ [ 79.780876131154329, 20.726664422663106 ], [ 79.800734913166693, 20.699266950093076 ], [ 79.83468345179115, 20.683614337360183 ], [ 79.852811994232809, 20.681082768614793 ], [ 79.887980200799504, 20.68869808529498 ], [ 79.935069203446162, 20.664354098719816 ], [ 79.937211896599393, 20.649799922799904 ], [ 79.929744682355079, 20.640554936706973 ], [ 79.94083093358941, 20.631631665640395 ], [ 79.939245001177454, 20.600374690756933 ], [ 79.936354547987136, 20.578897007847278 ], [ 79.925817551198122, 20.553288667971838 ], [ 79.946073182314379, 20.539491407577852 ], [ 79.951939096858425, 20.52959920906914 ], [ 79.940129164621368, 20.441187656272032 ], [ 79.96515610179739, 20.410748288860173 ], [ 79.958234391820113, 20.381585037698386 ], [ 79.969348724098296, 20.366532594249875 ], [ 79.972100952739339, 20.353703609523155 ], [ 79.969534580800016, 20.344088282112498 ], [ 79.948276342758462, 20.323068483608779 ], [ 79.943706858934206, 20.287933510781365 ], [ 79.979057529416579, 20.251226106909044 ], [ 79.992140009304791, 20.223120059509537 ], [ 79.989783638108349, 20.212882372471892 ], [ 79.983351433096161, 20.208336476149533 ], [ 79.958373699118255, 20.203491167595828 ], [ 79.934410932463948, 20.192212837464101 ], [ 79.912291946372065, 20.151185059990908 ], [ 79.914058610019424, 20.142426783135672 ], [ 79.931541262425355, 20.129286277584114 ], [ 79.964186286222613, 20.121737659186007 ], [ 79.980730304024959, 20.085444890027144 ], [ 79.989070482548556, 20.04258316398149 ], [ 79.952219573722388, 19.989896014687844 ], [ 79.920535919168955, 19.96919234802159 ], [ 79.899743614857513, 19.968580185847436 ], [ 79.874916338197551, 19.983615317484048 ], [ 79.857980470471503, 20.026418663833393 ], [ 79.827802926729376, 20.030001453287696 ], [ 79.814218388770357, 20.027322411372545 ], [ 79.787906757115664, 20.010083232453859 ], [ 79.77170692176901, 19.975719451838703 ], [ 79.770384995065612, 19.963701576776419 ], [ 79.803672309298946, 19.895721794845493 ], [ 79.798326165493037, 19.885894678843421 ], [ 79.745992677975451, 19.837376323672881 ], [ 79.741420670585356, 19.811577314630547 ], [ 79.753352200805438, 19.758235796485305 ], [ 79.783633088045178, 19.720585566168396 ], [ 79.785924528837043, 19.642997239509342 ], [ 79.793483520561338, 19.606372053905126 ], [ 79.808077093776248, 19.579872229994336 ], [ 79.798583356400016, 19.581966614974146 ], [ 79.778606550749757, 19.599666499871066 ], [ 79.743080008882714, 19.60862625142164 ], [ 79.708999704401364, 19.584478292085638 ], [ 79.627919502632594, 19.573170822392058 ], [ 79.614137840042929, 19.559677256235013 ], [ 79.602965800695387, 19.514550781115609 ], [ 79.596153969366767, 19.507277322424844 ], [ 79.552932373967053, 19.524168599132221 ], [ 79.545379756101497, 19.550695170821626 ], [ 79.539927213492959, 19.554661262453202 ], [ 79.518610819633182, 19.543109248970357 ], [ 79.518588597679809, 19.520182827188435 ], [ 79.498387230858924, 19.50569486378015 ], [ 79.482631997421436, 19.506280227005835 ], [ 79.471424890332983, 19.500191724764711 ], [ 79.468961556546631, 19.509573805059269 ], [ 79.433334147142588, 19.537256597209751 ], [ 79.422559917079425, 19.538042737988125 ], [ 79.420472995230938, 19.529758233666808 ], [ 79.40531870324682, 19.535667473761237 ], [ 79.385677343039063, 19.558330525661507 ], [ 79.372752886010133, 19.560989768480159 ], [ 79.365730028491214, 19.576331394783807 ], [ 79.318444115312005, 19.576723379183044 ], [ 79.318537120542302, 19.567700879470049 ], [ 79.313930551913813, 19.566420805980879 ], [ 79.306840493586577, 19.596556016634583 ], [ 79.272949226792292, 19.598839602875138 ], [ 79.251097717430795, 19.615870492876521 ], [ 79.243557070475518, 19.616688943740698 ], [ 79.238643248804905, 19.60617069504038 ], [ 79.244412839477334, 19.594866098404239 ], [ 79.253124262744336, 19.593287158797043 ], [ 79.251025633669499, 19.577499617406634 ], [ 79.237123824555013, 19.557138302967711 ], [ 79.240023091791358, 19.535240206673496 ], [ 79.23372823903982, 19.520009208529252 ], [ 79.221162744241212, 19.520991491896201 ], [ 79.207464818609608, 19.506130851366819 ], [ 79.203851142226554, 19.494083474039535 ], [ 79.223589336293273, 19.469074903776828 ], [ 79.190869336371634, 19.45890234812213 ], [ 79.167832403403764, 19.472358476153531 ], [ 79.161354380828243, 19.488262711420102 ], [ 79.105388355434343, 19.522378241491559 ], [ 79.098034513886233, 19.532026770563679 ], [ 79.07690195577328, 19.532398621445758 ], [ 79.0460114603748, 19.548325712828895 ], [ 78.99803139159431, 19.540084339236195 ], [ 78.9977476785525, 19.549065118750985 ], [ 78.981251941828646, 19.560839381248819 ], [ 78.974223114915432, 19.549383227920544 ], [ 78.940443600640663, 19.551868301412977 ], [ 78.937672729494878, 19.56187367772867 ], [ 78.952543196483049, 19.564977902381649 ], [ 78.972834916566924, 19.582387659125185 ], [ 78.971784289030296, 19.590013014426805 ], [ 78.955620220515513, 19.600171196595007 ], [ 78.95536932340778, 19.619117623887369 ], [ 78.961849800109306, 19.637443589987015 ], [ 78.955558443093423, 19.655791000856979 ], [ 78.944233978392276, 19.661739584035946 ], [ 78.919724115468455, 19.662004038098665 ], [ 78.919864599663583, 19.666974272961809 ], [ 78.903535715324793, 19.670009076726206 ], [ 78.88644618613003, 19.662453227982699 ], [ 78.890478326181153, 19.659409637022492 ], [ 78.886726814479715, 19.65507136777282 ], [ 78.851920303911612, 19.658360820662669 ], [ 78.855691920313532, 19.686660908740375 ], [ 78.859923086095321, 19.689491281114126 ], [ 78.849425560160043, 19.721969168319887 ], [ 78.851149598127051, 19.736126198951727 ], [ 78.84795205749262, 19.735496983863481 ], [ 78.840886737839696, 19.761665285212352 ], [ 78.856282266677709, 19.771304368346133 ], [ 78.879233945378516, 19.766911140066522 ], [ 78.879847997423468, 19.748263691816341 ], [ 78.900677345876304, 19.737340125354521 ], [ 78.924477097524473, 19.748461709500464 ], [ 78.946816474670712, 19.748928181200153 ], [ 78.950300895669741, 19.759812048441951 ], [ 78.938922090357138, 19.771015977085703 ], [ 78.937643773513074, 19.778731339513254 ], [ 78.952913285667549, 19.799430916614206 ], [ 78.968420208563728, 19.807047348998903 ], [ 79.005048987466779, 19.807353516941259 ], [ 79.023734812970929, 19.800446848217 ], [ 79.043295258708326, 19.822053654539932 ], [ 79.071943873809829, 19.81793270944242 ], [ 79.085728213132342, 19.830296911324425 ], [ 79.08923899218928, 19.842443623734418 ], [ 79.09789023340204, 19.842188255987335 ], [ 79.111838701886739, 19.850578222332906 ], [ 79.118267042726345, 19.861247319163628 ], [ 79.133690851276327, 19.867617492780191 ], [ 79.149196042879794, 19.896821139878568 ], [ 79.111738620858887, 19.905395805788253 ], [ 79.101007719626466, 19.917563744074684 ], [ 79.091113139916445, 19.917644512969304 ], [ 79.089024883415078, 19.948243133293413 ], [ 79.102412368734505, 19.957758914735507 ], [ 79.108978300347133, 19.970604785626467 ], [ 79.092030799413749, 19.982310605614018 ], [ 79.101882476462876, 19.990139505893957 ], [ 79.111751105953687, 19.99093104824966 ], [ 79.107619639581685, 20.008680655852778 ], [ 79.082045043935011, 20.024847739432076 ], [ 79.067902712842795, 20.070239969614601 ], [ 79.058669223575592, 20.066053999595052 ], [ 79.045214469855878, 20.068594058416139 ], [ 79.047495612213424, 20.087024230215121 ], [ 79.032984863538132, 20.095042756550079 ], [ 79.020673512810475, 20.111007585678777 ], [ 78.999804214884165, 20.126603907540019 ], [ 78.970202733024095, 20.127551747346324 ], [ 78.969453478525054, 20.14419584354204 ], [ 78.981203042313439, 20.1499722352692 ], [ 78.97277135979607, 20.162681817917711 ], [ 78.953694246993805, 20.17223089539505 ], [ 78.957696372758889, 20.183765968318639 ], [ 78.954591265533267, 20.194982258950176 ], [ 78.962314910219533, 20.207862145066656 ], [ 78.93946369755362, 20.220314914662463 ], [ 78.937465026626811, 20.229388488049146 ], [ 78.922740592408104, 20.238484129761627 ], [ 78.919975493555, 20.254291563421639 ], [ 78.893652084404607, 20.249536455309798 ], [ 78.858091437896647, 20.254079020057699 ], [ 78.820604699578737, 20.250046903753493 ], [ 78.813475078817405, 20.254506502389624 ], [ 78.812448583370312, 20.263209709169296 ], [ 78.819441236874155, 20.278479635708383 ], [ 78.798773577289964, 20.2995619837254 ], [ 78.805276079965481, 20.310258145714212 ], [ 78.831482614022462, 20.323721030721995 ], [ 78.83040729998325, 20.336795227811908 ], [ 78.819939087978852, 20.350062842269601 ], [ 78.825828336461385, 20.36288221934997 ], [ 78.820348279440296, 20.371521598032665 ], [ 78.817145339901188, 20.397447982592031 ], [ 78.821956930436997, 20.405346583887383 ], [ 78.843428069044549, 20.406517669650448 ], [ 78.85204204459157, 20.415402127429019 ], [ 78.834093636820768, 20.427221398105875 ], [ 78.844395248933594, 20.434377783877757 ], [ 78.854535092188001, 20.422247165572635 ], [ 78.862493913740877, 20.421627032073872 ], [ 78.884774658009448, 20.427852791039236 ], [ 78.898839503588178, 20.437599982227713 ], [ 78.909620611905268, 20.431568200703634 ], [ 78.953189596381563, 20.428789896871635 ], [ 78.965725876990675, 20.445906568714079 ], [ 78.966868388765661, 20.46049631235946 ], [ 78.981623001676496, 20.458838777791829 ], [ 78.987346054315267, 20.465750779514089 ], [ 79.000396504314196, 20.450839494516387 ], [ 79.022950497742073, 20.48333964997267 ], [ 79.043450475443308, 20.478005360988188 ], [ 79.05191110419203, 20.466497223344515 ], [ 79.061967759105585, 20.469114871492582 ], [ 79.096180380772893, 20.463921644237754 ], [ 79.118883845502083, 20.451007391419733 ], [ 79.132501634924324, 20.457067187290392 ], [ 79.139785711410227, 20.482192509061694 ], [ 79.152555876780013, 20.482716769553161 ], [ 79.157748452884007, 20.478118188958412 ], [ 79.166005039127867, 20.492735182322722 ], [ 79.169788935773283, 20.514301734051305 ], [ 79.181014704480006, 20.512375567399189 ], [ 79.194251144758226, 20.539077292964237 ], [ 79.217638029727112, 20.55261135350079 ], [ 79.222375347577668, 20.584888609318927 ], [ 79.249109325778633, 20.591217199729236 ], [ 79.283215589903222, 20.588396165079434 ], [ 79.294140740165858, 20.593006085330632 ], [ 79.308064839563343, 20.585283062273202 ], [ 79.322223364360141, 20.584434865117238 ], [ 79.330402792290045, 20.594560256727398 ], [ 79.334117114140312, 20.619768736860149 ], [ 79.347196250001616, 20.635556777200847 ], [ 79.347103153279349, 20.643277745984701 ], [ 79.344121815494532, 20.642343452949909 ], [ 79.340609671811393, 20.645208246590144 ], [ 79.354640061066092, 20.654804130424875 ], [ 79.356494305745628, 20.662035369635618 ], [ 79.349250321332448, 20.666467902734261 ], [ 79.348709080987419, 20.676049896892483 ], [ 79.369283417550847, 20.675947062710463 ], [ 79.37950620782982, 20.684331857852669 ], [ 79.388107171291367, 20.681377646222536 ], [ 79.388033543110552, 20.66667617026399 ], [ 79.397588690345444, 20.660255119844553 ], [ 79.419499976701161, 20.660283108386146 ], [ 79.428000845561613, 20.664880329624125 ], [ 79.43613570239701, 20.661865092517161 ], [ 79.469695496346361, 20.681604370272161 ], [ 79.489867491328212, 20.708904319516929 ], [ 79.50449190417757, 20.70192046473289 ], [ 79.505779635352127, 20.709226721211945 ], [ 79.515990563997633, 20.709392237867821 ], [ 79.517984705554539, 20.714210768773626 ], [ 79.535899883326195, 20.705471963285976 ], [ 79.565542404853758, 20.7075031226458 ], [ 79.566970499603826, 20.697095364452856 ], [ 79.588483538040222, 20.6915463435571 ], [ 79.600909001326343, 20.691377403043383 ], [ 79.608197924687062, 20.696469980778307 ], [ 79.619649585820227, 20.676224831108204 ], [ 79.659018210243033, 20.667509974841085 ], [ 79.663126339926663, 20.654196471432279 ], [ 79.693489983945682, 20.6414053261311 ], [ 79.700204788569593, 20.648597237529977 ], [ 79.693096051907403, 20.673281370068484 ], [ 79.710774044199468, 20.687096190645239 ], [ 79.733881587278546, 20.684260824536075 ], [ 79.751131684162175, 20.688136582354563 ], [ 79.758969808675829, 20.707515975176666 ], [ 79.753101712451567, 20.713466973701586 ], [ 79.758119062275085, 20.734860477267922 ], [ 79.780876131154329, 20.726664422663106 ] ] ] } },
{ "type": "Feature", "properties": { "District": "DHULE" }, "geometry": { "type": "Polygon", "coordinates": [ [ [ 74.865377313302162, 21.62855763356653 ], [ 74.87180524697439, 21.631822797307336 ], [ 74.90168331425987, 21.629238013471316 ], [ 74.91033488498887, 21.614574263528734 ], [ 74.97922850410194, 21.595237570537904 ], [ 75.01534055947026, 21.575229474248154 ], [ 75.01502122534491, 21.569677383899194 ], [ 75.053315444648248, 21.564824491644359 ], [ 75.089208290713898, 21.516761861720184 ], [ 75.08845858287809, 21.500880098434575 ], [ 75.107164780607633, 21.462694943239843 ], [ 75.133832468390978, 21.445395387177751 ], [ 75.179993072830882, 21.430552092681605 ], [ 75.206557684089333, 21.413099401066606 ], [ 75.185446282816599, 21.410625508352091 ], [ 75.173264226617249, 21.401727452269864 ], [ 75.158529853123568, 21.402881110571638 ], [ 75.150133506051276, 21.387252467706187 ], [ 75.138095561745246, 21.382722089344703 ], [ 75.136019828811669, 21.361261384439246 ], [ 75.148172353310329, 21.349394674271572 ], [ 75.142946335777225, 21.345034084434008 ], [ 75.126575691176996, 21.349036281941114 ], [ 75.1204229946092, 21.341117401331211 ], [ 75.152987388245322, 21.325173730146897 ], [ 75.147684769007498, 21.31684221680046 ], [ 75.136101173671875, 21.315525743190111 ], [ 75.138388578178763, 21.290261474029933 ], [ 75.128451308215148, 21.284420533622733 ], [ 75.128442605347246, 21.269399260460371 ], [ 75.114528616705115, 21.260364032206091 ], [ 75.099878195218253, 21.233324099907406 ], [ 75.067552989223913, 21.225050586713678 ], [ 75.055153671845417, 21.211834086788929 ], [ 75.044283082492342, 21.210357983874417 ], [ 75.037753947116059, 21.191604649709983 ], [ 75.016686847569957, 21.191803143463897 ], [ 75.003439207428741, 21.1860809854637 ], [ 74.983979674579658, 21.199946448792776 ], [ 74.974137247598691, 21.220009880655233 ], [ 74.9442918956792, 21.224993169439088 ], [ 74.947897983867762, 21.217437603810399 ], [ 74.95994737654371, 21.210776758365363 ], [ 74.95044408235151, 21.200327871354666 ], [ 74.963606474629074, 21.198555081404248 ], [ 74.96391516058037, 21.194542895764375 ], [ 74.932824560899547, 21.164856044519006 ], [ 74.910417911648238, 21.163096388533351 ], [ 74.893333227118333, 21.148297925808283 ], [ 74.884075003604011, 21.125516427310959 ], [ 74.886152545489466, 21.11467331596501 ], [ 74.86936806066997, 21.101209899901136 ], [ 74.872978380401079, 21.089565785057488 ], [ 74.857873928787683, 21.060896619653271 ], [ 74.862863243878081, 21.053164670246478 ], [ 74.889447256451831, 21.051467386325431 ], [ 74.892537728642026, 21.039206076657255 ], [ 74.910553842413023, 21.030497260240701 ], [ 74.918549551674573, 21.014048630511759 ], [ 74.916582828918209, 20.99008714928053 ], [ 74.931234309912682, 20.969150911129514 ], [ 74.928711912014279, 20.962061665009209 ], [ 74.91098412281768, 20.963690819415714 ], [ 74.912106657287239, 20.927504448909019 ], [ 74.933664272366428, 20.926225244962978 ], [ 74.933279127613048, 20.917754144301643 ], [ 74.948671928313942, 20.914617194278758 ], [ 74.954089270708906, 20.901649629516726 ], [ 74.961060378984172, 20.901895933548342 ], [ 74.959183750128602, 20.892072663904248 ], [ 74.963431107410344, 20.88389477505994 ], [ 74.96833113185285, 20.883564602464581 ], [ 74.963639557926584, 20.858984675951803 ], [ 74.969952092272152, 20.846310807161199 ], [ 74.97727616528789, 20.845637924513284 ], [ 74.984700134434547, 20.82754478541537 ], [ 74.983978801219436, 20.821459472679958 ], [ 74.965642333518687, 20.819087526317823 ], [ 74.958849851460712, 20.802137060617898 ], [ 74.98838324251814, 20.767151768151173 ], [ 74.989407583347827, 20.738703867150768 ], [ 74.961824017703023, 20.720855384859192 ], [ 74.948061029026022, 20.721633636868241 ], [ 74.955602837316093, 20.714015390609841 ], [ 74.95025081667842, 20.706355293491153 ], [ 74.956353444774209, 20.690422455357872 ], [ 74.940914560055759, 20.679948365220998 ], [ 74.941385408698849, 20.673443555588506 ], [ 74.930459173268233, 20.656183356522082 ], [ 74.899239781937894, 20.656296778074363 ], [ 74.89159671187123, 20.64268203746699 ], [ 74.874689852374289, 20.643252199322507 ], [ 74.853947744981838, 20.634424638629927 ], [ 74.840396890787545, 20.636688213810721 ], [ 74.840234702376975, 20.631542305540279 ], [ 74.830306416712034, 20.632920904849783 ], [ 74.822944683702175, 20.627729135206856 ], [ 74.809350834917609, 20.638225474914314 ], [ 74.80000818686446, 20.638064422363986 ], [ 74.801355935798327, 20.660248894093385 ], [ 74.788069214146446, 20.660536162286899 ], [ 74.779567303419185, 20.666612467679123 ], [ 74.772415404557194, 20.662790937556711 ], [ 74.772016858693561, 20.66745079466369 ], [ 74.769297900288464, 20.662459246965035 ], [ 74.744940219490729, 20.670801743736124 ], [ 74.737827113985333, 20.665878289691911 ], [ 74.730988108795344, 20.67315504298611 ], [ 74.732530779714665, 20.677636763426005 ], [ 74.720143299934705, 20.677295450017898 ], [ 74.71073594059115, 20.685759989811544 ], [ 74.672993744994926, 20.694145117053989 ], [ 74.649788731255683, 20.694015778587573 ], [ 74.658505985578302, 20.718249685153307 ], [ 74.652496650162661, 20.727573687294619 ], [ 74.661064343164554, 20.739678926170836 ], [ 74.653897485719696, 20.756107131037613 ], [ 74.662653674557944, 20.762672217887161 ], [ 74.664490180712917, 20.774158562160775 ], [ 74.633274444199571, 20.783037790758655 ], [ 74.631848578370409, 20.790660979600737 ], [ 74.619323079017903, 20.803958681510903 ], [ 74.57284172838078, 20.818779929518843 ], [ 74.572616405539961, 20.830913126395604 ], [ 74.563337896761212, 20.823596582568904 ], [ 74.541478611703823, 20.829016921392988 ], [ 74.536271844230953, 20.835071545373918 ], [ 74.525863903127501, 20.815815214165127 ], [ 74.5118665029471, 20.808443302370012 ], [ 74.505329263633385, 20.818879590376202 ], [ 74.491331856474105, 20.815287910031145 ], [ 74.48249800203088, 20.821172904179058 ], [ 74.484935902882015, 20.828940047548482 ], [ 74.478855304068048, 20.834162096624738 ], [ 74.476103510950892, 20.820016759397436 ], [ 74.456366685295094, 20.812065818790138 ], [ 74.449606571435396, 20.815495770462707 ], [ 74.439825127435512, 20.798498021214403 ], [ 74.416667380044544, 20.809796641223134 ], [ 74.396969174839654, 20.831904649331651 ], [ 74.388261001852271, 20.835805673251816 ], [ 74.38942685566478, 20.840029572060441 ], [ 74.402904310313417, 20.837582658517068 ], [ 74.395921306040819, 20.849559843640687 ], [ 74.396245980662229, 20.86097280237685 ], [ 74.392726256046657, 20.854737029967691 ], [ 74.386501682593718, 20.85693576173146 ], [ 74.382644434406316, 20.840332904833801 ], [ 74.35872791954786, 20.844593925830328 ], [ 74.351769496538324, 20.850660628640497 ], [ 74.35712060035587, 20.852331192240911 ], [ 74.356175715055898, 20.858666048028134 ], [ 74.349012606802461, 20.858872776699801 ], [ 74.346830433988018, 20.847565516750244 ], [ 74.338291583282242, 20.84981263126269 ], [ 74.336945901122661, 20.836945423672667 ], [ 74.33302873988444, 20.83652181837785 ], [ 74.325382217246997, 20.848144234988627 ], [ 74.314841358582356, 20.842949793013609 ], [ 74.292443808227972, 20.855431391270436 ], [ 74.265642677053961, 20.851389408360216 ], [ 74.251749582943674, 20.859531406299734 ], [ 74.243503375238433, 20.850176405227693 ], [ 74.233597379734718, 20.848892156102295 ], [ 74.224411069281544, 20.856720247388729 ], [ 74.2089121412005, 20.855083660476605 ], [ 74.201537781312709, 20.859585558634169 ], [ 74.196002404536429, 20.855190322931609 ], [ 74.15931074225962, 20.86211227302779 ], [ 74.158928306805208, 20.851951622313468 ], [ 74.149565256260345, 20.85033780444801 ], [ 74.128910433728123, 20.864771703694299 ], [ 74.103377004014646, 20.855101343179602 ], [ 74.102824899287725, 20.844788336128286 ], [ 74.097150146105108, 20.841024599890542 ], [ 74.07730881483873, 20.848770887784948 ], [ 74.063149565237282, 20.84893896558658 ], [ 74.043884066118423, 20.834714472330795 ], [ 74.032730011999519, 20.839518939556058 ], [ 74.02619792863409, 20.852104949056173 ], [ 74.017512573457836, 20.844182707380828 ], [ 74.015243532275562, 20.853812218343769 ], [ 74.013954959873658, 20.843984551930387 ], [ 74.006619458472343, 20.836212100488464 ], [ 74.00452648683887, 20.842522146379906 ], [ 73.966636917259578, 20.854433878890934 ], [ 73.962635492634931, 20.84251431834468 ], [ 73.94789935437278, 20.838899391952236 ], [ 73.929351557273989, 20.842357301595143 ], [ 73.9226419634888, 20.862401955111601 ], [ 73.925725991261643, 20.888504194710912 ], [ 73.917538200133095, 20.90778124141119 ], [ 73.888199189433848, 20.933591287453062 ], [ 73.892311898248735, 20.955710671957423 ], [ 73.907976247927976, 20.959736545974447 ], [ 73.908372260688736, 20.967192511100858 ], [ 73.901297590237036, 20.982304572699892 ], [ 73.892386971153414, 20.979469693013311 ], [ 73.869022558626554, 20.985264768794792 ], [ 73.851204898646102, 20.997634935847028 ], [ 73.856627742673368, 21.020223676852194 ], [ 73.854493641275184, 21.03265014583096 ], [ 73.882187839372705, 21.026230530298431 ], [ 73.895300875150809, 21.035257980440807 ], [ 73.907028894150997, 21.036532158495085 ], [ 73.907181059557104, 21.043597429196669 ], [ 73.909900583580679, 21.037615084109408 ], [ 73.929890603712337, 21.039029868565933 ], [ 73.948183152578281, 21.031518135027511 ], [ 73.954300531093452, 21.039188850371236 ], [ 73.955257887793408, 21.051318977065858 ], [ 73.944523546652306, 21.062055558189357 ], [ 73.948086814773305, 21.071458301266336 ], [ 73.943571437108844, 21.078559415370119 ], [ 73.956345104198192, 21.102539655584923 ], [ 73.974614555315, 21.113545990898452 ], [ 74.000128642898403, 21.12093199486775 ], [ 74.016062478391021, 21.131077961002351 ], [ 74.020095752099124, 21.141635172839504 ], [ 74.0354155320274, 21.144798511566197 ], [ 74.049677693569933, 21.135812256797166 ], [ 74.0475336045793, 21.127850428556133 ], [ 74.07029604972243, 21.129797392471577 ], [ 74.084067879329723, 21.112748217024578 ], [ 74.097248043815028, 21.110442625840054 ], [ 74.098062417675337, 21.126764771482101 ], [ 74.092611929576762, 21.132782294625791 ], [ 74.076927293958192, 21.133518251308761 ], [ 74.076858587183253, 21.151521753811068 ], [ 74.057181304152735, 21.169977361984532 ], [ 74.070060786406003, 21.175694511985402 ], [ 74.087406267923868, 21.195747099950683 ], [ 74.102153278150794, 21.198000500094931 ], [ 74.120700218218133, 21.213356895516174 ], [ 74.146030502770671, 21.206898208316744 ], [ 74.149395913317093, 21.210298102329119 ], [ 74.143776665781147, 21.22014766118772 ], [ 74.157888025242741, 21.230784459323001 ], [ 74.164336289163529, 21.225274773344854 ], [ 74.159794689850216, 21.218600069984124 ], [ 74.163406646751596, 21.214869994243514 ], [ 74.179180853212117, 21.209785704729878 ], [ 74.185796765799452, 21.220111687672262 ], [ 74.209461613967207, 21.221479870523208 ], [ 74.219653110350322, 21.241282250178909 ], [ 74.231819541668543, 21.239832046070354 ], [ 74.246012376112233, 21.248171666623303 ], [ 74.267327315401658, 21.249359213975936 ], [ 74.284070558688725, 21.239705170511684 ], [ 74.299061782175528, 21.238007048080522 ], [ 74.317791543168298, 21.248397332329727 ], [ 74.317164302825546, 21.230145218939608 ], [ 74.327679672205932, 21.232988673620135 ], [ 74.337865125382066, 21.22861682022242 ], [ 74.356699874878288, 21.232278167736354 ], [ 74.355665681229254, 21.252200477002603 ], [ 74.387998738607109, 21.25578554623922 ], [ 74.398198561317017, 21.264702276200563 ], [ 74.40931870813354, 21.266623867396934 ], [ 74.410285753461679, 21.257446490356429 ], [ 74.431872250841963, 21.261184884981287 ], [ 74.4318872180299, 21.256019210292006 ], [ 74.437469523470128, 21.254921790957507 ], [ 74.440908309991997, 21.247778538113803 ], [ 74.432492944474902, 21.244775448646287 ], [ 74.434672078043135, 21.237112862823437 ], [ 74.489988984051934, 21.242491876544204 ], [ 74.492156176040325, 21.255238033884964 ], [ 74.487026341695085, 21.254619415705125 ], [ 74.498671818660966, 21.264358048348477 ], [ 74.501888688159454, 21.28000624709766 ], [ 74.492586542252084, 21.297832367618572 ], [ 74.474308901305022, 21.296606103713287 ], [ 74.473815202512512, 21.305661615629457 ], [ 74.483103397907016, 21.309191558224928 ], [ 74.477474818394114, 21.331485132268266 ], [ 74.47847333917467, 21.349235234681142 ], [ 74.490397361083794, 21.35005359774518 ], [ 74.489728685771524, 21.370670059743837 ], [ 74.50843476259405, 21.389008694435464 ], [ 74.502850216935144, 21.394021316980666 ], [ 74.493012399023371, 21.391291719511596 ], [ 74.498893181538776, 21.398402192730696 ], [ 74.50208720952385, 21.415830561217398 ], [ 74.496569090961586, 21.425576176590646 ], [ 74.512534101025423, 21.429797756435999 ], [ 74.536187368409145, 21.426065986721216 ], [ 74.571927700126366, 21.402575980234026 ], [ 74.599609266281561, 21.415424895744646 ], [ 74.619488851450626, 21.411405558856767 ], [ 74.633509067308779, 21.401743350005393 ], [ 74.664605459988991, 21.407071034596495 ], [ 74.686026367710141, 21.403554473536239 ], [ 74.698628789596995, 21.422858132220515 ], [ 74.691807077193801, 21.434145462794422 ], [ 74.70520701234237, 21.449860870802045 ], [ 74.699770659066886, 21.46899954867974 ], [ 74.726067359722677, 21.476950452132069 ], [ 74.7327574979019, 21.471846012652364 ], [ 74.731799285286158, 21.47872754461287 ], [ 74.755216972331056, 21.477561889492527 ], [ 74.761234500822226, 21.516800426675172 ], [ 74.753889730511631, 21.529229406077 ], [ 74.759640952952296, 21.537557212072741 ], [ 74.758569293798089, 21.57650863572152 ], [ 74.771188780120283, 21.608411950011032 ], [ 74.76883115379664, 21.616044087510041 ], [ 74.782873916649706, 21.610690321524203 ], [ 74.798082805620808, 21.609919550301306 ], [ 74.802174726454226, 21.615398743293724 ], [ 74.828858263702614, 21.609793323640009 ], [ 74.831325287622178, 21.618293224651428 ], [ 74.839737051114597, 21.619026508799681 ], [ 74.838103971728728, 21.622105937257288 ], [ 74.856680338896567, 21.62659718667409 ], [ 74.862763801595747, 21.634455048622176 ], [ 74.865377313302162, 21.62855763356653 ] ] ] } },
{ "type": "Feature", "properties": { "District": "GADCHIROLI" }, "geometry": { "type": "Polygon", "coordinates": [ [ [ 80.522475627639395, 20.834431877932776 ], [ 80.554671566837456, 20.822283414160502 ], [ 80.561735790417075, 20.823463633180843 ], [ 80.54917479633454, 20.796062205453484 ], [ 80.551663462526548, 20.76403451614167 ], [ 80.562759868111129, 20.74732463219306 ], [ 80.560010278929809, 20.726200156865495 ], [ 80.565152746009787, 20.710788215101637 ], [ 80.581802685614278, 20.697411558620296 ], [ 80.587651663466929, 20.684067469716638 ], [ 80.580125160522385, 20.672919607247692 ], [ 80.556967630546325, 20.670233957670554 ], [ 80.544909012061012, 20.660284047108263 ], [ 80.517926792715002, 20.655062271567171 ], [ 80.495650091058508, 20.636848402909241 ], [ 80.494149461090132, 20.61250416601008 ], [ 80.5044138358369, 20.583353382641079 ], [ 80.520928181498789, 20.580478107527892 ], [ 80.538838072830131, 20.584995151915937 ], [ 80.557830866417987, 20.594343193052957 ], [ 80.564393324151141, 20.603617460164418 ], [ 80.58076740500546, 20.608364461892979 ], [ 80.601407666517829, 20.608793045845342 ], [ 80.61230644568154, 20.600506740868489 ], [ 80.631861550624336, 20.598402420537592 ], [ 80.61734825864086, 20.585752410448528 ], [ 80.625554157974733, 20.578133534837953 ], [ 80.620955162524922, 20.570062883243626 ], [ 80.626585011941941, 20.563812391995093 ], [ 80.624307226379557, 20.555773397537539 ], [ 80.615268955696692, 20.549897449604376 ], [ 80.621315580446193, 20.532798899609759 ], [ 80.619324839692339, 20.505766404034372 ], [ 80.612595377804141, 20.461929959490394 ], [ 80.602174191307341, 20.44996060719831 ], [ 80.613641963527456, 20.434980951193197 ], [ 80.600094813859869, 20.418011597683797 ], [ 80.591481510132951, 20.393070755680775 ], [ 80.596584538994023, 20.383835644391407 ], [ 80.610748548160103, 20.375061994529723 ], [ 80.615108367555649, 20.351793806624922 ], [ 80.626352106459393, 20.332626415781139 ], [ 80.610523761321019, 20.318403669510317 ], [ 80.549575930285414, 20.308957888234012 ], [ 80.543499140667365, 20.293527069099873 ], [ 80.518817025772137, 20.266166897659133 ], [ 80.48991132154805, 20.27826160467858 ], [ 80.479132017652788, 20.278296628314738 ], [ 80.466938928390618, 20.276122470914228 ], [ 80.416780711252031, 20.248817029631539 ], [ 80.395259466136707, 20.245009003661686 ], [ 80.404834864718111, 20.218730822163643 ], [ 80.422051256307157, 20.206799019627944 ], [ 80.421005092498575, 20.196172005771157 ], [ 80.400686507074454, 20.189717630608843 ], [ 80.396589373793589, 20.173896927191802 ], [ 80.388538324046337, 20.165198980219266 ], [ 80.401817651928837, 20.147244315818398 ], [ 80.433378480837533, 20.135330315392373 ], [ 80.455448368085669, 20.137928334784863 ], [ 80.454653435646136, 20.14525450119563 ], [ 80.46014674568589, 20.150938195403057 ], [ 80.48508297530681, 20.143874048849248 ], [ 80.505594504269098, 20.144439185179174 ], [ 80.512410805025866, 20.135844273747004 ], [ 80.530671454045802, 20.131722342922615 ], [ 80.552072474941298, 20.117961538914834 ], [ 80.544002955479115, 20.09563739299217 ], [ 80.556811659868757, 20.071876717113238 ], [ 80.549314751663601, 20.055248324329728 ], [ 80.550984424291812, 20.041636049779903 ], [ 80.542564944324823, 20.010770719633651 ], [ 80.549851829061367, 20.00081032927476 ], [ 80.549600502521258, 19.985971461817257 ], [ 80.537639270107263, 19.973793669861045 ], [ 80.53890176716321, 19.951891861899139 ], [ 80.531639653999292, 19.948565334686897 ], [ 80.529894435810164, 19.93946732425491 ], [ 80.504744104845699, 19.928545921084421 ], [ 80.488747168957843, 19.930607351122486 ], [ 80.480733008377555, 19.934371030864309 ], [ 80.473164314566418, 19.950945149709835 ], [ 80.466031817264536, 19.948184840546094 ], [ 80.452155589223466, 19.957604015842819 ], [ 80.430147533976537, 19.940637766183556 ], [ 80.411252758606466, 19.938493863090649 ], [ 80.412573699712311, 19.924636794128059 ], [ 80.407953725611222, 19.912714240461074 ], [ 80.413883065664038, 19.907451130849982 ], [ 80.450380517058932, 19.896330031108072 ], [ 80.4686237013632, 19.907564423696574 ], [ 80.491426568350818, 19.902013327907682 ], [ 80.505824509391886, 19.870649757059169 ], [ 80.486287154814192, 19.863593576938989 ], [ 80.478689776716053, 19.839321845558793 ], [ 80.471902798695766, 19.835559401662078 ], [ 80.469079275812916, 19.82702165808718 ], [ 80.440721101547297, 19.810333799891829 ], [ 80.429675159105059, 19.80714421734659 ], [ 80.421584993657362, 19.813399760960181 ], [ 80.401624257212816, 19.817037980545933 ], [ 80.407688256298528, 19.80600441356664 ], [ 80.401698216329692, 19.79620072389034 ], [ 80.424162336789493, 19.799161139832307 ], [ 80.44929679965928, 19.789771239650221 ], [ 80.464258327453464, 19.795775050975649 ], [ 80.489028969177454, 19.770410388032005 ], [ 80.489993098184129, 19.790146341852445 ], [ 80.484967940742209, 19.802477227406591 ], [ 80.47565253591597, 19.803618219934453 ], [ 80.46887768027247, 19.810446720624032 ], [ 80.48058128277718, 19.827505788299828 ], [ 80.520206391641764, 19.831718094255113 ], [ 80.546302164152195, 19.818265731972748 ], [ 80.547557382163092, 19.794897187785065 ], [ 80.542611933717055, 19.779923168788777 ], [ 80.552607005373915, 19.765560511032309 ], [ 80.571458374428545, 19.759226540763116 ], [ 80.586466854456603, 19.741135989868845 ], [ 80.61105784373531, 19.738171283576399 ], [ 80.626760472418297, 19.72578473590508 ], [ 80.640131402079263, 19.725305627957443 ], [ 80.650199575608553, 19.71143289797255 ], [ 80.672216262082941, 19.700715940620782 ], [ 80.674250139583123, 19.684413106294407 ], [ 80.662617362785724, 19.622481830493999 ], [ 80.665332097626177, 19.611879169265933 ], [ 80.670271416743205, 19.609319227530086 ], [ 80.714647712890056, 19.616704803053608 ], [ 80.740845934190062, 19.606230873889761 ], [ 80.769428284019725, 19.586669707333474 ], [ 80.767033119269627, 19.574913658989548 ], [ 80.775108878032071, 19.562511916798009 ], [ 80.789442373445979, 19.560417662218317 ], [ 80.816153827346071, 19.571196851759915 ], [ 80.835593258199836, 19.566356834546546 ], [ 80.843696659907337, 19.53845371374079 ], [ 80.856207428759248, 19.523002786241882 ], [ 80.87313902862509, 19.518700670039834 ], [ 80.883686846628166, 19.52617091575339 ], [ 80.894964875410821, 19.519624789724926 ], [ 80.892940207880883, 19.502299744632708 ], [ 80.897684317809478, 19.480448720620608 ], [ 80.893431226411394, 19.466579733357698 ], [ 80.873630887574777, 19.444987958813673 ], [ 80.842423644468781, 19.446908040027758 ], [ 80.812527075424924, 19.432756136363125 ], [ 80.795849833926979, 19.432264823966854 ], [ 80.816648106041058, 19.397151304178607 ], [ 80.81733060236148, 19.38390679360111 ], [ 80.849053648195593, 19.369737894469864 ], [ 80.852852651703969, 19.363899946695774 ], [ 80.846077659891307, 19.355253345322822 ], [ 80.810073758542075, 19.336211916572584 ], [ 80.806094143833974, 19.327511371846608 ], [ 80.774212442237712, 19.31357822437235 ], [ 80.755292290513466, 19.289081714707763 ], [ 80.710759618434764, 19.281756399822292 ], [ 80.68969921079497, 19.286975190237992 ], [ 80.693153625648094, 19.315546377479603 ], [ 80.67989685189302, 19.330332049830332 ], [ 80.654050191549032, 19.322810995126815 ], [ 80.631511960164218, 19.307169484520116 ], [ 80.612543453575228, 19.309518026669185 ], [ 80.607655677112263, 19.326126379216202 ], [ 80.59003107851143, 19.351770987134298 ], [ 80.58822336220608, 19.370258322488336 ], [ 80.591796497093483, 19.375914083093878 ], [ 80.575925119162747, 19.402356966569645 ], [ 80.562478507479824, 19.399100733965717 ], [ 80.544173427035275, 19.383876129753723 ], [ 80.520330940801514, 19.34776955147473 ], [ 80.482497955770214, 19.338135832320781 ], [ 80.448409680569952, 19.26663171622031 ], [ 80.429869850987771, 19.254076646563224 ], [ 80.395501940723619, 19.246468371395 ], [ 80.389028605619131, 19.237968117418276 ], [ 80.383934110589948, 19.215022187745383 ], [ 80.394345037261374, 19.196370746281698 ], [ 80.393844875095354, 19.18779757844467 ], [ 80.387659182425026, 19.180507735793032 ], [ 80.347886604748354, 19.160116525764682 ], [ 80.34778333219235, 19.152360816156712 ], [ 80.340683467892163, 19.146207479867876 ], [ 80.333078935897419, 19.145523827137335 ], [ 80.327430697532535, 19.135110751442987 ], [ 80.339618958315555, 19.100111045172639 ], [ 80.327921943578204, 19.095049376776732 ], [ 80.329667694992153, 19.070106706981704 ], [ 80.297339163993144, 19.049005896082331 ], [ 80.305162141880245, 19.027349691374265 ], [ 80.303126811741109, 19.022163321197141 ], [ 80.273204790213882, 18.992370724008264 ], [ 80.270250561889995, 18.939875894153079 ], [ 80.326192526262446, 18.88089628062281 ], [ 80.349260073140826, 18.847799120940536 ], [ 80.354310730343883, 18.826456215529014 ], [ 80.351413629079431, 18.816292206868454 ], [ 80.322995366112394, 18.798967707042848 ], [ 80.299936540836981, 18.794447165627442 ], [ 80.288374233001576, 18.773780664654559 ], [ 80.275920462255783, 18.766108764442119 ], [ 80.256707279288648, 18.769982478505689 ], [ 80.247696679845447, 18.764196750400725 ], [ 80.244750534841401, 18.756607444205461 ], [ 80.272417959001132, 18.723505227837443 ], [ 80.252232498506174, 18.706806675528917 ], [ 80.230398094809004, 18.701805961258859 ], [ 80.219334349575476, 18.707917360942414 ], [ 80.212771705858088, 18.705717739854578 ], [ 80.200428293832914, 18.692559761892362 ], [ 80.196569018528706, 18.680795451828754 ], [ 80.178704498721658, 18.683267658045626 ], [ 80.16862284566885, 18.699709369304962 ], [ 80.157707995987678, 18.700979757842966 ], [ 80.118121870112702, 18.680516792659393 ], [ 80.088506636144672, 18.707277625205307 ], [ 80.074585640826996, 18.710516560608614 ], [ 80.064620584025988, 18.723262632399614 ], [ 80.052796951902778, 18.725058817533807 ], [ 80.038683059924679, 18.752972812097479 ], [ 80.024983977013406, 18.754939569638267 ], [ 80.018544284196537, 18.770382977034775 ], [ 80.000993024494079, 18.776066223746867 ], [ 79.993050840645168, 18.769934044052285 ], [ 79.964154099725022, 18.773825002341216 ], [ 79.924116694551415, 18.806901144421698 ], [ 79.91403057006346, 18.82380669569687 ], [ 79.919105207891519, 18.833815044570827 ], [ 79.947642250357731, 18.850182161437552 ], [ 79.961605031214901, 18.866626602964445 ], [ 79.953613741274808, 18.904504524181853 ], [ 79.9570464710241, 18.942875316946896 ], [ 79.941622986146996, 18.992089195310129 ], [ 79.940378743972573, 19.032013089165787 ], [ 79.937066499466638, 19.042694415380495 ], [ 79.928917064817185, 19.049194323893314 ], [ 79.899219294936628, 19.040243708200066 ], [ 79.871102776549819, 19.041016936907731 ], [ 79.858429572130191, 19.102416227348204 ], [ 79.861461418859733, 19.112260893650667 ], [ 79.873751606608366, 19.124051794762348 ], [ 79.925323603607154, 19.151592736028469 ], [ 79.945895105057431, 19.169492624269107 ], [ 79.944824145978899, 19.180078925598195 ], [ 79.925453419479055, 19.21063892657758 ], [ 79.924505694388117, 19.225717881490702 ], [ 79.936355199157163, 19.264126947852585 ], [ 79.950566280341235, 19.289044223095608 ], [ 79.965872440234222, 19.303038741742853 ], [ 79.959080494708246, 19.335940225799416 ], [ 79.971826921315071, 19.381557287391949 ], [ 79.979671721559328, 19.388659764767333 ], [ 79.977937127607532, 19.400357408039561 ], [ 79.972394024139874, 19.416212406058207 ], [ 79.947608697142343, 19.449678879980038 ], [ 79.944819483578286, 19.469814403439671 ], [ 79.932410866820788, 19.476544393016791 ], [ 79.914503399214141, 19.49603827146187 ], [ 79.864583949686448, 19.510513651078892 ], [ 79.845184593413961, 19.533206073852742 ], [ 79.831345082478578, 19.539862270957304 ], [ 79.816326871165458, 19.574029775342957 ], [ 79.804533494090904, 19.579903431523576 ], [ 79.809304809834615, 19.582039808245327 ], [ 79.793483520561409, 19.606372053905151 ], [ 79.785924528837043, 19.64299723950942 ], [ 79.783633088045178, 19.720585566168435 ], [ 79.753352200805438, 19.758235796485305 ], [ 79.743481801140263, 19.790232662256859 ], [ 79.740923853086926, 19.822293245993102 ], [ 79.745992677975508, 19.837376323672881 ], [ 79.803152414749277, 19.892926255394777 ], [ 79.800605266060103, 19.908694026133507 ], [ 79.770384995065612, 19.963701576776458 ], [ 79.779030814625472, 19.997542808396023 ], [ 79.787906757115664, 20.010083232453823 ], [ 79.814218388770357, 20.027322411372545 ], [ 79.852431166817084, 20.02964733845743 ], [ 79.860849854390864, 20.023277458116318 ], [ 79.877131524197949, 19.981317641612769 ], [ 79.894586203516326, 19.970400618355608 ], [ 79.912580548372702, 19.967384452625016 ], [ 79.952219573722388, 19.989896014687844 ], [ 79.989070482548556, 20.04258316398149 ], [ 79.980730304025016, 20.085444890027212 ], [ 79.968023490619956, 20.11784551094177 ], [ 79.957859925447508, 20.124400824421119 ], [ 79.931541262425355, 20.129286277584153 ], [ 79.911806855906136, 20.148049949359386 ], [ 79.915784515118787, 20.163829088804256 ], [ 79.934410932464019, 20.192212837464144 ], [ 79.958373699118255, 20.2034911675958 ], [ 79.983351433096161, 20.208336476149565 ], [ 79.989783638108349, 20.21288237247191 ], [ 79.992140009304791, 20.223120059509576 ], [ 79.97905752941665, 20.251226106909108 ], [ 79.943706858934291, 20.287933510781393 ], [ 79.948276342758518, 20.323068483608782 ], [ 79.969534580800087, 20.344088282112544 ], [ 79.972100952739339, 20.353703609523194 ], [ 79.969348724098296, 20.366532594249875 ], [ 79.958234391820184, 20.381585037698386 ], [ 79.96515610179739, 20.410748288860212 ], [ 79.940129164621368, 20.441187656272067 ], [ 79.951939096858425, 20.529599209069215 ], [ 79.946073182314379, 20.539491407577909 ], [ 79.925817551198122, 20.553288667971838 ], [ 79.936354547987136, 20.578897007847303 ], [ 79.939245001177454, 20.600374690756979 ], [ 79.94083093358941, 20.631631665640434 ], [ 79.929744682355079, 20.640554936706973 ], [ 79.937211896599393, 20.649799922799943 ], [ 79.931081246743503, 20.668484326702714 ], [ 79.934725750796233, 20.67852726486792 ], [ 79.96476059957925, 20.694243128721048 ], [ 79.987296490183326, 20.673859075206426 ], [ 79.996433051767994, 20.675226937408191 ], [ 80.006422737294031, 20.66902439775081 ], [ 80.014215835213463, 20.674855207857142 ], [ 80.016418072240114, 20.667140562668639 ], [ 80.032247838166782, 20.700059422155736 ], [ 80.058776382714669, 20.712105602345535 ], [ 80.093248747917727, 20.691033503385185 ], [ 80.112897925185521, 20.695086085371553 ], [ 80.120755964793346, 20.688690202592582 ], [ 80.133367086547338, 20.690067187649397 ], [ 80.135446861199597, 20.684568901471739 ], [ 80.141949053286623, 20.69131955483957 ], [ 80.162630159129122, 20.693838272053377 ], [ 80.178837982860387, 20.677393565765477 ], [ 80.194732409621139, 20.677001932832791 ], [ 80.202116435673929, 20.667314350924645 ], [ 80.242615043518811, 20.654656762666988 ], [ 80.252335813053961, 20.66400384264373 ], [ 80.250808283472551, 20.678969683100284 ], [ 80.273535755375391, 20.680977930879941 ], [ 80.281147647997983, 20.709190236084357 ], [ 80.298419266656651, 20.710278329375047 ], [ 80.309065746247867, 20.728236972853825 ], [ 80.311878044895394, 20.741457338239375 ], [ 80.321278558695937, 20.753140377169245 ], [ 80.316909600478184, 20.776184216164157 ], [ 80.323002308184925, 20.789636855436807 ], [ 80.321048573706193, 20.798566213021292 ], [ 80.324634169523264, 20.797824306273753 ], [ 80.330237053285884, 20.808661683950849 ], [ 80.331641088160382, 20.81954634420174 ], [ 80.340623726269172, 20.821315193346408 ], [ 80.356612243768694, 20.809292360104592 ], [ 80.367396909069313, 20.812189689470955 ], [ 80.391586360674367, 20.806206880302422 ], [ 80.403793131465633, 20.808849814015549 ], [ 80.4142005635929, 20.824694039229538 ], [ 80.461688904152851, 20.820323179011037 ], [ 80.522475627639395, 20.834431877932776 ] ] ] } },
{ "type": "Feature", "properties": { "District": "GONDIA" }, "geometry": { "type": "Polygon", "coordinates": [ [ [ 80.206673155705118, 21.635605391510556 ], [ 80.21451862920523, 21.630165058791704 ], [ 80.217456871727236, 21.633432729300047 ], [ 80.221478561105272, 21.620969918597286 ], [ 80.245842774204604, 21.620489272007276 ], [ 80.25195814165086, 21.624960110076657 ], [ 80.266725318843854, 21.618543683461194 ], [ 80.279850126079594, 21.597216438435694 ], [ 80.294069746736184, 21.593324760366148 ], [ 80.298061674538062, 21.575810147806489 ], [ 80.321368530615388, 21.575870595908189 ], [ 80.339307801013987, 21.555077306463755 ], [ 80.330677251375164, 21.551180583338756 ], [ 80.331311997343008, 21.547542183973988 ], [ 80.376500143757809, 21.523278461808115 ], [ 80.383973355298849, 21.490099093394566 ], [ 80.392105986015366, 21.486704705880474 ], [ 80.390422921435814, 21.479407527597751 ], [ 80.397216849660097, 21.471585464225694 ], [ 80.409062667654197, 21.467367840800673 ], [ 80.42215511593075, 21.44053950368405 ], [ 80.40460160911536, 21.42502392611015 ], [ 80.408565061828909, 21.418419944295792 ], [ 80.396035152832567, 21.408107156075214 ], [ 80.412235979476407, 21.376717499507539 ], [ 80.44863171108689, 21.372053862315877 ], [ 80.449730307791214, 21.38731900875004 ], [ 80.457556876423908, 21.402684270880929 ], [ 80.476465297673954, 21.394897533391717 ], [ 80.481089133794924, 21.400942733291785 ], [ 80.484191228964889, 21.395337082699864 ], [ 80.500968844958024, 21.398506093301485 ], [ 80.508415228324296, 21.390820978918796 ], [ 80.527622438324556, 21.394870456560842 ], [ 80.531801504784454, 21.382065831493392 ], [ 80.539202222157414, 21.382706483816406 ], [ 80.543162423067812, 21.370705326379909 ], [ 80.563876243208398, 21.364969941164389 ], [ 80.57018968633578, 21.357516473944923 ], [ 80.565413783849891, 21.353992429725874 ], [ 80.56669934045874, 21.345652122202921 ], [ 80.589470915422851, 21.343716611992061 ], [ 80.58934414935581, 21.333598529934235 ], [ 80.599885400778632, 21.326797525654893 ], [ 80.607862234642539, 21.323858663819948 ], [ 80.611158561914891, 21.327611658590989 ], [ 80.621337883582669, 21.320368728199579 ], [ 80.651913822961575, 21.327130223369227 ], [ 80.663140321637755, 21.334372584141381 ], [ 80.681563677532651, 21.313567158451935 ], [ 80.679567839840658, 21.298836963591881 ], [ 80.669966495891643, 21.29115827740608 ], [ 80.661240140520619, 21.291065572430895 ], [ 80.659079315849425, 21.281948409101645 ], [ 80.650713155573669, 21.277375578154732 ], [ 80.643835321005781, 21.251472899423039 ], [ 80.623116545706111, 21.240091819997726 ], [ 80.613782460668716, 21.226566247900081 ], [ 80.587582273205726, 21.222096282267646 ], [ 80.559468827941956, 21.202104721229894 ], [ 80.529629169614083, 21.20533305035692 ], [ 80.51775776541146, 21.192812264599642 ], [ 80.514986531732944, 21.183028928096764 ], [ 80.50258601687527, 21.185319062893726 ], [ 80.478611066106495, 21.170684090923128 ], [ 80.46426127153444, 21.175027647605958 ], [ 80.458753525089065, 21.150052692719335 ], [ 80.44471246150141, 21.121960574305806 ], [ 80.458117618170746, 21.114868953760048 ], [ 80.447802617112757, 21.112421483534547 ], [ 80.43914724698179, 21.096560304105388 ], [ 80.446292200247541, 21.084124841895587 ], [ 80.44718186956554, 21.063260454269923 ], [ 80.453931352197401, 21.05306470653904 ], [ 80.45264425358053, 21.038830777778667 ], [ 80.449498871634432, 21.030323974455175 ], [ 80.440118209834225, 21.028083366202683 ], [ 80.439230411873268, 21.021838025406769 ], [ 80.424262682673756, 21.008502695384845 ], [ 80.443772482161819, 20.994040696914119 ], [ 80.44535323260574, 20.970628738412429 ], [ 80.463695870532732, 20.929198561200451 ], [ 80.519070023132613, 20.929823147055064 ], [ 80.546057841561407, 20.935013082240971 ], [ 80.541776098896861, 20.923915085511176 ], [ 80.556115756026998, 20.889197018442729 ], [ 80.555039667295659, 20.846582414498663 ], [ 80.561735790417075, 20.823463633180769 ], [ 80.554671566837456, 20.822283414160442 ], [ 80.521599753773359, 20.834680959050665 ], [ 80.461688904152851, 20.820323179011012 ], [ 80.414200563592829, 20.824694039229538 ], [ 80.403793131465633, 20.808849814015531 ], [ 80.391586360674367, 20.806206880302422 ], [ 80.367396909069242, 20.81218968947092 ], [ 80.356612243768623, 20.809292360104592 ], [ 80.340623726269115, 20.821315193346404 ], [ 80.332302615998003, 20.819908918593665 ], [ 80.324634169523222, 20.797824306273711 ], [ 80.321048573706193, 20.798566213021253 ], [ 80.323002308184854, 20.789636855436807 ], [ 80.316909600478027, 20.776184216164182 ], [ 80.321278558695852, 20.753140377169203 ], [ 80.311878044895266, 20.741457338239375 ], [ 80.309065746247711, 20.728236972853825 ], [ 80.298419266656722, 20.710278329375011 ], [ 80.281147647997827, 20.709190236084368 ], [ 80.27353575537532, 20.680977930879941 ], [ 80.250808283472395, 20.678969683100249 ], [ 80.252335813053818, 20.664003842643726 ], [ 80.242615043518654, 20.654656762666953 ], [ 80.202116435673929, 20.667314350924624 ], [ 80.194732409621139, 20.677001932832752 ], [ 80.178837982860387, 20.677393565765477 ], [ 80.162630159129051, 20.693838272053338 ], [ 80.141949053286623, 20.691319554839531 ], [ 80.135446861199597, 20.684568901471714 ], [ 80.133367086547338, 20.690067187649362 ], [ 80.120755964793275, 20.688690202592547 ], [ 80.112897925185521, 20.695086085371514 ], [ 80.093248747917727, 20.691033503385185 ], [ 80.058776382714598, 20.712105602345513 ], [ 80.032247838166697, 20.700059422155654 ], [ 80.016418072240114, 20.667140562668575 ], [ 80.014215835213463, 20.674855207857117 ], [ 80.006251911677452, 20.669023935046017 ], [ 79.996433051767923, 20.675226937408191 ], [ 79.987296490183326, 20.673859075206391 ], [ 79.966549381016293, 20.691926095573439 ], [ 79.969259029064972, 20.715318531617196 ], [ 79.944294324892269, 20.720904058314854 ], [ 79.947125445926872, 20.729112910366126 ], [ 79.956147833505398, 20.726968575671521 ], [ 79.97143410515325, 20.74507080145905 ], [ 79.956686539257248, 20.752772927375659 ], [ 79.955349013684554, 20.765974627761388 ], [ 79.979704241335313, 20.773033190224478 ], [ 79.967172163426952, 20.783143082857514 ], [ 79.947289489574771, 20.779936557816182 ], [ 79.949585645602127, 20.788721534886403 ], [ 79.941699680813926, 20.788390428564586 ], [ 79.940544170908282, 20.801372049545119 ], [ 79.959143623582534, 20.812931740229121 ], [ 79.951128447428232, 20.826117347015838 ], [ 79.965827760718113, 20.831848196735439 ], [ 79.971934850902031, 20.824333193339768 ], [ 79.987834414515945, 20.826965586967585 ], [ 79.999170744944607, 20.850476379063174 ], [ 79.982567027818789, 20.862105955826035 ], [ 79.979930908529681, 20.855283697894304 ], [ 79.986379774498573, 20.848105247548734 ], [ 79.979770655635207, 20.835953874094805 ], [ 79.974352068099833, 20.839930952389956 ], [ 79.970070940004007, 20.855419765689575 ], [ 79.96548028223593, 20.854883553302791 ], [ 79.970421351067827, 20.87434819703147 ], [ 79.964662508548599, 20.887289194571157 ], [ 79.975016772519396, 20.886438386375129 ], [ 79.977208906991194, 20.890135879032808 ], [ 79.971509291526019, 20.891225739004781 ], [ 79.970120030620805, 20.909910582760116 ], [ 79.961815940468384, 20.917363260577467 ], [ 79.968960087358823, 20.939974677109259 ], [ 79.952790510767983, 20.941119785699012 ], [ 79.964314187433942, 20.953586707704801 ], [ 79.97098003505441, 20.953608520415749 ], [ 79.976714676364196, 20.947138179123257 ], [ 79.986196332667433, 20.952806307939642 ], [ 80.002164212370559, 20.948615076767894 ], [ 80.008533289220509, 20.954123283158445 ], [ 80.032420446676824, 20.957614334526177 ], [ 80.030374092658093, 20.945178324680505 ], [ 80.045486305708621, 20.957139727162893 ], [ 80.0376889886995, 20.958675757288006 ], [ 80.037180359218766, 20.965038075320713 ], [ 80.062068110645868, 20.948941383057541 ], [ 80.057900745957397, 20.958247146717209 ], [ 80.070927250477595, 20.956563110085714 ], [ 80.070776216609104, 20.965365398736083 ], [ 80.074816248098571, 20.96520674132838 ], [ 80.081920410110271, 20.982406174619371 ], [ 80.082391970144272, 20.986778588100751 ], [ 80.076366785784572, 20.989665898081373 ], [ 80.083944474443896, 20.986672960051493 ], [ 80.093455969139839, 20.991915819977663 ], [ 80.102096808402166, 20.990425176436464 ], [ 80.09394794839605, 21.007870581925303 ], [ 80.099045587406152, 21.019187625064035 ], [ 80.095873506921734, 21.032842678617012 ], [ 80.083456398784747, 21.035354500497661 ], [ 80.077616544680666, 21.027733982899349 ], [ 80.063039507228794, 21.030706519699894 ], [ 80.076475698054878, 21.038749692371443 ], [ 80.08010977468183, 21.05110437234109 ], [ 80.068814553098704, 21.059934211571132 ], [ 80.079029893245675, 21.062442276313067 ], [ 80.084281138422071, 21.073699208530737 ], [ 80.069697268049865, 21.081590292767046 ], [ 80.075368438040755, 21.098423631900271 ], [ 80.061014436920118, 21.099179700201976 ], [ 80.070126364649397, 21.113143549675335 ], [ 80.082117571410862, 21.118595527619117 ], [ 80.072586616311028, 21.119920271979659 ], [ 80.071653266636645, 21.126465907973238 ], [ 80.080515969322065, 21.14774761721592 ], [ 80.072075693357945, 21.155566312531043 ], [ 80.066878226716398, 21.172693333006201 ], [ 80.072882566269158, 21.186984532098119 ], [ 80.068752420055574, 21.195950642747892 ], [ 80.054680175912495, 21.200067101075781 ], [ 80.049333734876967, 21.207094186740502 ], [ 80.02448957578973, 21.213015331410933 ], [ 80.023115649515773, 21.228645293281666 ], [ 80.002783381480626, 21.218125771120754 ], [ 79.989749996351748, 21.233850286102445 ], [ 79.966050682309344, 21.232728046823837 ], [ 79.938991246903214, 21.254939546853695 ], [ 79.920677104186183, 21.255749165152622 ], [ 79.905926340427527, 21.244722784699867 ], [ 79.902620406915659, 21.251067182120956 ], [ 79.886749026523518, 21.250525435433975 ], [ 79.88892774882639, 21.255927217008139 ], [ 79.867342359079785, 21.249850058704425 ], [ 79.863010801545258, 21.244523996373008 ], [ 79.840106548321955, 21.253837393322968 ], [ 79.841015461885718, 21.256893940712878 ], [ 79.863929400653845, 21.251863496969126 ], [ 79.859341920268733, 21.261560111138962 ], [ 79.849246745247171, 21.259166625040834 ], [ 79.831300707722718, 21.263407609513045 ], [ 79.82597403248613, 21.277157962239873 ], [ 79.837823831148796, 21.284899498651434 ], [ 79.829090201700339, 21.292327390972133 ], [ 79.833454412733886, 21.310093637807547 ], [ 79.825789088721947, 21.31956292018549 ], [ 79.812962240539477, 21.321272145314111 ], [ 79.81322395387761, 21.355834746872194 ], [ 79.800038115026453, 21.357603454604199 ], [ 79.795956443715525, 21.373673407793685 ], [ 79.802717367891916, 21.383223404218676 ], [ 79.847860433126613, 21.411726128463641 ], [ 79.880349600640926, 21.42610311134051 ], [ 79.879524211271743, 21.438516931749046 ], [ 79.890580258729472, 21.456051055239985 ], [ 79.918207287779978, 21.480850449269305 ], [ 79.927675200456108, 21.495434463275508 ], [ 79.926166695310513, 21.513640814932476 ], [ 79.917802100158553, 21.524410140283933 ], [ 79.922186489465972, 21.541802922843452 ], [ 79.932839434164279, 21.555039708765786 ], [ 79.969644159722847, 21.558346442447686 ], [ 79.989872156981178, 21.535971737722402 ], [ 80.000526409643356, 21.533732229038812 ], [ 80.032865402823461, 21.5562139918902 ], [ 80.062314587790539, 21.553395205170347 ], [ 80.07221333084901, 21.556789264249524 ], [ 80.100618850103146, 21.589501110367429 ], [ 80.116062367736248, 21.593253076278547 ], [ 80.121333398147755, 21.610876398212824 ], [ 80.1546169874931, 21.606471028028739 ], [ 80.170291131022068, 21.62291284647463 ], [ 80.187627416496483, 21.628542897502872 ], [ 80.192778276713739, 21.635450508448269 ], [ 80.206673155705118, 21.635605391510556 ] ] ] } },
{ "type": "Feature", "properties": { "District": "HINGOLI" }, "geometry": { "type": "Polygon", "coordinates": [ [ [ 76.992168432561215, 20.017104608045312 ], [ 77.017560531937079, 20.001941641434289 ], [ 77.025486642121521, 20.009679947212344 ], [ 77.034135235022532, 20.00932713302138 ], [ 77.042059170755451, 19.999034589504124 ], [ 77.061628200400193, 19.993887553107193 ], [ 77.062772523391473, 19.985212004249281 ], [ 77.070420609780427, 19.981607952314004 ], [ 77.070792404032517, 19.972201178663735 ], [ 77.084671772675449, 19.96399786131138 ], [ 77.082579483003599, 19.955542392772845 ], [ 77.093096621056162, 19.943705211061804 ], [ 77.092996868491369, 19.935231292909471 ], [ 77.102608472359023, 19.931428980229985 ], [ 77.11407932636466, 19.939946192234437 ], [ 77.133614731944363, 19.941885079359924 ], [ 77.136169030674296, 19.952675602092569 ], [ 77.154094277224615, 19.965908885025442 ], [ 77.169483587189788, 19.96450852555569 ], [ 77.177858700620149, 19.979758237099166 ], [ 77.202091335260207, 19.990626987497933 ], [ 77.214886985334729, 19.973319469426642 ], [ 77.208385438607962, 19.968982245253901 ], [ 77.205492060774077, 19.942114006012527 ], [ 77.210734274081133, 19.937999840804306 ], [ 77.235258813402766, 19.938674837426742 ], [ 77.238221523278384, 19.934530850356403 ], [ 77.237987072740978, 19.912676838790226 ], [ 77.245624319165003, 19.905499195742024 ], [ 77.234078540798748, 19.897457261795847 ], [ 77.236524447754661, 19.889434565394104 ], [ 77.255805443292303, 19.901620213894571 ], [ 77.266289180026448, 19.897638792611104 ], [ 77.271156769480598, 19.919578349483224 ], [ 77.279662342334248, 19.917756332440259 ], [ 77.283794060061808, 19.906043722388752 ], [ 77.292233024839277, 19.903356887463762 ], [ 77.312675285855562, 19.914576246964334 ], [ 77.312217569426991, 19.894089285987956 ], [ 77.293539886192178, 19.895278606620494 ], [ 77.295281564196799, 19.884328127321105 ], [ 77.307715689783734, 19.882645711561526 ], [ 77.319031768944029, 19.889649331976614 ], [ 77.332522191654633, 19.87811419839073 ], [ 77.34548944932979, 19.877110453016588 ], [ 77.344865254614533, 19.863907898237578 ], [ 77.364033286364403, 19.858893589789112 ], [ 77.35174319627049, 19.849826483024081 ], [ 77.360835254112686, 19.836334015305138 ], [ 77.341495759935057, 19.836231957684831 ], [ 77.344030478290222, 19.825361547078607 ], [ 77.35376657180943, 19.817354677360793 ], [ 77.367025834020069, 19.826094158518952 ], [ 77.386642885059075, 19.823746297773567 ], [ 77.389464255651575, 19.818559946118281 ], [ 77.390653573220789, 19.812769095822567 ], [ 77.384192132872883, 19.809912536714982 ], [ 77.377646746115673, 19.786849226474541 ], [ 77.400858082719722, 19.781283678811022 ], [ 77.404512037305764, 19.772985651509938 ], [ 77.400293600730478, 19.766469231612778 ], [ 77.383183833973945, 19.766093028549104 ], [ 77.376492384988367, 19.748142887908379 ], [ 77.380442443155175, 19.729410946316811 ], [ 77.384399726346345, 19.725815358603271 ], [ 77.393426592009064, 19.728085654906689 ], [ 77.409103189122931, 19.74561621719419 ], [ 77.414421387383356, 19.736808905691824 ], [ 77.431850164405503, 19.730468740205108 ], [ 77.43870097194997, 19.725177295662718 ], [ 77.449409086585476, 19.700805930786295 ], [ 77.443642613098632, 19.689781653103115 ], [ 77.459033796011823, 19.682356175075881 ], [ 77.449597509038028, 19.673721444711205 ], [ 77.466518977275754, 19.66424443644356 ], [ 77.461645984806481, 19.645092119732269 ], [ 77.466508810954195, 19.642400404251426 ], [ 77.462604124588879, 19.611446567073887 ], [ 77.479366771660423, 19.599577122660019 ], [ 77.45651558737201, 19.580324319485083 ], [ 77.450895999564736, 19.569052898706001 ], [ 77.452628813735942, 19.561997081979737 ], [ 77.466253604148022, 19.564072310874142 ], [ 77.470025117986282, 19.490897800294011 ], [ 77.48464600428369, 19.49797991869244 ], [ 77.489580608926033, 19.49323889905337 ], [ 77.484897429019298, 19.475667034533231 ], [ 77.486542018053683, 19.458156297967655 ], [ 77.473729033855491, 19.458806597421511 ], [ 77.470176926583761, 19.4379930294023 ], [ 77.448151574109673, 19.440511533686575 ], [ 77.444702560091898, 19.420953372597772 ], [ 77.435958267002718, 19.407112395083882 ], [ 77.447738803920402, 19.393611749477081 ], [ 77.447279908020477, 19.386341664050065 ], [ 77.43521960740766, 19.379722095014685 ], [ 77.416528748211491, 19.380618625136702 ], [ 77.413608171485677, 19.368847850423098 ], [ 77.389635929493906, 19.352314013845131 ], [ 77.385317832047278, 19.339877557028029 ], [ 77.362325159595486, 19.339537296855998 ], [ 77.349204816530047, 19.346754706247825 ], [ 77.350016660361959, 19.352218596754767 ], [ 77.338182413433856, 19.355970873127109 ], [ 77.311675050676314, 19.355033797609213 ], [ 77.310743880944216, 19.330765026935214 ], [ 77.301661920155766, 19.333219635338306 ], [ 77.281122091082054, 19.326319137929531 ], [ 77.280725198094316, 19.316022255709662 ], [ 77.263890701942998, 19.315030547423561 ], [ 77.241349689798966, 19.322860913895155 ], [ 77.235451511445348, 19.275200792002501 ], [ 77.220181061050468, 19.275739681341378 ], [ 77.202269014253588, 19.255113080550885 ], [ 77.203089544305627, 19.24477838253447 ], [ 77.193298991206163, 19.244399808633201 ], [ 77.191889333465866, 19.236299444718444 ], [ 77.178883764558677, 19.226265969658868 ], [ 77.163012785544538, 19.232454906746419 ], [ 77.154410500322385, 19.221780562019898 ], [ 77.14038366131453, 19.225776383235051 ], [ 77.125856804085444, 19.237132033575197 ], [ 77.098307035668213, 19.235794951931599 ], [ 77.088454888331057, 19.240242600351753 ], [ 77.087499126362744, 19.253169766883865 ], [ 77.078354355725153, 19.257302630403789 ], [ 77.051215393073974, 19.252272495740968 ], [ 77.04041022869724, 19.245634569960639 ], [ 77.024628424776068, 19.247663869400455 ], [ 77.011672519772233, 19.253858453737763 ], [ 77.009751919358479, 19.269862927861446 ], [ 77.010486679784876, 19.274023894789593 ], [ 77.022046407462, 19.277734188045592 ], [ 77.022088614455811, 19.285186778377998 ], [ 77.002360782357812, 19.282961011361742 ], [ 77.000473289843086, 19.272820487276405 ], [ 76.995226437634699, 19.275103024138968 ], [ 76.993833784906627, 19.280773766909633 ], [ 76.989340611164863, 19.280965746887265 ], [ 76.990083088092732, 19.287830036574427 ], [ 76.985881678453438, 19.288507060954146 ], [ 76.986603523686881, 19.308242472498605 ], [ 76.980222370855586, 19.319701927010218 ], [ 76.956208356152061, 19.32041770690812 ], [ 76.939168877155936, 19.314473686330228 ], [ 76.936508452009591, 19.307804764935806 ], [ 76.922904903080678, 19.310249487242121 ], [ 76.922705891605119, 19.298304072207046 ], [ 76.900678950921744, 19.298233773736303 ], [ 76.891161082111665, 19.308029750009993 ], [ 76.894444076471956, 19.316582801440145 ], [ 76.888714291238983, 19.317851206391005 ], [ 76.889294903955715, 19.32273027805692 ], [ 76.898355648796894, 19.320621996211745 ], [ 76.899541481625036, 19.333242704168544 ], [ 76.908621462878997, 19.331998475555803 ], [ 76.916056718314522, 19.338587040989989 ], [ 76.900587710655799, 19.342979393448434 ], [ 76.900476454801662, 19.338673730897021 ], [ 76.889508269408765, 19.350194703004636 ], [ 76.892145053585608, 19.379126986517324 ], [ 76.90058045675795, 19.387397219530527 ], [ 76.91137622192764, 19.41190211152114 ], [ 76.919700073806737, 19.415299500616818 ], [ 76.915997845772139, 19.424014165248714 ], [ 76.921874295883129, 19.426296717357143 ], [ 76.925245386532211, 19.437395801907353 ], [ 76.920741915520466, 19.443058556007376 ], [ 76.900719548889342, 19.445877877191993 ], [ 76.895874806547781, 19.428943265260024 ], [ 76.865055328041962, 19.439013901210462 ], [ 76.873781909323895, 19.454163409035345 ], [ 76.886442727601008, 19.456875543547525 ], [ 76.887598879074062, 19.462059733023427 ], [ 76.866064959344769, 19.468234094657284 ], [ 76.865937518367716, 19.477600216795853 ], [ 76.856086377852307, 19.491510588079098 ], [ 76.86047843172777, 19.504507304375039 ], [ 76.855268629209846, 19.507035771464359 ], [ 76.85699293953337, 19.535493097639502 ], [ 76.882631814684444, 19.533748337100437 ], [ 76.885190164562914, 19.549732890473873 ], [ 76.88181337519454, 19.550594097986739 ], [ 76.88890492167387, 19.560261989128847 ], [ 76.892692009295985, 19.582528979269838 ], [ 76.903378302755527, 19.584576151281738 ], [ 76.904461871205768, 19.590293344238781 ], [ 76.916178117914214, 19.598034242336318 ], [ 76.924660322213114, 19.598231321023949 ], [ 76.926301962753143, 19.6112170230322 ], [ 76.930032343940937, 19.611072078664836 ], [ 76.926197470760286, 19.616448236489148 ], [ 76.914665943805957, 19.617563166347885 ], [ 76.914984539825227, 19.63725614696196 ], [ 76.907973926922025, 19.645271910175889 ], [ 76.896933347263612, 19.642950160973083 ], [ 76.876989247082463, 19.620939299051635 ], [ 76.867135396488237, 19.624042472078248 ], [ 76.875329625806415, 19.637002230831381 ], [ 76.870316238308931, 19.646589635171129 ], [ 76.856714368645939, 19.645644761077563 ], [ 76.850326522657994, 19.651068242239536 ], [ 76.849630187899379, 19.66224532590137 ], [ 76.863573691702783, 19.676140114030442 ], [ 76.849636599450889, 19.706732163974628 ], [ 76.840266598394891, 19.702521354348853 ], [ 76.8192220893757, 19.706850466904463 ], [ 76.813409531160772, 19.700472793401381 ], [ 76.824041885393072, 19.68581796016581 ], [ 76.823195838234952, 19.672630985959472 ], [ 76.818939048498919, 19.670576086704735 ], [ 76.80716133223666, 19.683022308264334 ], [ 76.791047810263038, 19.670441030264747 ], [ 76.785901011784262, 19.676212256762568 ], [ 76.782893435305724, 19.703663829437193 ], [ 76.789623495430334, 19.722327007018219 ], [ 76.783943778188785, 19.731313224664174 ], [ 76.778363405649742, 19.732586028201069 ], [ 76.767230806204893, 19.719150981086095 ], [ 76.772127217746444, 19.695697923613583 ], [ 76.760691152491901, 19.685416655194576 ], [ 76.748791660381428, 19.696925814719297 ], [ 76.743736745067636, 19.71130983399696 ], [ 76.732349645294335, 19.714241307723107 ], [ 76.738896065963075, 19.729443065587144 ], [ 76.719926261612855, 19.741102312539123 ], [ 76.723850859137954, 19.74962510541479 ], [ 76.716878201253991, 19.768880043397651 ], [ 76.708323323661119, 19.770057260547485 ], [ 76.6911819483648, 19.755043714755345 ], [ 76.686053940992167, 19.757631364724986 ], [ 76.686609745473135, 19.767907372639666 ], [ 76.669317194682904, 19.775484552437071 ], [ 76.641991106484298, 19.773697639673046 ], [ 76.639497141782115, 19.789528872415051 ], [ 76.632284634011199, 19.803105054321076 ], [ 76.627374399874242, 19.804057131018848 ], [ 76.622880927266905, 19.798977521879376 ], [ 76.627311629673216, 19.784012389612418 ], [ 76.605052633112564, 19.775076361661036 ], [ 76.596315006284527, 19.777154674397352 ], [ 76.592849586636746, 19.784433112099677 ], [ 76.60998339748383, 19.791816123110113 ], [ 76.597050580155255, 19.799567769568089 ], [ 76.605392800010705, 19.810472199915779 ], [ 76.594130120499813, 19.830369207396451 ], [ 76.569982401588859, 19.82671906266722 ], [ 76.563263213411304, 19.815329407952344 ], [ 76.554312803042109, 19.820751634158832 ], [ 76.539542028535536, 19.818102748336095 ], [ 76.535578709425522, 19.822643324923348 ], [ 76.512770465865657, 19.824132521538537 ], [ 76.512467630550262, 19.831833782136481 ], [ 76.522774747043727, 19.841895171078541 ], [ 76.519022413688631, 19.849997426839778 ], [ 76.534097518402319, 19.850267419454056 ], [ 76.564090814318646, 19.839535334144223 ], [ 76.569649361267537, 19.845368730195386 ], [ 76.591694442100589, 19.844510409653303 ], [ 76.610827512465008, 19.837493535883773 ], [ 76.619410060845198, 19.84131875421566 ], [ 76.633213013514563, 19.868988199104972 ], [ 76.646807036791145, 19.867525233505965 ], [ 76.661657188187164, 19.853248198829821 ], [ 76.681203066703901, 19.846991215618139 ], [ 76.691945366587888, 19.859614662336764 ], [ 76.692948655920617, 19.874000627331124 ], [ 76.721317560877637, 19.869447731104167 ], [ 76.740266210131111, 19.873311156214985 ], [ 76.747148442004871, 19.912306258345673 ], [ 76.76540139116581, 19.904405758947277 ], [ 76.772289119991257, 19.93577546329864 ], [ 76.821358709461236, 19.929199113040287 ], [ 76.837284731274934, 19.963908651234714 ], [ 76.859835071854633, 19.961537051255402 ], [ 76.89538096395971, 19.949133455254358 ], [ 76.900461677427941, 19.96425545102667 ], [ 76.922347199655476, 19.975866685036461 ], [ 76.961891825962539, 19.987282522569171 ], [ 76.972400263913698, 19.996414563519394 ], [ 76.988348239891138, 19.998066299840254 ], [ 76.992168432561215, 20.017104608045312 ] ] ] } },
{ "type": "Feature", "properties": { "District": "JALGAON" }, "geometry": { "type": "Polygon", "coordinates": [ [ [ 75.233265003396994, 21.41476901788705 ], [ 75.254840481297038, 21.401889167296549 ], [ 75.295325724449697, 21.413573193851551 ], [ 75.301100355341518, 21.409936042243757 ], [ 75.298740237375284, 21.385567270785938 ], [ 75.307854651293383, 21.392787666891213 ], [ 75.315407641912969, 21.387926917770923 ], [ 75.351603444838005, 21.390826061821059 ], [ 75.357161921526483, 21.400865320129153 ], [ 75.375408614022192, 21.390493480264972 ], [ 75.382438380915033, 21.379542432122371 ], [ 75.397924843062924, 21.379875233884729 ], [ 75.407786132874975, 21.38737885681725 ], [ 75.426129107470686, 21.391005107890908 ], [ 75.440152742030179, 21.384461227336377 ], [ 75.449331290933131, 21.390409140753128 ], [ 75.497546552697372, 21.387513224398568 ], [ 75.512010650814858, 21.382093441445395 ], [ 75.520054371830227, 21.387016428393263 ], [ 75.543724326052114, 21.368527981788638 ], [ 75.555926114879199, 21.379032870274749 ], [ 75.557167968487178, 21.373221639536307 ], [ 75.578953885415672, 21.376484857500529 ], [ 75.57124038496238, 21.381463596545018 ], [ 75.587337346745102, 21.389230968297266 ], [ 75.599206690100701, 21.385651745930033 ], [ 75.606939555427559, 21.391844086334626 ], [ 75.616318152842098, 21.388092227202911 ], [ 75.623025467285842, 21.375023480368498 ], [ 75.65772484670336, 21.378772883139607 ], [ 75.670090308607016, 21.374579339957684 ], [ 75.703238672204705, 21.388074063343996 ], [ 75.718766756292013, 21.384358583503282 ], [ 75.728470849195759, 21.388683647823061 ], [ 75.751129794954721, 21.384661313430058 ], [ 75.755136006811242, 21.37938063849079 ], [ 75.802734886257554, 21.38456940709402 ], [ 75.83336373200477, 21.376636529318322 ], [ 75.84139432782564, 21.384540963915768 ], [ 75.862460126277426, 21.379924244130724 ], [ 75.870352406376952, 21.391227890027562 ], [ 75.885613576233354, 21.394709101469036 ], [ 75.903236997381285, 21.391704131647057 ], [ 75.910658147540119, 21.382574498025839 ], [ 75.963059716805574, 21.389709877334255 ], [ 75.986615601507836, 21.368772829306863 ], [ 76.030499141488278, 21.365331329269189 ], [ 76.048585704839581, 21.349733718684554 ], [ 76.096599312337361, 21.371769485530123 ], [ 76.121466122982923, 21.323369313694066 ], [ 76.129740380674392, 21.286704633049631 ], [ 76.142927943467285, 21.28623421553981 ], [ 76.14663066025112, 21.267871985136463 ], [ 76.15115926725494, 21.267993419240746 ], [ 76.154293734974857, 21.25770121083255 ], [ 76.159361124779693, 21.255974996337972 ], [ 76.151426090574333, 21.243525385630594 ], [ 76.141560710012499, 21.240988746307224 ], [ 76.142036153492313, 21.228163477354965 ], [ 76.165659075289057, 21.221615891730607 ], [ 76.158635172730669, 21.213588088789059 ], [ 76.163263172049398, 21.213130944204863 ], [ 76.163343352961022, 21.206506090092685 ], [ 76.171924700622768, 21.205302692616243 ], [ 76.165207536820276, 21.190469547821767 ], [ 76.176395988095877, 21.183995212376871 ], [ 76.171464003679318, 21.179539362046633 ], [ 76.171686186120084, 21.166560396238044 ], [ 76.133864045953104, 21.169411603400444 ], [ 76.133334753220396, 21.17595533358822 ], [ 76.11158252765253, 21.166769483178197 ], [ 76.113480342078745, 21.155393954717162 ], [ 76.128375032052844, 21.152648546275596 ], [ 76.142468423331209, 21.135152847933789 ], [ 76.141009412545799, 21.129706766629752 ], [ 76.131629058266185, 21.132801113360173 ], [ 76.134419666341842, 21.124148021799027 ], [ 76.153818174028274, 21.108050859337059 ], [ 76.170887099397362, 21.103933060717896 ], [ 76.173851682975823, 21.089675222714057 ], [ 76.167400764513417, 21.079484396026242 ], [ 76.19086543923035, 21.08647673636619 ], [ 76.224658280944496, 21.084979004182127 ], [ 76.244973317610416, 21.090439262096957 ], [ 76.272632669215511, 21.088739262639411 ], [ 76.280131630123464, 21.070688525389702 ], [ 76.338584754289428, 21.071519658463849 ], [ 76.351415992971766, 21.076986271637573 ], [ 76.374766488690554, 21.07255310670201 ], [ 76.384235564055558, 21.076292036229255 ], [ 76.385146662423196, 21.081942135304498 ], [ 76.388544416025411, 21.053945174426797 ], [ 76.398656056707196, 21.03313411290614 ], [ 76.387944607092606, 21.014995874891493 ], [ 76.380375621769232, 20.977022447546915 ], [ 76.366719267074672, 20.978143546400073 ], [ 76.344956552116827, 20.951259676028485 ], [ 76.279343329868965, 20.957395919585611 ], [ 76.277070756166054, 20.967856434053747 ], [ 76.266190741922912, 20.980148757764105 ], [ 76.238407783928082, 20.990360466224018 ], [ 76.223778020489092, 21.006209188015436 ], [ 76.200012133013772, 21.011289861152328 ], [ 76.19083377218918, 21.020972582659937 ], [ 76.169173100358691, 21.028999670468352 ], [ 76.164828351827921, 21.036410880213101 ], [ 76.163660492828228, 21.027669824473872 ], [ 76.160025617590776, 21.027567842110681 ], [ 76.164618279063689, 21.022583342802658 ], [ 76.158242087745393, 21.002790604317273 ], [ 76.130986293077029, 20.979325795929299 ], [ 76.118393436577335, 20.977635170298203 ], [ 76.111665386770014, 20.950805166780018 ], [ 76.08980756695324, 20.943789421723665 ], [ 76.086531573112282, 20.92769246088799 ], [ 76.079978436929821, 20.928191773061897 ], [ 76.077837224042625, 20.908651222057443 ], [ 76.100812988050222, 20.901571828617879 ], [ 76.106532269921502, 20.892443682766885 ], [ 76.11354579821348, 20.892738650207932 ], [ 76.112647908664627, 20.886670430188083 ], [ 76.091732777986905, 20.86363389786468 ], [ 76.085034614063545, 20.861830890872831 ], [ 76.076990729098029, 20.845763058591615 ], [ 76.073765879693255, 20.846852212265318 ], [ 76.07354726745362, 20.832423987113341 ], [ 76.056272430326146, 20.82537721196827 ], [ 76.048647298991995, 20.815863006250364 ], [ 76.055764202635544, 20.8024432267935 ], [ 76.050432469048843, 20.790027323835272 ], [ 76.045051790122002, 20.784493760601105 ], [ 76.012624623250218, 20.784864968222049 ], [ 76.010657712656169, 20.779831101954432 ], [ 75.995198785603606, 20.777998986187256 ], [ 75.993694244223192, 20.763887929827977 ], [ 75.985333646273858, 20.760988961773052 ], [ 75.984414673663878, 20.752589138639284 ], [ 75.996732005170074, 20.740721559561528 ], [ 76.007376155339074, 20.741478478306188 ], [ 76.015784794681863, 20.730174782645186 ], [ 76.013956417935972, 20.719011568321569 ], [ 75.997556087190887, 20.713783825909697 ], [ 75.994307985238692, 20.699871963455223 ], [ 75.996024748707569, 20.689713965721822 ], [ 76.001732331913203, 20.685915629537746 ], [ 75.994995633562411, 20.662961679898583 ], [ 76.004056831268926, 20.656229083455788 ], [ 76.008421873522124, 20.636109345388842 ], [ 75.987595947372753, 20.616079798108828 ], [ 75.954771273064665, 20.620584338453494 ], [ 75.953286491536261, 20.600705502345072 ], [ 75.958435371392, 20.605261955132818 ], [ 75.966703132441481, 20.596804325172698 ], [ 75.971065327950129, 20.59840732166122 ], [ 75.972822750756862, 20.580414975320203 ], [ 75.963623723162243, 20.580629680854049 ], [ 75.963918623244979, 20.569591726317693 ], [ 75.949234861117475, 20.568887813374051 ], [ 75.945821399517314, 20.573281080907975 ], [ 75.949643976820212, 20.580699175892811 ], [ 75.932339990858665, 20.586646354119036 ], [ 75.931431282811985, 20.54844386530938 ], [ 75.926595494240047, 20.545787386196491 ], [ 75.918306377971305, 20.554316032080443 ], [ 75.882923166091715, 20.560743580473517 ], [ 75.887098555463226, 20.591669876812933 ], [ 75.868727388180034, 20.597828696944841 ], [ 75.869580768086337, 20.613528644017592 ], [ 75.86358189925366, 20.62180762698766 ], [ 75.854642755519521, 20.621746647388232 ], [ 75.853539709288498, 20.61272907313176 ], [ 75.836782502039824, 20.614249737022543 ], [ 75.838428421009823, 20.596011696681842 ], [ 75.84260154633084, 20.592753590309194 ], [ 75.832541281734891, 20.591964049294155 ], [ 75.832639815939942, 20.574093248647088 ], [ 75.828142473141213, 20.571202408845995 ], [ 75.847269163135863, 20.566323662294497 ], [ 75.831248037700817, 20.555591817646818 ], [ 75.804177762744231, 20.567330759882257 ], [ 75.798291769896878, 20.561733494047914 ], [ 75.786117294893714, 20.56188843594699 ], [ 75.792098571580752, 20.581318121651208 ], [ 75.784877224835938, 20.583500332420115 ], [ 75.77639794571958, 20.581418036686575 ], [ 75.773305167446537, 20.574822149176732 ], [ 75.75697802610388, 20.573832518658421 ], [ 75.758735633065811, 20.61050050119059 ], [ 75.754243159725803, 20.613407471345667 ], [ 75.730843130715897, 20.606806988860153 ], [ 75.722633757344823, 20.620661303765988 ], [ 75.71292187639979, 20.613542825889901 ], [ 75.699412239241127, 20.614009806604603 ], [ 75.695345561314539, 20.623088625913354 ], [ 75.703583404443378, 20.658828057467673 ], [ 75.667026599144975, 20.668314498916402 ], [ 75.657305881385867, 20.661564180131219 ], [ 75.653998763483116, 20.649542867232906 ], [ 75.658837924399407, 20.649685902471141 ], [ 75.661604878535627, 20.641497704546559 ], [ 75.65816059791409, 20.640193447478815 ], [ 75.659810134543562, 20.62431630344064 ], [ 75.649919915748498, 20.624675692703491 ], [ 75.645832731340761, 20.616736559967983 ], [ 75.605346496640735, 20.62165728166487 ], [ 75.612720036026133, 20.602760282040332 ], [ 75.59295824882183, 20.599563325605232 ], [ 75.555799968792115, 20.608443428414823 ], [ 75.55745896614286, 20.603202746785534 ], [ 75.552211819367969, 20.598014157085348 ], [ 75.534984516032381, 20.606043897333034 ], [ 75.532569291074992, 20.591182963080659 ], [ 75.520592369429068, 20.590085881705988 ], [ 75.528486354087079, 20.55599502236792 ], [ 75.521912370105028, 20.558463798119874 ], [ 75.515605343861907, 20.557138122089288 ], [ 75.512827309433362, 20.549172494599592 ], [ 75.504295857739379, 20.551021128577339 ], [ 75.506385841404338, 20.540358100777286 ], [ 75.49403697689317, 20.538163663972583 ], [ 75.492994632421372, 20.523642162893076 ], [ 75.481243142788671, 20.534903687016378 ], [ 75.480102623014503, 20.543129638295486 ], [ 75.464906777652061, 20.543139588616693 ], [ 75.461989878394377, 20.551203541241943 ], [ 75.455798599306277, 20.550764836034585 ], [ 75.460511227913287, 20.51821510932437 ], [ 75.454468486046565, 20.513567725709837 ], [ 75.446710199253545, 20.537338703271992 ], [ 75.42319498431543, 20.53037633532297 ], [ 75.428676762496551, 20.511610933525141 ], [ 75.416618497491143, 20.513511756347317 ], [ 75.406806176471022, 20.522021744790369 ], [ 75.39567773498537, 20.520608811959718 ], [ 75.388678969154398, 20.577809518686173 ], [ 75.364604379281644, 20.575023474032466 ], [ 75.358447525861337, 20.59607085137575 ], [ 75.354298215938314, 20.587835002976934 ], [ 75.318479817928107, 20.591623929388852 ], [ 75.314740662484041, 20.588636347825393 ], [ 75.316422200329143, 20.574599832609515 ], [ 75.292655775405549, 20.573515750545418 ], [ 75.291168140247095, 20.566426316587616 ], [ 75.277575881068145, 20.569628473889949 ], [ 75.265195365602125, 20.566632746821359 ], [ 75.261835187999608, 20.575650494587016 ], [ 75.256792143504725, 20.574797576543475 ], [ 75.25041978509141, 20.552419660968415 ], [ 75.240945023973524, 20.551453312712972 ], [ 75.244333682675389, 20.536032192833527 ], [ 75.234672564590767, 20.535817141419603 ], [ 75.23789517380969, 20.520899153621734 ], [ 75.2251734514319, 20.5155483883145 ], [ 75.222922595392077, 20.500177750607374 ], [ 75.226461097097868, 20.494414221115086 ], [ 75.205053702520104, 20.498967824913038 ], [ 75.208614031380591, 20.492040438784045 ], [ 75.196562495733005, 20.492324771986556 ], [ 75.197235907883467, 20.475431716391196 ], [ 75.186395039550234, 20.472570050189645 ], [ 75.173876399675663, 20.477937192866442 ], [ 75.159798319481197, 20.476481866924406 ], [ 75.158167625267936, 20.455511010259361 ], [ 75.172881116581976, 20.456387224206182 ], [ 75.174185449523549, 20.442421529486769 ], [ 75.161683310354562, 20.440042737580818 ], [ 75.153326101959337, 20.432826699261543 ], [ 75.124657373193045, 20.431973839738983 ], [ 75.123845041148087, 20.423309073012899 ], [ 75.105831114611547, 20.411911817231978 ], [ 75.110546512974835, 20.394924434195993 ], [ 75.116336628414942, 20.393418504663906 ], [ 75.122409538462549, 20.363292906706899 ], [ 75.110889039234578, 20.310189819885217 ], [ 75.103332810701303, 20.307799443750437 ], [ 75.094430189082473, 20.314915280191634 ], [ 75.081823320542668, 20.315571610681577 ], [ 75.089758779847543, 20.332179762754294 ], [ 75.074736834013208, 20.338551991630556 ], [ 75.058583488926033, 20.337173475546525 ], [ 75.055995631009566, 20.333339390995 ], [ 75.054888871769478, 20.30575529530401 ], [ 75.024979266075448, 20.318573458494523 ], [ 74.999519950392695, 20.335964213086637 ], [ 74.994410631226145, 20.328027450841983 ], [ 75.005321173861731, 20.293693412927304 ], [ 74.983962668186791, 20.294441502177101 ], [ 74.983405792148957, 20.305640857917609 ], [ 74.966321434420294, 20.306973240609871 ], [ 74.944930137566743, 20.287831924587259 ], [ 74.954188097882465, 20.271831796872004 ], [ 74.863580634392022, 20.276447755207396 ], [ 74.8517072659034, 20.286147228530712 ], [ 74.855239960515746, 20.31366990449639 ], [ 74.863634982459359, 20.313961723152115 ], [ 74.864956032851865, 20.320284432279333 ], [ 74.864802950402478, 20.335159104715604 ], [ 74.857720645405422, 20.335988665564411 ], [ 74.855173820994793, 20.363957766939173 ], [ 74.849263793966912, 20.37039462116083 ], [ 74.851542719071688, 20.380935645730624 ], [ 74.824218202615867, 20.398230317664254 ], [ 74.828689492724763, 20.40664146938629 ], [ 74.837719208579358, 20.40727578186711 ], [ 74.837788567604022, 20.414286069169037 ], [ 74.816401311313584, 20.431040982937915 ], [ 74.813376489355321, 20.442255277441237 ], [ 74.802270214776144, 20.44564643058769 ], [ 74.7983626562052, 20.472312960635694 ], [ 74.79301607340885, 20.478031783451819 ], [ 74.774443800796973, 20.469975876025511 ], [ 74.770715503416824, 20.4724269075179 ], [ 74.783882105081588, 20.497369092589324 ], [ 74.780223409187002, 20.509876483052938 ], [ 74.771009427943895, 20.507456881668809 ], [ 74.761122635076404, 20.537426100723657 ], [ 74.795478831844704, 20.539659338191587 ], [ 74.799654791715298, 20.55208649444624 ], [ 74.793689830809413, 20.554590709961001 ], [ 74.792793772273598, 20.578386518773431 ], [ 74.80103458671843, 20.589603365927985 ], [ 74.80976722411134, 20.588175132797744 ], [ 74.812706816892714, 20.63198031318289 ], [ 74.826733923019745, 20.628230323886502 ], [ 74.830306416712034, 20.632920904849783 ], [ 74.840234702376975, 20.631542305540279 ], [ 74.840396890787545, 20.636688213810721 ], [ 74.853947744981838, 20.634424638629927 ], [ 74.874689852374289, 20.643252199322507 ], [ 74.89159671187123, 20.64268203746699 ], [ 74.899239781937894, 20.656296778074363 ], [ 74.930459173268233, 20.656183356522082 ], [ 74.941385408698849, 20.673443555588506 ], [ 74.940914560055759, 20.679948365220998 ], [ 74.956353444774209, 20.690422455357872 ], [ 74.95025081667842, 20.706355293491153 ], [ 74.955602837316093, 20.714015390609841 ], [ 74.948061029026022, 20.721633636868241 ], [ 74.958668287084805, 20.719644904850387 ], [ 74.97783979333721, 20.728474985672115 ], [ 74.981209265889589, 20.735155916486754 ], [ 74.985944803777244, 20.733469918944746 ], [ 74.991374989079617, 20.754767894707339 ], [ 74.985858313576045, 20.771919884643637 ], [ 74.975884866932901, 20.77842423442959 ], [ 74.958849851460712, 20.802137060617898 ], [ 74.965642333518687, 20.819087526317823 ], [ 74.983978801219436, 20.821459472679958 ], [ 74.984700134434547, 20.82754478541537 ], [ 74.97727616528789, 20.845637924513284 ], [ 74.969952092272152, 20.846310807161199 ], [ 74.963639557926584, 20.858984675951803 ], [ 74.96833113185285, 20.883564602464581 ], [ 74.963431107410344, 20.88389477505994 ], [ 74.959183750128602, 20.892072663904248 ], [ 74.961060378984172, 20.901895933548342 ], [ 74.954089270708906, 20.901649629516726 ], [ 74.948671928313942, 20.914617194278758 ], [ 74.933279127613048, 20.917754144301643 ], [ 74.933664272366428, 20.926225244962978 ], [ 74.912106657287239, 20.927504448909019 ], [ 74.91098412281768, 20.963690819415714 ], [ 74.928711912014279, 20.962061665009209 ], [ 74.931234309912682, 20.969150911129514 ], [ 74.916582828918209, 20.99008714928053 ], [ 74.918549551674573, 21.014048630511759 ], [ 74.910553842413023, 21.030497260240701 ], [ 74.892537728642026, 21.039206076657255 ], [ 74.889447256451831, 21.051467386325431 ], [ 74.862863243878081, 21.053164670246478 ], [ 74.857722524011692, 21.06126921931244 ], [ 74.872978380401079, 21.089565785057488 ], [ 74.86936806066997, 21.101209899901136 ], [ 74.886152545489466, 21.11467331596501 ], [ 74.884075003604011, 21.125516427310959 ], [ 74.893333227118333, 21.148297925808283 ], [ 74.910417911648238, 21.163096388533351 ], [ 74.932824560899547, 21.164856044519006 ], [ 74.96391516058037, 21.194542895764375 ], [ 74.963606474629074, 21.198555081404248 ], [ 74.95044408235151, 21.200327871354666 ], [ 74.95994737654371, 21.210776758365363 ], [ 74.947897983867762, 21.217437603810399 ], [ 74.9442918956792, 21.224993169439088 ], [ 74.974137247598691, 21.220009880655233 ], [ 74.983979674579658, 21.199946448792776 ], [ 75.003439207428741, 21.1860809854637 ], [ 75.016686847569957, 21.191803143463897 ], [ 75.037753947116059, 21.191604649709983 ], [ 75.044283082492342, 21.210357983874417 ], [ 75.055153671845417, 21.211834086788929 ], [ 75.067552989223913, 21.225050586713678 ], [ 75.087170338055358, 21.227524998714895 ], [ 75.0898772377857, 21.233569384078571 ], [ 75.097811616634587, 21.232103871370249 ], [ 75.106230705542387, 21.239561036479504 ], [ 75.114528616705115, 21.260364032206091 ], [ 75.129702035184152, 21.27186525714454 ], [ 75.128451308215148, 21.284420533622733 ], [ 75.138388578178763, 21.290261474029933 ], [ 75.136101173671875, 21.315525743190111 ], [ 75.147684769007498, 21.31684221680046 ], [ 75.152945108252894, 21.325011660652034 ], [ 75.120302273232966, 21.343002167192683 ], [ 75.128669052141092, 21.349641478933279 ], [ 75.142282522692184, 21.345028687870538 ], [ 75.148001562404062, 21.3490488567592 ], [ 75.136019828811669, 21.361261384439246 ], [ 75.137883733995452, 21.382072118848814 ], [ 75.150133506051276, 21.387252467706187 ], [ 75.158529853123568, 21.402881110571638 ], [ 75.173264226617249, 21.401727452269864 ], [ 75.185446282816599, 21.410625508352091 ], [ 75.206557684089333, 21.413099401066606 ], [ 75.218915441235609, 21.408339531292889 ], [ 75.233265003396994, 21.41476901788705 ] ] ] } },
{ "type": "Feature", "properties": { "District": "JALNA" }, "geometry": { "type": "MultiPolygon", "coordinates": [ [ [ [ 75.56162518600668, 19.964853872555032 ], [ 75.596245025103357, 19.960199271289682 ], [ 75.592146669706651, 19.942706369260907 ], [ 75.572865531540856, 19.935542138374608 ], [ 75.562071212595299, 19.939802800687641 ], [ 75.564195306097218, 19.951668087156509 ], [ 75.55826445607579, 19.960535022496057 ], [ 75.56162518600668, 19.964853872555032 ] ] ], [ [ [ 75.875238895950062, 20.553389522010676 ], [ 75.881600870787125, 20.560939428635397 ], [ 75.918306377971305, 20.554316032080443 ], [ 75.926223401701137, 20.545854567790059 ], [ 75.931814204137325, 20.548918973527822 ], [ 75.940576385984485, 20.535540481275302 ], [ 75.955747632606816, 20.53009102000696 ], [ 75.971470001576677, 20.53805058578995 ], [ 75.969553935372119, 20.523098504275271 ], [ 75.960024432200939, 20.526007530476313 ], [ 75.949294172110143, 20.518609111791211 ], [ 75.940653307217772, 20.498664064436745 ], [ 75.948659320414123, 20.472473763141249 ], [ 75.954872451209496, 20.473015425262009 ], [ 75.952434575207945, 20.465294047760807 ], [ 75.957025815448787, 20.464543314600995 ], [ 75.955115072318904, 20.451039093088678 ], [ 75.944943372990224, 20.443130212046398 ], [ 75.940322405295348, 20.43137863639986 ], [ 75.94143142705208, 20.42480235220896 ], [ 75.952589280064643, 20.387036968066958 ], [ 75.962129952097499, 20.382915345797379 ], [ 75.966833246286072, 20.372951452380118 ], [ 75.959613778450006, 20.371862220049078 ], [ 75.957813484998937, 20.365559592936254 ], [ 75.941643098323382, 20.368908404932299 ], [ 75.940680726612655, 20.342140766590518 ], [ 75.933879029358835, 20.338774696655971 ], [ 75.923107310588222, 20.320631172035878 ], [ 75.928874774947218, 20.302213834055507 ], [ 75.949433175295624, 20.298527004564601 ], [ 75.970007684961843, 20.315830999879203 ], [ 75.976413990078655, 20.314429909932056 ], [ 75.975252842239215, 20.307751044517101 ], [ 75.992550397255656, 20.310800599328495 ], [ 76.004382237911798, 20.306434301594813 ], [ 76.001235359868929, 20.290783095387305 ], [ 76.028365248492307, 20.289055280260346 ], [ 76.032078573358092, 20.308253147415275 ], [ 76.046826638927669, 20.337124311911545 ], [ 76.071464452439869, 20.349038987086423 ], [ 76.085771749537301, 20.365237246142527 ], [ 76.086645103774117, 20.359700523024909 ], [ 76.093032028561694, 20.358082146968901 ], [ 76.089737257850516, 20.351567543566514 ], [ 76.094260109584965, 20.347233398554653 ], [ 76.099705976928462, 20.350346637110622 ], [ 76.098658152699628, 20.354397672512981 ], [ 76.108209601078542, 20.354011878498785 ], [ 76.114717934638946, 20.346031531003813 ], [ 76.121040055686876, 20.346623182242084 ], [ 76.120960118509089, 20.341916593187165 ], [ 76.126127425259753, 20.344929518386728 ], [ 76.128009806491193, 20.338846187485707 ], [ 76.123740952062334, 20.333096355367022 ], [ 76.129221783266374, 20.317276017261161 ], [ 76.136548703616043, 20.318376817292002 ], [ 76.14763905542884, 20.310567088365712 ], [ 76.140913904337125, 20.300525186583116 ], [ 76.155053211907415, 20.30275200735246 ], [ 76.168515133787139, 20.294906050065556 ], [ 76.17229621926586, 20.302175417605348 ], [ 76.193821773911367, 20.300153735626019 ], [ 76.177819420748264, 20.266038895080854 ], [ 76.169705654251018, 20.258328599645484 ], [ 76.166385147299977, 20.238434216847391 ], [ 76.149934060155061, 20.237098380117164 ], [ 76.13292664394028, 20.22244479399339 ], [ 76.1498542177453, 20.205949153781592 ], [ 76.145142782992608, 20.199583981450321 ], [ 76.131966126176778, 20.198748716422298 ], [ 76.133606492777204, 20.184853781871912 ], [ 76.119422231411875, 20.160855460889849 ], [ 76.108812839500501, 20.162433320638733 ], [ 76.105724011179987, 20.132575127383074 ], [ 76.098455314045438, 20.130493060911931 ], [ 76.094726393272282, 20.096294956921188 ], [ 76.088295297659172, 20.095594401874344 ], [ 76.086562146130689, 20.100293499845723 ], [ 76.054461507341827, 20.09634881243705 ], [ 76.051896163887136, 20.085192220142766 ], [ 76.062277949098444, 20.084491919186323 ], [ 76.069530614823236, 20.07280162257813 ], [ 76.0521984447753, 20.062064645777955 ], [ 76.018797805028086, 20.058401191197738 ], [ 76.023319347293238, 20.024298313189924 ], [ 76.010880120420595, 20.02197072069151 ], [ 76.006181029012438, 20.012423106111395 ], [ 75.986091321941629, 20.00473256238465 ], [ 75.965648366480096, 20.002789879976191 ], [ 75.962499230200009, 19.994905442506496 ], [ 75.967627587495599, 19.986308584285094 ], [ 75.988092911199345, 19.980674897509942 ], [ 75.989364178429994, 19.974041969775719 ], [ 76.011457869987325, 19.973713500334981 ], [ 76.011263798699446, 19.953756471017829 ], [ 76.048140734718444, 19.945967926238204 ], [ 76.05233205029846, 19.940245053559337 ], [ 76.047826035871893, 19.935621449408707 ], [ 76.057493259173128, 19.929808327158245 ], [ 76.058578081758839, 19.918676184972274 ], [ 76.08111677112953, 19.912536880758125 ], [ 76.080911477484833, 19.880545180778842 ], [ 76.092824345977476, 19.872053797814836 ], [ 76.097549713244419, 19.85695851286145 ], [ 76.129331364445122, 19.865019785939737 ], [ 76.139931860089945, 19.844066234868585 ], [ 76.147604888859348, 19.8436401819094 ], [ 76.148392566864558, 19.855948973696481 ], [ 76.181752695226379, 19.848071840228346 ], [ 76.196825511284558, 19.865399419285268 ], [ 76.22951391804466, 19.865141133783201 ], [ 76.25543218367288, 19.876291519089996 ], [ 76.293070208766579, 19.870795259247199 ], [ 76.300136111201397, 19.877597473941474 ], [ 76.315415230119442, 19.877239484533398 ], [ 76.326658931618326, 19.885978050656806 ], [ 76.336458993430384, 19.883678596445527 ], [ 76.342301122334035, 19.894443325615605 ], [ 76.354841628705017, 19.896867491263297 ], [ 76.354849665119914, 19.910165674102423 ], [ 76.366022494706698, 19.928500756535716 ], [ 76.383929617447876, 19.916964256660226 ], [ 76.392816855015795, 19.904917644480992 ], [ 76.402163576582225, 19.909801313437185 ], [ 76.405285297878407, 19.919797708814851 ], [ 76.441119375476518, 19.917287199103608 ], [ 76.453482738738842, 19.923355913534888 ], [ 76.462471992794832, 19.919517277329632 ], [ 76.493569383200693, 19.920159208156218 ], [ 76.492761583926168, 19.893795027436706 ], [ 76.501890602965446, 19.888783879621286 ], [ 76.506489307343671, 19.878005770760907 ], [ 76.518168073574529, 19.878258634421254 ], [ 76.518523413957979, 19.872811341432907 ], [ 76.534508281968343, 19.865529512342793 ], [ 76.531172461277848, 19.86176261343595 ], [ 76.534104481751996, 19.850267565017631 ], [ 76.519022413688631, 19.849997426839778 ], [ 76.521047137257369, 19.836874210907062 ], [ 76.512467630550262, 19.831833782136481 ], [ 76.515351283246488, 19.826920392223425 ], [ 76.511026694725544, 19.818854903846951 ], [ 76.514489542755214, 19.8082174144402 ], [ 76.51144652118596, 19.798969710258103 ], [ 76.483450411919847, 19.797634857630463 ], [ 76.482056817034021, 19.786662882281185 ], [ 76.486659892309888, 19.77924867610157 ], [ 76.512723465649358, 19.771408001422774 ], [ 76.510147308142777, 19.760823104352422 ], [ 76.488277252860769, 19.763721300691653 ], [ 76.483665277529454, 19.7448587113232 ], [ 76.4595433794331, 19.747253344846818 ], [ 76.459388613557579, 19.725191580126641 ], [ 76.483900414995688, 19.721435879642375 ], [ 76.487938232729107, 19.684184737858299 ], [ 76.481516852600947, 19.678054012287738 ], [ 76.470167961118818, 19.679176763928215 ], [ 76.465456781477442, 19.665618768684798 ], [ 76.452560057361126, 19.666518323641689 ], [ 76.449402227510788, 19.659678086399776 ], [ 76.444659064312518, 19.640662106960196 ], [ 76.453612194466771, 19.640919500355011 ], [ 76.456259576308852, 19.636763899248987 ], [ 76.450875273364375, 19.614284010924155 ], [ 76.441612241395887, 19.613393707460656 ], [ 76.432369351396829, 19.602155154013033 ], [ 76.437773051077286, 19.600179838533148 ], [ 76.436495284188382, 19.586948484448261 ], [ 76.447937277506824, 19.58474079656601 ], [ 76.442142380411553, 19.541564335044463 ], [ 76.415563799019637, 19.534009436827873 ], [ 76.395676535666738, 19.541123123077071 ], [ 76.391999681765625, 19.531442467681241 ], [ 76.37572311642802, 19.536952668761895 ], [ 76.368368536791408, 19.509348759272314 ], [ 76.376129861902299, 19.507153366167724 ], [ 76.364217272407132, 19.470800284709426 ], [ 76.342826955160092, 19.472854278314522 ], [ 76.339920260115235, 19.455327018367711 ], [ 76.335930206021146, 19.453651635621497 ], [ 76.322642475179379, 19.457168154482993 ], [ 76.313229888525186, 19.466700103556011 ], [ 76.301401254815488, 19.431781509344528 ], [ 76.288835327434654, 19.433074151621476 ], [ 76.284387136503568, 19.397382934414232 ], [ 76.290020835939089, 19.394132739736449 ], [ 76.282799400485857, 19.365617813140542 ], [ 76.261754408747052, 19.366934853723389 ], [ 76.257421418907683, 19.356644486099778 ], [ 76.2754850800154, 19.34437981356222 ], [ 76.263309440097117, 19.333867786488259 ], [ 76.239481894038065, 19.336554524691909 ], [ 76.236824233075183, 19.317928067005706 ], [ 76.230208540862662, 19.313469064396759 ], [ 76.211178351433048, 19.318997383992357 ], [ 76.2070798756518, 19.29984669662932 ], [ 76.218689119708273, 19.293004674932231 ], [ 76.207601040814637, 19.276988968479689 ], [ 76.195306553181879, 19.285903521669891 ], [ 76.179626978854543, 19.288404992291721 ], [ 76.16267782601814, 19.283426518338381 ], [ 76.16036168347371, 19.295391015553601 ], [ 76.1395026775931, 19.29116773172024 ], [ 76.125676043008255, 19.30334706608414 ], [ 76.113465607804812, 19.296194880985986 ], [ 76.108921376777502, 19.306062629242074 ], [ 76.102700860067259, 19.308067378942717 ], [ 76.096340296051068, 19.304259573000355 ], [ 76.087934130383331, 19.280935272863516 ], [ 76.039668197699172, 19.28363982005483 ], [ 76.025124454527855, 19.299439379844841 ], [ 76.020200915926239, 19.3376434691606 ], [ 76.010021661757264, 19.33575489538854 ], [ 75.97683509616698, 19.305262347931478 ], [ 75.942852994125516, 19.291893750411798 ], [ 75.935157844903244, 19.293379628335952 ], [ 75.918224721968187, 19.303436997833504 ], [ 75.906494530564103, 19.318331184333502 ], [ 75.905222252177097, 19.346984576892986 ], [ 75.925027578847661, 19.38270040022477 ], [ 75.912032464162124, 19.392168533354504 ], [ 75.903750180436447, 19.390595099304669 ], [ 75.89314435971373, 19.379571364831804 ], [ 75.873144269898702, 19.383292034171717 ], [ 75.840480773053116, 19.37148486717037 ], [ 75.785400040406799, 19.399541603810388 ], [ 75.756411568009923, 19.387655073604261 ], [ 75.761400055826101, 19.375797620814925 ], [ 75.750932315398302, 19.356083191748276 ], [ 75.714244386714, 19.354219931004486 ], [ 75.699845707402545, 19.359019748250955 ], [ 75.679664560382321, 19.355651921837236 ], [ 75.67244342137046, 19.367602085156225 ], [ 75.650760602993444, 19.368570853896451 ], [ 75.640108328643564, 19.38144790698032 ], [ 75.625726147632321, 19.373373161865096 ], [ 75.606128194315488, 19.383538346589667 ], [ 75.612759030604295, 19.425146907680226 ], [ 75.603273669103999, 19.427541026597613 ], [ 75.604675040649155, 19.452175455932409 ], [ 75.60860501392844, 19.452273556431123 ], [ 75.61390049626462, 19.467648585913146 ], [ 75.626463567970291, 19.460594395763511 ], [ 75.631541303302086, 19.464636063022255 ], [ 75.641560538204686, 19.49621945377541 ], [ 75.642738739186456, 19.538859197391069 ], [ 75.646563452572465, 19.538866862822189 ], [ 75.656041996966024, 19.568150642982516 ], [ 75.650196705128096, 19.578165451249646 ], [ 75.65288807556135, 19.585914001902466 ], [ 75.649208885441851, 19.595435790128587 ], [ 75.597985716163635, 19.600116548826747 ], [ 75.585145811565752, 19.638300910228441 ], [ 75.603864497145821, 19.6434902921443 ], [ 75.605132667495909, 19.657832894918478 ], [ 75.625407897161381, 19.655936106554812 ], [ 75.629238192847879, 19.66032199390192 ], [ 75.631397457056124, 19.676268637273843 ], [ 75.625194781988057, 19.704238652336322 ], [ 75.629630824916674, 19.707753814608566 ], [ 75.631956667332318, 19.734864804433101 ], [ 75.62523821379439, 19.736372986948538 ], [ 75.623586983388563, 19.772000017743075 ], [ 75.636097233867204, 19.772369161738318 ], [ 75.634014144431447, 19.778117723280928 ], [ 75.644422922116618, 19.780056538721659 ], [ 75.644946582470638, 19.793135181482555 ], [ 75.64125126584517, 19.79299478386822 ], [ 75.63360241897044, 19.811683535016215 ], [ 75.653584559598997, 19.813358656762738 ], [ 75.658498677492688, 19.822518465077557 ], [ 75.655909484569477, 19.840949629482491 ], [ 75.644892668626269, 19.842101187967785 ], [ 75.656779779082811, 19.91250958392898 ], [ 75.677535467037373, 19.916544212275539 ], [ 75.680597599797721, 19.924524919815997 ], [ 75.669205781931652, 19.94402332068076 ], [ 75.661937479980566, 19.949471940162297 ], [ 75.657466783477517, 19.945376975788513 ], [ 75.651103919285219, 19.949726839454499 ], [ 75.655763504903987, 19.965838351684699 ], [ 75.643927135382228, 19.975554517370945 ], [ 75.644474420778096, 20.00697880649172 ], [ 75.633429887525452, 20.011597284814748 ], [ 75.622500918265771, 19.999927445347829 ], [ 75.599567479511407, 19.999510082206616 ], [ 75.598085876090948, 20.005260032786385 ], [ 75.592446854162532, 20.006382604737848 ], [ 75.588415551210957, 20.023931718836074 ], [ 75.604324400273782, 20.053376623108182 ], [ 75.598367447227162, 20.061830078551978 ], [ 75.588670499217301, 20.063581552049346 ], [ 75.586358741185165, 20.097898793913334 ], [ 75.624158020280575, 20.10027457071007 ], [ 75.632401304186445, 20.11916657225742 ], [ 75.646006356200118, 20.188137368703739 ], [ 75.673600257802818, 20.183753933758393 ], [ 75.678665048158351, 20.19079104122153 ], [ 75.680232672210067, 20.228763238340992 ], [ 75.674204826186838, 20.23324752798559 ], [ 75.679988066201048, 20.258518126851722 ], [ 75.690026358044278, 20.26513836407436 ], [ 75.695097753468843, 20.282335617212652 ], [ 75.681779668567529, 20.306327797828647 ], [ 75.707766339437796, 20.312825185178987 ], [ 75.716430945539017, 20.330408669036764 ], [ 75.729823958776777, 20.327333346887926 ], [ 75.733633477313163, 20.33345490224831 ], [ 75.742456852160984, 20.334927115224836 ], [ 75.743216815795449, 20.326202092987785 ], [ 75.754529707459156, 20.32578971414199 ], [ 75.760958567109711, 20.328243442126279 ], [ 75.764148522493969, 20.336223637270969 ], [ 75.770545406358821, 20.336385518786511 ], [ 75.75737764616656, 20.368427435531235 ], [ 75.745600982319885, 20.370581423407931 ], [ 75.749177071392481, 20.402227820395133 ], [ 75.73262617996906, 20.407131364373441 ], [ 75.737486447530486, 20.419300183936155 ], [ 75.755759062228677, 20.42306389970236 ], [ 75.76397613224276, 20.45198430504772 ], [ 75.778941537462174, 20.45501430636179 ], [ 75.794566844555447, 20.450235232006893 ], [ 75.796767602281491, 20.461253362218908 ], [ 75.8111939650247, 20.463240372212315 ], [ 75.819696239307234, 20.472088768928664 ], [ 75.826795777547119, 20.471042465948493 ], [ 75.840972087631826, 20.457572793672487 ], [ 75.855122728121472, 20.460218019702314 ], [ 75.864396087470098, 20.447321642518812 ], [ 75.862661392269928, 20.439898083005733 ], [ 75.877598435226119, 20.437408314772405 ], [ 75.881819807309697, 20.44494393527749 ], [ 75.894055388572397, 20.445378862433149 ], [ 75.869486735637324, 20.455059865504648 ], [ 75.870898330953779, 20.46127767042988 ], [ 75.861592606385429, 20.465412483189205 ], [ 75.858810250017697, 20.481405646919004 ], [ 75.849203542807956, 20.483056981007422 ], [ 75.847456615565889, 20.488283219952358 ], [ 75.849904723152051, 20.500900578297216 ], [ 75.85896899441498, 20.503480112915074 ], [ 75.860592177503875, 20.523799438060031 ], [ 75.871755937757726, 20.528070328256199 ], [ 75.879465312692119, 20.522801479013218 ], [ 75.883675205632031, 20.527024310135047 ], [ 75.860470637565399, 20.560746920718994 ], [ 75.875238895950062, 20.553389522010676 ] ] ] ] } },
{ "type": "Feature", "properties": { "District": "KOLHAPUR" }, "geometry": { "type": "Polygon", "coordinates": [ [ [ 73.775873890659696, 17.182077533907471 ], [ 73.799188123713591, 17.17123953191043 ], [ 73.820217675872556, 17.170257072210763 ], [ 73.846504500843636, 17.15422550360865 ], [ 73.858133139938246, 17.137302871949256 ], [ 73.875533030060495, 17.128542421422431 ], [ 73.871169860942885, 17.123378790340112 ], [ 73.873470183378885, 17.117071402235585 ], [ 73.899888304837845, 17.102385922848267 ], [ 73.904253969025447, 17.084779766363152 ], [ 73.914656444824317, 17.075965447574461 ], [ 73.913815495181268, 17.071433288431859 ], [ 73.929787759620112, 17.075030823581919 ], [ 73.940257044592542, 17.062946288813336 ], [ 73.957917654758646, 17.057495969605032 ], [ 73.973673281213735, 17.035730997561121 ], [ 73.979253540090596, 17.034508793110358 ], [ 73.978772387809755, 17.009311698310206 ], [ 73.969136960107207, 17.007299639778505 ], [ 73.973486393271031, 16.990149238843241 ], [ 73.984750403992621, 16.986678779401704 ], [ 73.990813475857948, 16.997172425590509 ], [ 74.023353871331693, 16.985151734682177 ], [ 74.020744662708481, 16.969967706818274 ], [ 74.026190307503157, 16.963988602416936 ], [ 74.019812903330845, 16.95936874967521 ], [ 74.028133838603154, 16.951242068771606 ], [ 74.022961922287593, 16.942304376487002 ], [ 74.037147500691091, 16.938295744057438 ], [ 74.038419640757269, 16.923875889321053 ], [ 74.064723906886485, 16.910184514949854 ], [ 74.065706845089565, 16.902379832973892 ], [ 74.080358409996393, 16.907204783114828 ], [ 74.091474432326947, 16.918260925246532 ], [ 74.100527701120356, 16.910195313662687 ], [ 74.120731392782048, 16.913177327203762 ], [ 74.135086053930607, 16.888102515593211 ], [ 74.145589922493073, 16.882731440980638 ], [ 74.163618892075007, 16.898661413185099 ], [ 74.1751963342697, 16.902536573464339 ], [ 74.191835572896849, 16.893889845513538 ], [ 74.20973385770958, 16.893019420413331 ], [ 74.21627335624855, 16.911650383790683 ], [ 74.223165439294959, 16.913686546645085 ], [ 74.230858460633698, 16.903333903788166 ], [ 74.232186554209136, 16.890378423416831 ], [ 74.236411105295119, 16.886123731889683 ], [ 74.246953254444904, 16.886419528817964 ], [ 74.257229981777101, 16.906509241018583 ], [ 74.28181621824244, 16.918515840072153 ], [ 74.295548208714251, 16.894641141795873 ], [ 74.314382954489076, 16.891315564248842 ], [ 74.32577775275368, 16.877841057925572 ], [ 74.337085899186562, 16.881303858117569 ], [ 74.34555406603117, 16.873555210873825 ], [ 74.354199653761341, 16.872776335180159 ], [ 74.36202953957995, 16.853442261156236 ], [ 74.401528971338877, 16.883007212266733 ], [ 74.40360274279476, 16.876410065867422 ], [ 74.41567646431406, 16.877674624823921 ], [ 74.414410624073696, 16.864902225984775 ], [ 74.404055458816984, 16.851384552539674 ], [ 74.414640155505182, 16.84395120405981 ], [ 74.458426720824875, 16.852974153000638 ], [ 74.472556680350834, 16.868477449407578 ], [ 74.495033559845211, 16.857814319111842 ], [ 74.49542438216163, 16.835120033490274 ], [ 74.500573133568892, 16.829630540744425 ], [ 74.514562894743023, 16.840862396713529 ], [ 74.512954845543163, 16.851349303591739 ], [ 74.516943702588094, 16.858137933457829 ], [ 74.517931756577156, 16.852388618417809 ], [ 74.534578148110171, 16.846178319930956 ], [ 74.554433414938046, 16.824604884496168 ], [ 74.56059510372792, 16.806218642907155 ], [ 74.604657006097483, 16.799398747802925 ], [ 74.62943318286068, 16.787951266980638 ], [ 74.641542400533112, 16.772794361215219 ], [ 74.645833116165704, 16.752363000989543 ], [ 74.699929408468776, 16.735020289689643 ], [ 74.688548538909728, 16.712786059316979 ], [ 74.689398673667654, 16.686464135958612 ], [ 74.680824998687456, 16.685891743380591 ], [ 74.681085716463244, 16.680909110726251 ], [ 74.688862697890713, 16.681541780163304 ], [ 74.689550346498208, 16.677025660823752 ], [ 74.679023336435122, 16.673095387560188 ], [ 74.679504769694617, 16.666170484293591 ], [ 74.665163934363179, 16.66567151835342 ], [ 74.653478151946913, 16.63882945074959 ], [ 74.659050216785587, 16.63166768591212 ], [ 74.687572506655457, 16.617885359754354 ], [ 74.688434178139573, 16.60847146945763 ], [ 74.673830887231389, 16.60920187426661 ], [ 74.659987115475815, 16.602899107777784 ], [ 74.639305996368364, 16.61012172518727 ], [ 74.633353312794142, 16.600358832055097 ], [ 74.635652084249458, 16.58361242403145 ], [ 74.628333349244016, 16.577510593906503 ], [ 74.618798524397377, 16.58407198428409 ], [ 74.61628978258868, 16.574830821093965 ], [ 74.601021814738402, 16.564897989671383 ], [ 74.587877678852095, 16.566102266373637 ], [ 74.584641889884864, 16.559125265337975 ], [ 74.574595136338232, 16.558942194204779 ], [ 74.572380697206171, 16.553492401974101 ], [ 74.555781461282564, 16.562978286122306 ], [ 74.555386712583513, 16.572392263535178 ], [ 74.566894248125479, 16.585388588565301 ], [ 74.558773287303907, 16.59465322807857 ], [ 74.543492702943695, 16.595318582531171 ], [ 74.544488996173271, 16.635468674913533 ], [ 74.489033828467655, 16.630144834944268 ], [ 74.475996625903178, 16.645864141231723 ], [ 74.471712202550123, 16.664054765118692 ], [ 74.456397894543656, 16.655046372145758 ], [ 74.458345116504546, 16.648681669073078 ], [ 74.454782385321352, 16.647295478830138 ], [ 74.46580905455825, 16.624721025632244 ], [ 74.46671146070554, 16.606822362260925 ], [ 74.435438145248639, 16.601059950827665 ], [ 74.426338638468565, 16.595739831327826 ], [ 74.422145307804755, 16.584511530104599 ], [ 74.396625927304285, 16.583267517697212 ], [ 74.392906895765563, 16.564883467203401 ], [ 74.386902118593085, 16.559938224377664 ], [ 74.387149885688004, 16.536197160332573 ], [ 74.379832560550824, 16.52859226451061 ], [ 74.357925491548713, 16.53834202358512 ], [ 74.356246561597715, 16.559747326159062 ], [ 74.355120887605793, 16.555063156033984 ], [ 74.345715190108294, 16.555000441837898 ], [ 74.33969050415935, 16.547757413349 ], [ 74.325172977653054, 16.556297489071422 ], [ 74.315713407880594, 16.554454677101425 ], [ 74.315122773875117, 16.504597503173155 ], [ 74.306142651147468, 16.503692898072824 ], [ 74.301371352515233, 16.529269533489103 ], [ 74.291595818820738, 16.533882356186567 ], [ 74.28313833162278, 16.524589278890538 ], [ 74.281088992835379, 16.54109766330274 ], [ 74.272370362420119, 16.547748780419965 ], [ 74.264131076933566, 16.539830477883974 ], [ 74.269745678100321, 16.522172723896794 ], [ 74.276102717815689, 16.521308245650257 ], [ 74.278216233783212, 16.504914507091996 ], [ 74.247372776206731, 16.496913200162297 ], [ 74.260770148469348, 16.480096595009812 ], [ 74.274381508747709, 16.485626542651652 ], [ 74.279660567882161, 16.504825265092119 ], [ 74.290895008142144, 16.50490207494288 ], [ 74.28927516884302, 16.462970503207501 ], [ 74.297047260476731, 16.4645369409672 ], [ 74.312456280573045, 16.453235323868405 ], [ 74.332591559464589, 16.454758759742333 ], [ 74.329711518469807, 16.447199020046536 ], [ 74.336233920148587, 16.445671033120625 ], [ 74.332694051626405, 16.436850645695504 ], [ 74.336736054636035, 16.428806655076098 ], [ 74.32885332424425, 16.419047646057649 ], [ 74.335054344956092, 16.401407378472541 ], [ 74.363694310591114, 16.405091320754469 ], [ 74.36290629512601, 16.395523797146286 ], [ 74.35357627454664, 16.381877720575385 ], [ 74.353409908302396, 16.366418742512614 ], [ 74.347297218551859, 16.368315811154766 ], [ 74.335869380792772, 16.393741567597914 ], [ 74.32749298266981, 16.391499210176075 ], [ 74.324840662769176, 16.378288177232335 ], [ 74.3171926358294, 16.381003743970908 ], [ 74.324767473570432, 16.359936051705613 ], [ 74.317639661682705, 16.353052774709482 ], [ 74.327034633587346, 16.342509468470912 ], [ 74.315320272389158, 16.340079970875365 ], [ 74.322504842622934, 16.334368590855611 ], [ 74.316606630894285, 16.326561546085465 ], [ 74.328745032630849, 16.323747470177029 ], [ 74.331293484378165, 16.320666566679233 ], [ 74.325156494384174, 16.313682022952786 ], [ 74.333218147421121, 16.31345121861742 ], [ 74.331917004414677, 16.305252418390396 ], [ 74.335907534661487, 16.307092176051984 ], [ 74.342548188654476, 16.298027337615391 ], [ 74.34201302020746, 16.291177230882983 ], [ 74.327960638089607, 16.293246114810277 ], [ 74.325775433118608, 16.285586685447164 ], [ 74.320825743682761, 16.284475452213641 ], [ 74.324933760278199, 16.271756260288051 ], [ 74.334149700733093, 16.268798857073445 ], [ 74.33332715471353, 16.275971572816747 ], [ 74.338434331275522, 16.271404381088864 ], [ 74.343784401403354, 16.278076805318911 ], [ 74.35046026609929, 16.275366734834524 ], [ 74.353710269833527, 16.282821893540639 ], [ 74.343096195708426, 16.29035053163593 ], [ 74.345596916512534, 16.293762512329934 ], [ 74.359297059776722, 16.290584513069234 ], [ 74.373008806864206, 16.261635701593072 ], [ 74.380635935380113, 16.26196800602089 ], [ 74.382607907265978, 16.277358004801986 ], [ 74.414394836089812, 16.282651090774056 ], [ 74.417610723864129, 16.25800065217329 ], [ 74.435771454890798, 16.258834633778413 ], [ 74.435551662027677, 16.251146675267446 ], [ 74.4548349108331, 16.253392965967343 ], [ 74.456094037407652, 16.243864637237614 ], [ 74.468620550931391, 16.240185430475947 ], [ 74.48047951429777, 16.250125656999529 ], [ 74.49034697088409, 16.234889268621817 ], [ 74.503101884049315, 16.225405694172512 ], [ 74.495925964886027, 16.21430056511559 ], [ 74.507995224889129, 16.202258306431112 ], [ 74.50623958276482, 16.190243723764322 ], [ 74.49378645246874, 16.186448561477263 ], [ 74.488367376899816, 16.157262308716344 ], [ 74.479832404259227, 16.147125070947819 ], [ 74.485105444944296, 16.142303527472073 ], [ 74.490836155480608, 16.116717371353356 ], [ 74.491231121064132, 16.104305108723697 ], [ 74.484304901721941, 16.091468248214618 ], [ 74.472727559417535, 16.090603967581224 ], [ 74.458681278335391, 16.103794949744859 ], [ 74.42761928598263, 16.111965050873515 ], [ 74.409971929631311, 16.102120351129344 ], [ 74.406956412804689, 16.093508155432634 ], [ 74.390035178522623, 16.089462469483031 ], [ 74.390858893355173, 16.080484902051861 ], [ 74.383624492794794, 16.082925302879207 ], [ 74.372218525054379, 16.078210303702203 ], [ 74.371514893718256, 16.068244275790974 ], [ 74.361328190324556, 16.053835894014853 ], [ 74.377335226626059, 16.055120486307423 ], [ 74.369048791698333, 16.039219930918645 ], [ 74.373401099268833, 16.036443483256686 ], [ 74.380991264688163, 16.035483276493292 ], [ 74.405518427776798, 16.051836047529033 ], [ 74.429694413468454, 16.059151455623716 ], [ 74.462213518791714, 16.049837597324441 ], [ 74.46301561826904, 16.041619417359815 ], [ 74.456494887713092, 16.041058795429116 ], [ 74.463222957343604, 16.03919173724552 ], [ 74.44477345414218, 16.003049264803177 ], [ 74.443954690131363, 15.98640185905726 ], [ 74.430830425381316, 15.956582433553786 ], [ 74.386865316740725, 15.904981267803363 ], [ 74.393418024282468, 15.900035885030514 ], [ 74.396738692052651, 15.880360120172767 ], [ 74.392792625211641, 15.878389602938046 ], [ 74.406370163151237, 15.864447052601887 ], [ 74.406170681111419, 15.855376465854516 ], [ 74.39753664233946, 15.851146250814223 ], [ 74.388140296026648, 15.854252569493408 ], [ 74.376753202556841, 15.882382160816245 ], [ 74.366102845925738, 15.891313552631534 ], [ 74.368614856006332, 15.894359620395051 ], [ 74.364695115815067, 15.8938617893775 ], [ 74.363366517984943, 15.875071049163722 ], [ 74.33820901400189, 15.854918741934377 ], [ 74.345002156934882, 15.850439253611265 ], [ 74.383085365483183, 15.849104936537939 ], [ 74.381037023998587, 15.83538411514702 ], [ 74.379928813647624, 15.838266086166017 ], [ 74.377397800863932, 15.832224535056026 ], [ 74.370737094409307, 15.830566647815353 ], [ 74.360347583833914, 15.816859862320317 ], [ 74.370300215299068, 15.810712962628315 ], [ 74.369074006410358, 15.788197373059862 ], [ 74.345684449269257, 15.764555063479353 ], [ 74.323069720644753, 15.772676593850287 ], [ 74.318618509930204, 15.758377646160119 ], [ 74.309742947621984, 15.75489486946111 ], [ 74.30789878412638, 15.748480665330813 ], [ 74.2854553322165, 15.74163362808239 ], [ 74.268318820225105, 15.754736721960025 ], [ 74.254025449260766, 15.745150162419002 ], [ 74.238219893616829, 15.74406115027684 ], [ 74.22763053531196, 15.756580783789536 ], [ 74.227509550432998, 15.769066750191723 ], [ 74.234645621848856, 15.779193882927629 ], [ 74.233501308111855, 15.786994513832743 ], [ 74.228339793074142, 15.788338416272243 ], [ 74.213109571089916, 15.78005636098526 ], [ 74.19918135470526, 15.785374201617509 ], [ 74.172495278810203, 15.773810138578343 ], [ 74.153625075716946, 15.786820192318993 ], [ 74.158817167333538, 15.821825780420248 ], [ 74.140955845854975, 15.823388639809099 ], [ 74.145721895515194, 15.832884164928499 ], [ 74.108946538744078, 15.822683569874307 ], [ 74.102881496958702, 15.840861211891726 ], [ 74.084165766414159, 15.83839933485538 ], [ 74.065828353125383, 15.826117559287624 ], [ 74.066801112324015, 15.815171642729426 ], [ 74.034533803750023, 15.802699060761785 ], [ 74.030433165715067, 15.818843069154953 ], [ 74.034042601454274, 15.832730049010921 ], [ 74.030367047611733, 15.834640828219857 ], [ 74.092969109299986, 15.873076033705329 ], [ 74.087204621158548, 15.87446424196426 ], [ 74.093107553396479, 15.900105869140699 ], [ 74.073060478195842, 15.948779249398466 ], [ 74.059659663622753, 15.94182441182382 ], [ 74.050585879776506, 15.946125130940004 ], [ 74.051532426528468, 15.952064514240407 ], [ 74.045581553228473, 15.957115411397718 ], [ 74.055928266978924, 15.967906055275446 ], [ 74.062447327415668, 15.984266092881505 ], [ 74.089142756030341, 16.005287434121762 ], [ 74.091036225606317, 16.01473627214304 ], [ 74.077051659674183, 16.023307642383635 ], [ 74.060044764050204, 16.051076816125612 ], [ 74.051574741585398, 16.042825877878975 ], [ 74.050450794151971, 16.033044311677067 ], [ 74.044014733807046, 16.031163866551911 ], [ 74.024939180077425, 16.032213010403041 ], [ 74.01845224458026, 16.039007506095825 ], [ 74.000727033587907, 16.041283799421407 ], [ 74.002737075272023, 16.052903248090985 ], [ 73.997062611327692, 16.059631246237757 ], [ 74.011374254383455, 16.066632175559796 ], [ 74.004389688868542, 16.079130017180837 ], [ 73.991010345007822, 16.079422447202642 ], [ 73.995952428691766, 16.092734024795369 ], [ 73.905248097870398, 16.10090048833656 ], [ 73.900119778051959, 16.096830030883041 ], [ 73.900753884464322, 16.088825351040505 ], [ 73.89590251648093, 16.088948612991771 ], [ 73.875409033391847, 16.097043591363775 ], [ 73.864437710695157, 16.09537524598495 ], [ 73.873443934350917, 16.106300949382341 ], [ 73.862918180034228, 16.107169577061804 ], [ 73.843776689708506, 16.093908686772217 ], [ 73.84484993904934, 16.084311828811302 ], [ 73.853374870452768, 16.08168758333268 ], [ 73.859952115581933, 16.069944789360441 ], [ 73.842657534238441, 16.078854083433335 ], [ 73.844021124919763, 16.084633314760335 ], [ 73.833936845599993, 16.093955870664377 ], [ 73.849288285587164, 16.118418053407296 ], [ 73.846817726818671, 16.131669590763675 ], [ 73.853630989387341, 16.134715965792729 ], [ 73.844868288141555, 16.153096434280656 ], [ 73.864568568941024, 16.139102876402919 ], [ 73.867155682522494, 16.146990885636217 ], [ 73.869538468919998, 16.142736927270651 ], [ 73.883072274373134, 16.145617168217829 ], [ 73.90605994565351, 16.135784368606334 ], [ 73.91433428820018, 16.140078338793934 ], [ 73.913942554325573, 16.149540637996402 ], [ 73.918779630595893, 16.153633522948496 ], [ 73.90833472113296, 16.159728526593174 ], [ 73.917619890102742, 16.167448394284822 ], [ 73.914653348238659, 16.171841097696795 ], [ 73.928858347194321, 16.169430345613495 ], [ 73.942728753481973, 16.174508938329939 ], [ 73.945781607767188, 16.179352674270802 ], [ 73.937572904556561, 16.185831783689245 ], [ 73.956499528821709, 16.203271492361143 ], [ 73.956210424289651, 16.208565262794906 ], [ 73.938124568512563, 16.209275596359134 ], [ 73.935669719947214, 16.204556986943633 ], [ 73.922634834610889, 16.202115152419008 ], [ 73.929010867887058, 16.212505522157233 ], [ 73.923892580367863, 16.218987086921295 ], [ 73.917795437322809, 16.218198452910137 ], [ 73.935370164565612, 16.225715356132859 ], [ 73.938353475041026, 16.235986116878099 ], [ 73.946209031720997, 16.239002158013289 ], [ 73.942863879711084, 16.243788217177112 ], [ 73.91478333925447, 16.231075299699707 ], [ 73.913663272309265, 16.23447003963917 ], [ 73.89760907853649, 16.234672410086382 ], [ 73.889375273735254, 16.229045435779689 ], [ 73.892722937124347, 16.233855673675681 ], [ 73.917499875169113, 16.245653769675901 ], [ 73.904923164005851, 16.256520614842742 ], [ 73.891873825357138, 16.256582033349513 ], [ 73.892509878075685, 16.266694073234941 ], [ 73.881801752770301, 16.278831883587365 ], [ 73.889720593435825, 16.289851343611371 ], [ 73.888765257235988, 16.299639203373566 ], [ 73.902022309691333, 16.308611546126404 ], [ 73.902195530532481, 16.3286311433116 ], [ 73.894174180649017, 16.328640941647276 ], [ 73.889760097263377, 16.322645202193701 ], [ 73.886850298125836, 16.328338855136757 ], [ 73.863812907044135, 16.308536708069351 ], [ 73.856404334876316, 16.317271633231652 ], [ 73.845891156008591, 16.30037240792236 ], [ 73.846745774721398, 16.314276866113492 ], [ 73.83888467493351, 16.316436387552496 ], [ 73.848114719703972, 16.324452731364886 ], [ 73.832130560712656, 16.34500255014737 ], [ 73.843420349925594, 16.355310256031366 ], [ 73.85001118722073, 16.354892448260788 ], [ 73.86327624348209, 16.372786144809091 ], [ 73.856022916841809, 16.385903291200982 ], [ 73.836747216057688, 16.392199129639902 ], [ 73.834044621629218, 16.401483751465751 ], [ 73.850967802987526, 16.416626828651168 ], [ 73.849399488672518, 16.422628205477835 ], [ 73.867170371090694, 16.433743836069567 ], [ 73.872087052689466, 16.442129828521885 ], [ 73.882561698457806, 16.445617548797372 ], [ 73.887543166622009, 16.463394930953189 ], [ 73.885378544028427, 16.46992593569232 ], [ 73.860970751606899, 16.47613314266717 ], [ 73.861235193301738, 16.481721276922556 ], [ 73.851614573018878, 16.487630252991469 ], [ 73.850042452879862, 16.497805872555979 ], [ 73.839742807020386, 16.507397243936765 ], [ 73.847177510185972, 16.52623175443286 ], [ 73.81481516737793, 16.544240115574752 ], [ 73.821452299057071, 16.551099372541024 ], [ 73.830962675218629, 16.549664997290634 ], [ 73.831181300893903, 16.558394910045198 ], [ 73.846540420229999, 16.574298966263619 ], [ 73.841832631036496, 16.589145621722153 ], [ 73.859065141779226, 16.604062212216721 ], [ 73.862379222194122, 16.61403644530543 ], [ 73.847933194141447, 16.642883965491219 ], [ 73.852012074340308, 16.647768207619482 ], [ 73.849040484037474, 16.650072697920976 ], [ 73.856470879302819, 16.655900261663835 ], [ 73.853205546539513, 16.658929126920032 ], [ 73.863492020824467, 16.668406949568528 ], [ 73.850290843856357, 16.673443682619641 ], [ 73.859581795185051, 16.681176137692521 ], [ 73.842312443031886, 16.69414305532041 ], [ 73.825300038393834, 16.697261725022877 ], [ 73.816712544879991, 16.709079972257246 ], [ 73.810876398060842, 16.708230623958368 ], [ 73.825887864660089, 16.715224216598848 ], [ 73.837565593074089, 16.73803098160818 ], [ 73.827417752251577, 16.743164217977178 ], [ 73.828722575365063, 16.754002955592114 ], [ 73.812715538630329, 16.76888428401011 ], [ 73.792962102766694, 16.761643527734989 ], [ 73.779796829066001, 16.779409621535219 ], [ 73.770471718395953, 16.77052155368634 ], [ 73.760839773632753, 16.770013403417749 ], [ 73.754295454242111, 16.783351408310548 ], [ 73.760450402921634, 16.802538004552048 ], [ 73.750332735607586, 16.805720726578517 ], [ 73.751702708938438, 16.81036840319544 ], [ 73.735468813260979, 16.822459297912619 ], [ 73.732979255970506, 16.816163400835993 ], [ 73.727551507508565, 16.816826724367374 ], [ 73.729045478612989, 16.820809655770958 ], [ 73.711419883179786, 16.827919735765523 ], [ 73.716948112512156, 16.836713912147665 ], [ 73.723795707948696, 16.83908545199418 ], [ 73.727524453737203, 16.834603607017961 ], [ 73.737823245589595, 16.845093816631806 ], [ 73.764925281599304, 16.829024530238343 ], [ 73.761836192658564, 16.851498470613659 ], [ 73.766675533669428, 16.854680136318485 ], [ 73.767142521354216, 16.865929006115508 ], [ 73.746672304367948, 16.884400975650188 ], [ 73.747375799395627, 16.9042568500622 ], [ 73.739643036198487, 16.896195336194982 ], [ 73.735764709947773, 16.901750081583927 ], [ 73.736525071494214, 16.914723579791577 ], [ 73.742425914034186, 16.91781315183464 ], [ 73.747639803150719, 16.905170831219987 ], [ 73.759257283885802, 16.903590790865522 ], [ 73.764778630839828, 16.909816222974055 ], [ 73.777034703803878, 16.910693448070578 ], [ 73.78837476981785, 16.906893975979855 ], [ 73.792211171905393, 16.923281974311447 ], [ 73.787762372108389, 16.924075839790628 ], [ 73.79104684252637, 16.930636430922888 ], [ 73.795159964403453, 16.929917278440069 ], [ 73.789568023220781, 16.939647395227798 ], [ 73.762165010822343, 16.961736893712008 ], [ 73.772120442068257, 16.975039631137815 ], [ 73.775856886020136, 16.972679990824286 ], [ 73.785962113421945, 16.993065562960741 ], [ 73.809234473863285, 16.987949328569165 ], [ 73.831217129071888, 16.98948714699041 ], [ 73.834127636110424, 17.001348896373361 ], [ 73.827423891686109, 17.011646463226814 ], [ 73.831560098880487, 17.02312071481731 ], [ 73.824840639880279, 17.037684137358159 ], [ 73.833995533443968, 17.053110023212966 ], [ 73.832548950448526, 17.058229034514632 ], [ 73.817249456129431, 17.065507041057515 ], [ 73.80360231814376, 17.062521785589809 ], [ 73.807110469435202, 17.086221850879681 ], [ 73.793329964687516, 17.099284203959019 ], [ 73.789979868743387, 17.094885871727111 ], [ 73.784494627310863, 17.098211248775286 ], [ 73.780286127857266, 17.10660190495129 ], [ 73.768668324671609, 17.10929094518789 ], [ 73.749805932949755, 17.129492781559158 ], [ 73.744739267109836, 17.131255108821289 ], [ 73.736486082963367, 17.121438983813459 ], [ 73.716782833547811, 17.131246579716567 ], [ 73.709804736739329, 17.141075283110389 ], [ 73.694324304514851, 17.13891264280306 ], [ 73.689314981327342, 17.141809409351517 ], [ 73.688615453541757, 17.15679749895488 ], [ 73.707080849642423, 17.163481210489472 ], [ 73.713176989026636, 17.173687714432994 ], [ 73.729122218296496, 17.169018283807137 ], [ 73.742571737616004, 17.176479751626534 ], [ 73.742363189208163, 17.160068947794738 ], [ 73.747235727137976, 17.155085475786922 ], [ 73.77318792038001, 17.149628950807294 ], [ 73.777095272514813, 17.154073791304501 ], [ 73.768123187793378, 17.175534656455913 ], [ 73.775873890659696, 17.182077533907471 ] ], [ [ 74.291167375296254, 15.832137855003582 ], [ 74.261661339252555, 15.829591048719918 ], [ 74.268993627373831, 15.816567778057761 ], [ 74.266474802172525, 15.79779548621166 ], [ 74.285429461869981, 15.787947952145785 ], [ 74.289823524970487, 15.787728734278222 ], [ 74.293298489645579, 15.795273414581507 ], [ 74.302339998030391, 15.787459799506616 ], [ 74.312906091824004, 15.798200933902143 ], [ 74.30336777212699, 15.806664740282764 ], [ 74.291167375296254, 15.832137855003582 ] ] ] } },
{ "type": "Feature", "properties": { "District": "LATUR" }, "geometry": { "type": "Polygon", "coordinates": [ [ [ 76.907656623204801, 18.838833308857623 ], [ 76.936940785788565, 18.832153565770142 ], [ 76.955885311244813, 18.834161446600231 ], [ 76.969302522176491, 18.828518558428705 ], [ 76.990510727458968, 18.828913738166328 ], [ 76.996676028935042, 18.802779247385075 ], [ 77.005992833836444, 18.786520017221896 ], [ 77.007531239364226, 18.766217361129385 ], [ 77.054130103440116, 18.773629844413257 ], [ 77.057835729348227, 18.764837222693366 ], [ 77.054034393016551, 18.736940432932577 ], [ 77.058360677507295, 18.725751833602033 ], [ 77.043621167310818, 18.699098290816821 ], [ 77.045947726693711, 18.683771694114817 ], [ 77.063421905856785, 18.681277521698917 ], [ 77.068065288007816, 18.687929249162327 ], [ 77.138421392240943, 18.697272905571499 ], [ 77.135096527835032, 18.711275981552085 ], [ 77.141215788529706, 18.713314437286776 ], [ 77.151030188557357, 18.700574447440545 ], [ 77.171176238632981, 18.704735061313901 ], [ 77.183420447886107, 18.701026575487884 ], [ 77.193316302003709, 18.68859833271042 ], [ 77.177611408955272, 18.679462527203729 ], [ 77.158248701432271, 18.682239355311555 ], [ 77.153887706603868, 18.647231501031499 ], [ 77.197087208501628, 18.6472449101352 ], [ 77.211067423906101, 18.633885158927054 ], [ 77.210898560361585, 18.624206631950539 ], [ 77.268156256045089, 18.611464763116704 ], [ 77.269930614070333, 18.583108236843845 ], [ 77.265488227530668, 18.581457124331315 ], [ 77.261518749649696, 18.565862736513942 ], [ 77.294358265510709, 18.54904628228552 ], [ 77.286554791416449, 18.539862504396748 ], [ 77.281705868583387, 18.521578417780255 ], [ 77.266742659813119, 18.522345193347689 ], [ 77.2458615304147, 18.499655698812457 ], [ 77.250861936306521, 18.486606956491013 ], [ 77.27503035432224, 18.477726466319265 ], [ 77.267462298635152, 18.454260027617366 ], [ 77.254674471707233, 18.454666321627613 ], [ 77.254589192391066, 18.449836542004842 ], [ 77.263626831160792, 18.44365240270556 ], [ 77.265798343841752, 18.422348729933038 ], [ 77.25936865807779, 18.413261171009164 ], [ 77.241767957330083, 18.412607131264224 ], [ 77.234728809430308, 18.396652591324351 ], [ 77.23368514548919, 18.388200596132382 ], [ 77.239459739589819, 18.378606894396999 ], [ 77.248424644914849, 18.376056268532921 ], [ 77.24628436379912, 18.370537575795485 ], [ 77.225830908693865, 18.36521996582238 ], [ 77.220091057709055, 18.349273466802803 ], [ 77.229584879858066, 18.348208557709558 ], [ 77.219067188433215, 18.325730498042969 ], [ 77.211793963375115, 18.316280659144205 ], [ 77.201667914366183, 18.322165242555503 ], [ 77.199110314013325, 18.316765174817387 ], [ 77.202926049089157, 18.297734467768816 ], [ 77.209852803381438, 18.294967258976857 ], [ 77.213013326398567, 18.280320303825004 ], [ 77.197473434273462, 18.276609839328618 ], [ 77.188213542823206, 18.284742179636439 ], [ 77.174811892531565, 18.284861788740418 ], [ 77.169749320059324, 18.260871237278923 ], [ 77.15913376527952, 18.255789880248535 ], [ 77.151765197925712, 18.238022970246686 ], [ 77.148632544443942, 18.239045631081467 ], [ 77.151521947230833, 18.217044882636646 ], [ 77.142698579144593, 18.217040673181909 ], [ 77.140137678813105, 18.207718450148707 ], [ 77.111290510452989, 18.204243364421444 ], [ 77.097598729928023, 18.19672357025398 ], [ 77.116796242915555, 18.169614749404651 ], [ 77.11060102443065, 18.155339546005049 ], [ 77.099477082419895, 18.158193266820746 ], [ 77.084845216282432, 18.150788771800631 ], [ 77.063958002549569, 18.150652083520274 ], [ 77.053201996600166, 18.1594517533286 ], [ 77.051977334901295, 18.173229357913019 ], [ 77.033177744037175, 18.181992785122766 ], [ 77.031730352579672, 18.177433055437842 ], [ 77.023083675485879, 18.175652912458876 ], [ 77.023303962707686, 18.158509523047485 ], [ 77.001114055697229, 18.160899453720528 ], [ 76.990609114523664, 18.189987793629566 ], [ 76.951934468538695, 18.188099338795393 ], [ 76.942361188047215, 18.156412376258537 ], [ 76.931476476059927, 18.159653419555536 ], [ 76.923963143224256, 18.146633398908364 ], [ 76.931795334870728, 18.133526211955786 ], [ 76.920249248805078, 18.125073596945029 ], [ 76.920499561987313, 18.118182823734767 ], [ 76.954273986779967, 18.110544347057377 ], [ 76.966349726397127, 18.098201176006906 ], [ 76.96294142273527, 18.089571762111966 ], [ 76.945213827555719, 18.083200776885903 ], [ 76.951620441749128, 18.061053121479464 ], [ 76.944901018056896, 18.048361064825823 ], [ 76.952305174362479, 18.040219260791105 ], [ 76.914315278472685, 18.035361158019427 ], [ 76.912295322130092, 18.017339221772673 ], [ 76.905643821345024, 18.009709600274263 ], [ 76.906707413687656, 17.99659440023337 ], [ 76.913139710039431, 17.996890338990823 ], [ 76.91444006004231, 17.961564806127818 ], [ 76.920668284231155, 17.941570839774183 ], [ 76.919100099703172, 17.916200262971461 ], [ 76.901264716717193, 17.917242290699527 ], [ 76.894187171172604, 17.899826704534675 ], [ 76.88398556722008, 17.89898163645486 ], [ 76.88426795424003, 17.894292897119506 ], [ 76.839724908986454, 17.899374231110826 ], [ 76.831920341028123, 17.895256351681343 ], [ 76.831201647148646, 17.885615691709937 ], [ 76.810215712052582, 17.887041353551805 ], [ 76.808193700000757, 17.870977785901808 ], [ 76.804366962646768, 17.870606064855277 ], [ 76.775049622896745, 17.877712932523153 ], [ 76.768160825584388, 17.901152134343597 ], [ 76.740209058481994, 17.899717191710117 ], [ 76.739111400305717, 17.908558005847073 ], [ 76.725667222746978, 17.912514702820253 ], [ 76.723867090217709, 17.918339616757599 ], [ 76.673468386026187, 17.918869242665725 ], [ 76.681114484291157, 17.945892766707964 ], [ 76.67347331438873, 17.946794381199734 ], [ 76.673065674040259, 17.967120459938791 ], [ 76.689237285232778, 17.970195580653765 ], [ 76.678412671983637, 17.99629861483302 ], [ 76.617158342454601, 18.001327763850117 ], [ 76.603706638682539, 18.007291328012339 ], [ 76.610929408231826, 18.038941940396256 ], [ 76.59806713803151, 18.033028677535967 ], [ 76.578901691537155, 18.037889754022089 ], [ 76.57592294623673, 18.022566250120612 ], [ 76.56316555355653, 18.031275976614882 ], [ 76.552995389913207, 18.026442268584844 ], [ 76.539458126438305, 18.031869225139005 ], [ 76.51034530212722, 18.023219294533163 ], [ 76.512156105389792, 18.05022443632004 ], [ 76.499286386160165, 18.051852880824033 ], [ 76.495191581281901, 18.02723035204054 ], [ 76.488606549102528, 18.024426027649255 ], [ 76.465584269660752, 18.031773449182282 ], [ 76.461812889558203, 18.027030276749457 ], [ 76.427578173138912, 18.033787749054966 ], [ 76.404940314177026, 18.046247169345307 ], [ 76.383661203893894, 18.045076719618173 ], [ 76.384883658553406, 18.060558103260181 ], [ 76.396575366175327, 18.059584351518687 ], [ 76.398585543940143, 18.066044986235624 ], [ 76.3825917029462, 18.077778664955826 ], [ 76.37879215261637, 18.088740854688492 ], [ 76.352924352400038, 18.082017788307336 ], [ 76.352556869123617, 18.066276770910118 ], [ 76.340509405299017, 18.06128015816747 ], [ 76.329977518890772, 18.076112834382126 ], [ 76.327169204146756, 18.096754611242197 ], [ 76.307652401889555, 18.092553675363099 ], [ 76.30612616349093, 18.098140771013316 ], [ 76.294730778904707, 18.099867690483276 ], [ 76.294598502380367, 18.106889091195228 ], [ 76.279438291558535, 18.110943154590267 ], [ 76.283740884445805, 18.127464666904913 ], [ 76.274982620847041, 18.140357117284964 ], [ 76.281650831175909, 18.152445171957417 ], [ 76.280045040678942, 18.18386837550786 ], [ 76.292949040924043, 18.19774151780874 ], [ 76.301392622551788, 18.231809461381459 ], [ 76.285787960173323, 18.232151722917383 ], [ 76.283818432264098, 18.249280494959457 ], [ 76.294266645667165, 18.261125885071955 ], [ 76.303368475973585, 18.262655805094138 ], [ 76.310084881948043, 18.280940499943696 ], [ 76.31453764776893, 18.282463554652484 ], [ 76.316835132970652, 18.32997148838226 ], [ 76.284152901762198, 18.340012307371214 ], [ 76.288514285785823, 18.389439003443933 ], [ 76.257687634165933, 18.364019907945323 ], [ 76.245610317339995, 18.377127622606249 ], [ 76.222083220030626, 18.380277929025254 ], [ 76.203488031592002, 18.39470865808968 ], [ 76.214070273543285, 18.407115984316615 ], [ 76.225690203886842, 18.434024043592817 ], [ 76.260445985282459, 18.4281503178047 ], [ 76.266951379248425, 18.422677359218927 ], [ 76.261932546843184, 18.465813991116438 ], [ 76.269737249693094, 18.468564864396235 ], [ 76.267285602289547, 18.475800091885478 ], [ 76.254059128289953, 18.482746041211474 ], [ 76.261760506530024, 18.492891653687966 ], [ 76.253099409989403, 18.495633299508263 ], [ 76.252965629877167, 18.522023579127961 ], [ 76.274486279193582, 18.537907176872423 ], [ 76.278495993220204, 18.574172254945832 ], [ 76.292292458880368, 18.57602815804302 ], [ 76.312367218262665, 18.565594875411279 ], [ 76.323135137594249, 18.570286004608359 ], [ 76.339330279098718, 18.56056849984736 ], [ 76.349215292365784, 18.565366262480257 ], [ 76.360182502701548, 18.559128700734146 ], [ 76.367855467349088, 18.544496400398781 ], [ 76.390651859691019, 18.542266971123418 ], [ 76.393281157753094, 18.550168466763665 ], [ 76.387313257814171, 18.551009544327361 ], [ 76.384974823140212, 18.564312610494802 ], [ 76.392025853151068, 18.596066130869009 ], [ 76.402988910843746, 18.596593345540409 ], [ 76.403689450201682, 18.601853567249584 ], [ 76.41085075539587, 18.601111054054396 ], [ 76.411539871223638, 18.608209785819358 ], [ 76.420148916399228, 18.608224529798175 ], [ 76.429170932207057, 18.612822706696676 ], [ 76.429131414828007, 18.616981401586298 ], [ 76.454793374244176, 18.621554033211783 ], [ 76.465469737190091, 18.635098487747602 ], [ 76.47159311664241, 18.634052209853746 ], [ 76.478308942415993, 18.615484268472237 ], [ 76.499624109868151, 18.604032239408227 ], [ 76.524808502933823, 18.624051687890244 ], [ 76.52981710450301, 18.648921391689278 ], [ 76.541027621180078, 18.651039821091913 ], [ 76.542417388311591, 18.644627902340702 ], [ 76.550103677342406, 18.644200928555598 ], [ 76.545883550807133, 18.636064950222838 ], [ 76.561182464688969, 18.638685175122458 ], [ 76.559201409593811, 18.629415428228739 ], [ 76.5783488614303, 18.619479884698276 ], [ 76.586880770670376, 18.650032714167956 ], [ 76.59302367763101, 18.652740747400113 ], [ 76.594880201986058, 18.672511294388965 ], [ 76.635012584753483, 18.674350641393001 ], [ 76.641153757230484, 18.662874554955177 ], [ 76.636294401197219, 18.648365324382208 ], [ 76.653228863619518, 18.64252144249313 ], [ 76.657252662397752, 18.633392730589062 ], [ 76.67870748471438, 18.634478798212957 ], [ 76.681314212657981, 18.650030913156126 ], [ 76.661883665575346, 18.655455286521509 ], [ 76.662438845706717, 18.659721158699682 ], [ 76.682084871239638, 18.691993103700156 ], [ 76.697742277859462, 18.691468241413883 ], [ 76.713279453641633, 18.699990585452202 ], [ 76.727115638293483, 18.695433792445009 ], [ 76.733781766979931, 18.700096190599897 ], [ 76.732564700257086, 18.722084413846556 ], [ 76.723286493148422, 18.750128241027046 ], [ 76.73502474370359, 18.754115219195505 ], [ 76.732836915937739, 18.759853534548306 ], [ 76.737110197657671, 18.759870529353964 ], [ 76.742820949657698, 18.775695908810274 ], [ 76.777346878362493, 18.776082017131539 ], [ 76.779402638308525, 18.789781727534109 ], [ 76.790254776666529, 18.800149123322534 ], [ 76.811567852661696, 18.799906772120067 ], [ 76.828418103804836, 18.812142086906398 ], [ 76.839155028559929, 18.813810186253892 ], [ 76.853517314432722, 18.806972100195683 ], [ 76.853375695943313, 18.818875505420412 ], [ 76.860201184198843, 18.823319605543748 ], [ 76.863582944827229, 18.81800075379703 ], [ 76.866941491107411, 18.830192570779779 ], [ 76.907656623204801, 18.838833308857623 ] ] ] } },
{ "type": "Feature", "properties": { "District": "MUMBAI CITY" }, "geometry": { "type": "Polygon", "coordinates": [ [ [ 72.86761753743275, 19.052825169231287 ], [ 72.879744656143856, 19.046783549165529 ], [ 72.878242916119618, 19.021936440204904 ], [ 72.862476146713902, 19.010062189696217 ], [ 72.860136761487524, 18.999222956834299 ], [ 72.854320574474087, 18.997203424514765 ], [ 72.860536789495754, 18.981470851437862 ], [ 72.848846106912205, 18.977746884790367 ], [ 72.8552048495023, 18.975960665592467 ], [ 72.850282246668684, 18.975646354772334 ], [ 72.853389928753302, 18.972585529783281 ], [ 72.849056774986423, 18.973522547405597 ], [ 72.850068008311553, 18.966510630468054 ], [ 72.84603775573018, 18.964812719339307 ], [ 72.84917227589689, 18.96327657179528 ], [ 72.843372309904595, 18.930294654968908 ], [ 72.835591996302213, 18.928437085428609 ], [ 72.837980209695246, 18.925637531399794 ], [ 72.828413793866687, 18.912178007402236 ], [ 72.818216696107967, 18.908211687877841 ], [ 72.808740900269697, 18.893405213141257 ], [ 72.803560213006278, 18.898814620283357 ], [ 72.804089152771311, 18.908612816194427 ], [ 72.81673014682984, 18.908795758693849 ], [ 72.825594942341027, 18.919446158005332 ], [ 72.825867636411218, 18.925774533752662 ], [ 72.819945230780675, 18.927871778761403 ], [ 72.823605804440078, 18.941249441238597 ], [ 72.812179374391278, 18.955270998874028 ], [ 72.798084324157898, 18.947531584742745 ], [ 72.793315176379025, 18.939408248379461 ], [ 72.792496533409221, 18.949906448477872 ], [ 72.804058240228244, 18.973666813958477 ], [ 72.813760491451163, 18.982955718197328 ], [ 72.811107065350186, 19.001515505561354 ], [ 72.816393437550474, 19.009798381195708 ], [ 72.81693929625915, 19.024273076790319 ], [ 72.823027340850928, 19.017398945100634 ], [ 72.834332041869985, 19.025394831691465 ], [ 72.841885084447924, 19.050226850147357 ], [ 72.86761753743275, 19.052825169231287 ] ] ] } },
{ "type": "Feature", "properties": { "District": "NAGPUR" }, "geometry": { "type": "Polygon", "coordinates": [ [ [ 79.231763656960197, 21.722210245380971 ], [ 79.269158851820038, 21.7148647731876 ], [ 79.290588334858683, 21.692544150835626 ], [ 79.322236017403, 21.685233583134359 ], [ 79.354270357060514, 21.684834405896016 ], [ 79.352368066701416, 21.678057370203494 ], [ 79.392487105029829, 21.674119688790821 ], [ 79.422197840102925, 21.691822329098194 ], [ 79.435248784872712, 21.682827924340341 ], [ 79.4494952492024, 21.682061795005932 ], [ 79.460734604823585, 21.687553286413074 ], [ 79.496326951056403, 21.674014611334393 ], [ 79.496212076841658, 21.665411596256245 ], [ 79.506763790898532, 21.645667981972231 ], [ 79.504265551458573, 21.641100882069459 ], [ 79.517231027646304, 21.625747163652683 ], [ 79.516616686836286, 21.620847192332718 ], [ 79.507131462726946, 21.621324040453509 ], [ 79.503713048830022, 21.614593195954257 ], [ 79.510998120604143, 21.604880353735748 ], [ 79.512028424941846, 21.58397336937465 ], [ 79.540068275108666, 21.570636888771002 ], [ 79.543927034151366, 21.559521085235527 ], [ 79.53756121616729, 21.548987096852144 ], [ 79.537619344119946, 21.536059538023135 ], [ 79.52699642021112, 21.540021335772206 ], [ 79.513890587217844, 21.534233993256411 ], [ 79.492348322032043, 21.508316822231844 ], [ 79.480291860049263, 21.501484889137707 ], [ 79.457601150620519, 21.462489523194325 ], [ 79.449067320605138, 21.459375755829626 ], [ 79.448406020470983, 21.434649766786396 ], [ 79.466908648317613, 21.424620865185194 ], [ 79.48215739351717, 21.427039364460708 ], [ 79.488174115050768, 21.403130879787764 ], [ 79.483760165474564, 21.398841548279862 ], [ 79.499533941875981, 21.398463009956924 ], [ 79.517450930302303, 21.36625576141255 ], [ 79.522703229106227, 21.3642529066476 ], [ 79.526453624000979, 21.349054652548695 ], [ 79.533676635076105, 21.34877297127823 ], [ 79.537039811224588, 21.344304530896473 ], [ 79.533824518964877, 21.339828852358885 ], [ 79.53920760104711, 21.340963557225617 ], [ 79.544258120226829, 21.331749855513664 ], [ 79.555179172002482, 21.328559945916648 ], [ 79.555156612586131, 21.317960568268379 ], [ 79.55123299215829, 21.317653102459108 ], [ 79.556678096966451, 21.308528931615967 ], [ 79.553550654716005, 21.305725465030573 ], [ 79.570678011212564, 21.291973370468199 ], [ 79.576128936048335, 21.276136521486229 ], [ 79.569833962666394, 21.271851152537703 ], [ 79.567365421018124, 21.262276106458579 ], [ 79.56885808434798, 21.247622504284308 ], [ 79.560526012984184, 21.241390439309033 ], [ 79.563154128444211, 21.22692813873736 ], [ 79.549711819043921, 21.208365302735551 ], [ 79.556951011880898, 21.20300227386381 ], [ 79.560406635540886, 21.189195464962676 ], [ 79.550881710548808, 21.17318156732566 ], [ 79.559377699128717, 21.166065874421836 ], [ 79.557095964810571, 21.156116112764327 ], [ 79.532067883807102, 21.159126107529357 ], [ 79.522646276779042, 21.164114889258496 ], [ 79.528937499626068, 21.176374256286735 ], [ 79.521118950842563, 21.179517744517959 ], [ 79.516516546759092, 21.175261673041685 ], [ 79.507496714095566, 21.182836360877207 ], [ 79.498281511239938, 21.183692397806016 ], [ 79.499446290547027, 21.168181514510668 ], [ 79.508072150561205, 21.162929734575975 ], [ 79.50406090659385, 21.147085108478343 ], [ 79.493716440787892, 21.142767896239562 ], [ 79.493722375968588, 21.137765253427649 ], [ 79.505496380368953, 21.135532695682198 ], [ 79.509929069557856, 21.132694494670933 ], [ 79.510230495811882, 21.123993169229902 ], [ 79.524747099672652, 21.119883154021579 ], [ 79.516446533987875, 21.104728715409468 ], [ 79.532148232367689, 21.095756875758685 ], [ 79.519595433527783, 21.088858626365056 ], [ 79.526423605781815, 21.078916934764408 ], [ 79.533288594167644, 21.078377240993873 ], [ 79.550687805824055, 21.088675261178501 ], [ 79.572071995766436, 21.066088183442833 ], [ 79.579055949558551, 21.066710025623259 ], [ 79.587602002626966, 21.077584514730532 ], [ 79.596644457617344, 21.073937522056536 ], [ 79.613333339173735, 21.031830625902273 ], [ 79.637083032512223, 20.99035513753547 ], [ 79.651231208198283, 20.978356324164537 ], [ 79.656968747796569, 20.962773337067141 ], [ 79.646279283985166, 20.924754102223105 ], [ 79.63289685535085, 20.911761728504967 ], [ 79.612345118393137, 20.903621950440616 ], [ 79.607978888646841, 20.875448918603091 ], [ 79.612996070393905, 20.866008642674963 ], [ 79.595981721192572, 20.864166301716551 ], [ 79.579637212045455, 20.843355673411637 ], [ 79.565232374877823, 20.845408266029395 ], [ 79.565068567354061, 20.85078645030341 ], [ 79.556355394081891, 20.856147523744756 ], [ 79.549456625608684, 20.849708524416371 ], [ 79.537266534994828, 20.852200716623891 ], [ 79.559568430255069, 20.802655817795522 ], [ 79.551703595244291, 20.799439193220913 ], [ 79.544649468658861, 20.791245867612684 ], [ 79.546067924509487, 20.785751147323541 ], [ 79.531514697312275, 20.774830355420359 ], [ 79.536598678626547, 20.764733347952539 ], [ 79.517151480245914, 20.710174825654939 ], [ 79.505779635352127, 20.709226721211945 ], [ 79.50449190417757, 20.70192046473289 ], [ 79.489867491328212, 20.708904319516929 ], [ 79.469695496346361, 20.681604370272161 ], [ 79.43613570239701, 20.661865092517161 ], [ 79.428000845561613, 20.664880329624125 ], [ 79.419499976701161, 20.660283108386146 ], [ 79.397588690345444, 20.660255119844553 ], [ 79.388033543110552, 20.66667617026399 ], [ 79.388107171291367, 20.681377646222536 ], [ 79.37950620782982, 20.684331857852669 ], [ 79.369283417550847, 20.675947062710463 ], [ 79.348709080987419, 20.676049896892483 ], [ 79.349250321332448, 20.666467902734261 ], [ 79.356494305745628, 20.662035369635618 ], [ 79.354640061066092, 20.654804130424875 ], [ 79.340609671811393, 20.645208246590144 ], [ 79.347103153279349, 20.643277745984701 ], [ 79.347196250001616, 20.635556777200847 ], [ 79.334117114140312, 20.619768736860149 ], [ 79.330402792290045, 20.594560256727398 ], [ 79.321179932075196, 20.583806126993338 ], [ 79.294140740165858, 20.593006085330632 ], [ 79.26419513744726, 20.587167747271565 ], [ 79.249109325778633, 20.591217199729236 ], [ 79.220658441288862, 20.583134330039378 ], [ 79.219780215381789, 20.590707368108376 ], [ 79.208197273048867, 20.60007319531573 ], [ 79.192603620379643, 20.602694354329024 ], [ 79.188898306091588, 20.599156770520146 ], [ 79.184046937191653, 20.621265826095964 ], [ 79.179230749109308, 20.619061479908403 ], [ 79.168638731342412, 20.626999144586673 ], [ 79.170705809528471, 20.645590464232281 ], [ 79.147364994304098, 20.653621725686861 ], [ 79.142762433201611, 20.679048753971617 ], [ 79.105214236719547, 20.687940280085456 ], [ 79.109142561025891, 20.702319458193163 ], [ 79.103323644763705, 20.715714843790998 ], [ 79.089991425383786, 20.711225864886359 ], [ 79.085756636978587, 20.716806006239725 ], [ 79.072959996841945, 20.719227892492082 ], [ 79.072514095518827, 20.726681222652402 ], [ 79.051826078908149, 20.729149937326437 ], [ 79.050255272677134, 20.737658226235759 ], [ 79.036268085667416, 20.741746532657565 ], [ 79.034678106276829, 20.738111534944807 ], [ 79.015598341447799, 20.739829795555782 ], [ 79.011659595566172, 20.747796141832094 ], [ 78.997381013497105, 20.74482196500912 ], [ 78.996077360675855, 20.756042311754079 ], [ 78.974748195209798, 20.755240312432555 ], [ 78.958657414959916, 20.760049593413967 ], [ 78.953009750498566, 20.768208737139997 ], [ 78.942431652618382, 20.76665752156099 ], [ 78.940934500159159, 20.781339487616794 ], [ 78.944470326548341, 20.782056670680621 ], [ 78.945385494510376, 20.793737468233655 ], [ 78.92440851036811, 20.798126380154045 ], [ 78.911861295883014, 20.808495501918774 ], [ 78.916783534169454, 20.819540503580271 ], [ 78.911880461912602, 20.822449293887928 ], [ 78.91285250470429, 20.835991872679951 ], [ 78.883605505487893, 20.843601772036394 ], [ 78.878039272920518, 20.829789202481766 ], [ 78.868317672169781, 20.832895168991616 ], [ 78.860644369687293, 20.841621707291836 ], [ 78.857697479066118, 20.854915642273159 ], [ 78.860038259964767, 20.874520200237658 ], [ 78.847428836547166, 20.878620255752487 ], [ 78.850968023010296, 20.886240524912949 ], [ 78.839956825930898, 20.892939380618628 ], [ 78.824586431358966, 20.892924954060668 ], [ 78.817193041728274, 20.880725355124667 ], [ 78.785634313203687, 20.890101283909392 ], [ 78.773024337169332, 20.904090069721548 ], [ 78.782287235329619, 20.911240769937567 ], [ 78.769624712243626, 20.912235234518366 ], [ 78.766462445075646, 20.920444331176075 ], [ 78.752772813666553, 20.923414285683798 ], [ 78.739632242660164, 20.939547445537169 ], [ 78.748476586982662, 20.944583146893883 ], [ 78.733208537718085, 20.946304282916522 ], [ 78.7318334746234, 20.959590955722796 ], [ 78.724350648070782, 20.968846342600933 ], [ 78.723795270888871, 20.98851164792109 ], [ 78.729436516251653, 20.994575028829825 ], [ 78.726573134904072, 21.004168616543627 ], [ 78.716000511302553, 21.004101929706554 ], [ 78.710361535141089, 21.013950139274804 ], [ 78.686263179743065, 21.020885172712848 ], [ 78.675643676222663, 21.03608069711456 ], [ 78.649169456580026, 21.035576375566801 ], [ 78.649632563723173, 21.051889842930397 ], [ 78.643536157111953, 21.058373274320129 ], [ 78.629300377565585, 21.05773107352816 ], [ 78.626617695572023, 21.066467323089139 ], [ 78.607043434885639, 21.069616975603697 ], [ 78.610626410062665, 21.088365771541433 ], [ 78.597211384477816, 21.089640312455991 ], [ 78.598044731878957, 21.096487023840933 ], [ 78.594474302576316, 21.097570597612567 ], [ 78.599326733616294, 21.108068547852486 ], [ 78.590182494402569, 21.109611963948172 ], [ 78.584724788391384, 21.116635977416735 ], [ 78.554951953974452, 21.1167727064866 ], [ 78.552837917555379, 21.12575121824284 ], [ 78.530281293825624, 21.140324971629816 ], [ 78.518503085865731, 21.162824906480449 ], [ 78.519801483590129, 21.174412967534018 ], [ 78.478394315801353, 21.213054159154911 ], [ 78.477286561833949, 21.219627586846382 ], [ 78.470406004689707, 21.215980792581455 ], [ 78.44528160866183, 21.236003401643032 ], [ 78.430102213815758, 21.225989013329674 ], [ 78.416593861984424, 21.229000100413359 ], [ 78.411930518212287, 21.23921090659897 ], [ 78.375360683992895, 21.242052176988093 ], [ 78.35835248017716, 21.252683519952921 ], [ 78.331395211183349, 21.250007682202458 ], [ 78.32457899082533, 21.255782000846747 ], [ 78.327785087355196, 21.271266872125388 ], [ 78.321000921080341, 21.273194388609124 ], [ 78.310928071409492, 21.268087217514871 ], [ 78.303449946942564, 21.275495006292786 ], [ 78.312645801871071, 21.294577255294623 ], [ 78.294161735146773, 21.293131336211985 ], [ 78.277443868457723, 21.306454817297347 ], [ 78.266833752149026, 21.322695813268719 ], [ 78.257284593083583, 21.329961093740195 ], [ 78.253740615283505, 21.32552559633119 ], [ 78.249598176214505, 21.331237405771187 ], [ 78.251130436187765, 21.338750634435144 ], [ 78.269132573466962, 21.34588244998897 ], [ 78.272245022475829, 21.351652384181822 ], [ 78.286699055454903, 21.350412344453574 ], [ 78.307102300178968, 21.357334599984121 ], [ 78.316702054990628, 21.366778309002711 ], [ 78.338511190197721, 21.37488887838062 ], [ 78.344675752129305, 21.385298659949974 ], [ 78.347115282635897, 21.379928521185633 ], [ 78.362380061758614, 21.382650445915736 ], [ 78.363420616290639, 21.392219145326699 ], [ 78.371311217386449, 21.395698404863236 ], [ 78.380199639761585, 21.387639416729087 ], [ 78.389139968494192, 21.391387646581698 ], [ 78.406913758869919, 21.381704591455385 ], [ 78.406802805037316, 21.387669907272365 ], [ 78.419559165035892, 21.391012944360511 ], [ 78.420456500725081, 21.394227773309204 ], [ 78.415918490905469, 21.393638952759009 ], [ 78.420784173084613, 21.399436805210527 ], [ 78.447590167339129, 21.402832909121638 ], [ 78.449194972757269, 21.410641191768853 ], [ 78.44367197480301, 21.416194196456395 ], [ 78.438523694388294, 21.439795812525492 ], [ 78.442839581347855, 21.446537982453151 ], [ 78.438469045120002, 21.47100022824641 ], [ 78.428216895955956, 21.475841705199961 ], [ 78.433115675022762, 21.49116815961338 ], [ 78.430269389037733, 21.497202543413984 ], [ 78.43955060171065, 21.50230241771489 ], [ 78.449654561938701, 21.495518226158413 ], [ 78.457093298826848, 21.496067764729951 ], [ 78.462227709284377, 21.503835083634382 ], [ 78.475224968271291, 21.500968044449547 ], [ 78.475703832154167, 21.505708468814603 ], [ 78.486852030628796, 21.505532711332073 ], [ 78.495033687147512, 21.517249428303995 ], [ 78.500607354845329, 21.517085838584947 ], [ 78.504720709733547, 21.526793190956084 ], [ 78.511644942263771, 21.528690113300151 ], [ 78.54066840360926, 21.52371728664632 ], [ 78.560016198711367, 21.5132763986852 ], [ 78.57014515638167, 21.514255442928349 ], [ 78.567851362034659, 21.505792107497648 ], [ 78.585335167550681, 21.486721664368993 ], [ 78.608773220260488, 21.489060200786653 ], [ 78.628684017394107, 21.475680200931958 ], [ 78.643427775386627, 21.485517296979445 ], [ 78.667122141966431, 21.477085649977258 ], [ 78.688910154753273, 21.481970817720676 ], [ 78.688494446696808, 21.477944764803276 ], [ 78.701668107492054, 21.476315741471037 ], [ 78.699841002487943, 21.473805607315537 ], [ 78.728465870249494, 21.462292996193099 ], [ 78.733426545952724, 21.469692990503376 ], [ 78.745588287994636, 21.47018687753118 ], [ 78.744950099578645, 21.481006483626569 ], [ 78.750848517987265, 21.492983918229939 ], [ 78.766873348957319, 21.489035109170217 ], [ 78.776129717842224, 21.464583302927608 ], [ 78.780148632271192, 21.478873553304474 ], [ 78.800256920686891, 21.49015518174879 ], [ 78.841048431670146, 21.487002840771776 ], [ 78.855864774691099, 21.494618879469538 ], [ 78.868033913269841, 21.494077880439413 ], [ 78.890836587324955, 21.485262478155093 ], [ 78.899258571486072, 21.500461606235113 ], [ 78.923062595532798, 21.487446452449483 ], [ 78.936692363869895, 21.485766655013684 ], [ 78.944392721992898, 21.515875187434794 ], [ 78.935430366662203, 21.522834743388543 ], [ 78.927427179038659, 21.52224866378031 ], [ 78.929871216659052, 21.540360631134067 ], [ 78.90679754336135, 21.553259066449058 ], [ 78.918167703970298, 21.561141054390518 ], [ 78.931863276155752, 21.561760103335395 ], [ 78.913750721068538, 21.570985368997761 ], [ 78.916761936568747, 21.590918289071791 ], [ 78.943492110508771, 21.591956973818583 ], [ 78.965120527312891, 21.604888865847691 ], [ 78.975521877637121, 21.617637858219979 ], [ 78.998012293981702, 21.618573534066407 ], [ 79.002911526777027, 21.606422685654003 ], [ 79.012368971046243, 21.599446180156846 ], [ 79.076465313506574, 21.605395854783385 ], [ 79.088509880251962, 21.603953234811328 ], [ 79.08965291763505, 21.597570205374446 ], [ 79.0939581580365, 21.598112150768539 ], [ 79.093360486887377, 21.601605124662942 ], [ 79.107206377919439, 21.605026730145838 ], [ 79.100527309542343, 21.61760342462032 ], [ 79.112105560127759, 21.623913311246827 ], [ 79.130344412659852, 21.625806991551066 ], [ 79.143300396017722, 21.636964054329006 ], [ 79.14831286667868, 21.661174909421916 ], [ 79.224020436825867, 21.64880378942842 ], [ 79.224111516586177, 21.655429475839046 ], [ 79.231305713143925, 21.656980890042519 ], [ 79.231180536823402, 21.670351021115579 ], [ 79.221818560438038, 21.677037504033539 ], [ 79.220859342780827, 21.692869227650441 ], [ 79.237368429549221, 21.713405955245186 ], [ 79.231763656960197, 21.722210245380971 ] ] ] } },
{ "type": "Feature", "properties": { "District": "NANDED" }, "geometry": { "type": "Polygon", "coordinates": [ [ [ 78.061693458935238, 19.909104598805861 ], [ 78.077527679533489, 19.894405649177653 ], [ 78.099224574893228, 19.890806117454872 ], [ 78.12713107451529, 19.894286404020235 ], [ 78.142430061331325, 19.910548318615369 ], [ 78.178918168725474, 19.904028212177511 ], [ 78.191738122982485, 19.896127404653697 ], [ 78.207025532913377, 19.89972562514933 ], [ 78.216543942771878, 19.908916809864944 ], [ 78.232267023742153, 19.910049965199597 ], [ 78.252610924353803, 19.924030882175376 ], [ 78.256319712630571, 19.903559933168058 ], [ 78.241167764803592, 19.883952104358766 ], [ 78.243919450311694, 19.871913207759199 ], [ 78.252020897800364, 19.865706085518916 ], [ 78.275687378604147, 19.875360908335658 ], [ 78.283204537366885, 19.905731171637353 ], [ 78.307027909005498, 19.914297558982511 ], [ 78.298749406251687, 19.874970658845914 ], [ 78.285313280859882, 19.856616983610859 ], [ 78.286075134136155, 19.847937142523829 ], [ 78.301464306171908, 19.840418338603396 ], [ 78.315756292698779, 19.842557655752127 ], [ 78.33641446993235, 19.837923241883107 ], [ 78.334024560705686, 19.814591720856175 ], [ 78.35744171828415, 19.805434130411385 ], [ 78.364674650273031, 19.781231544851675 ], [ 78.34928873172268, 19.737975656891205 ], [ 78.341234596470642, 19.735756163864814 ], [ 78.343134145776261, 19.713250020146173 ], [ 78.318653771545883, 19.705525901293051 ], [ 78.311821294925522, 19.691050463532083 ], [ 78.287848782860166, 19.688035233916448 ], [ 78.276185875022861, 19.692415346199574 ], [ 78.262649047736204, 19.665064242397335 ], [ 78.27900972958264, 19.657641311997534 ], [ 78.28088277020376, 19.65092638496499 ], [ 78.290462494879435, 19.646001012025081 ], [ 78.293899413558776, 19.61944178500725 ], [ 78.305566912098953, 19.60706653748132 ], [ 78.300901995972907, 19.579069430238683 ], [ 78.303688912943883, 19.569320561416497 ], [ 78.297285604987238, 19.567896703974611 ], [ 78.293562938320704, 19.558984157340355 ], [ 78.275251520883685, 19.562461674228537 ], [ 78.274310764799267, 19.553974587329272 ], [ 78.283934986787642, 19.541411590832467 ], [ 78.293229658912622, 19.542233590260278 ], [ 78.290396248898375, 19.527623931090758 ], [ 78.298663504081119, 19.496812836662659 ], [ 78.3092235128276, 19.481083899497179 ], [ 78.304508017272596, 19.456517957157065 ], [ 78.286970113114322, 19.448528638511331 ], [ 78.270439434602096, 19.456155143858002 ], [ 78.268681131263151, 19.448466739038309 ], [ 78.246480979573349, 19.435197868925279 ], [ 78.244508873153023, 19.428802531505934 ], [ 78.235610122449145, 19.426754482268443 ], [ 78.219961331422397, 19.433018558038576 ], [ 78.211586880004134, 19.428478454118199 ], [ 78.195065244613446, 19.406753716974471 ], [ 78.176190019523972, 19.412262465766688 ], [ 78.18767298800914, 19.394592950340016 ], [ 78.176788558455357, 19.367400017774401 ], [ 78.179226350381356, 19.362843528206724 ], [ 78.172061483388717, 19.359718670624609 ], [ 78.172148227586362, 19.349298865101911 ], [ 78.176225555076968, 19.334926162653726 ], [ 78.192277302623467, 19.325828856564609 ], [ 78.19373885314242, 19.314886125717827 ], [ 78.183111411632083, 19.285183401197695 ], [ 78.176666545332282, 19.278548629994393 ], [ 78.181771420067946, 19.247618389461916 ], [ 78.175320996170981, 19.237578550117441 ], [ 78.144546911251282, 19.229400732031273 ], [ 78.117038043646062, 19.248637272514109 ], [ 78.089149625207526, 19.239368189217245 ], [ 78.082350836128967, 19.243216095069716 ], [ 78.079096875971345, 19.254834328454383 ], [ 78.064422473180926, 19.247773652780435 ], [ 78.055675249074682, 19.237121711721642 ], [ 78.041613577238934, 19.243428142209787 ], [ 78.035940745114061, 19.250633446126798 ], [ 78.042506274103658, 19.270603767115386 ], [ 78.014819727229195, 19.279037389831277 ], [ 78.013496905905654, 19.294717657287659 ], [ 77.998679865374982, 19.299797627041119 ], [ 77.984848311373014, 19.309877506452789 ], [ 77.977633534616984, 19.322706903076472 ], [ 77.965876000033546, 19.327459028043723 ], [ 77.961859758572714, 19.33561143265791 ], [ 77.945121898031303, 19.342452969436653 ], [ 77.911545886367662, 19.31625702297449 ], [ 77.89431985422749, 19.320469958929873 ], [ 77.890030966568474, 19.313297455563401 ], [ 77.863458783652192, 19.304196348208649 ], [ 77.865575520142755, 19.283821549786438 ], [ 77.903458506804085, 19.277959564134648 ], [ 77.907563574778507, 19.268228379073953 ], [ 77.902847012556563, 19.256462767999185 ], [ 77.890007139752583, 19.260890982772754 ], [ 77.871405055138879, 19.255020369144557 ], [ 77.866006488903935, 19.226401902383405 ], [ 77.847721022915579, 19.189594953677997 ], [ 77.860494213002553, 19.180354254606478 ], [ 77.85264621997473, 19.16681840234147 ], [ 77.852531100792461, 19.154677892310271 ], [ 77.834062931400609, 19.134308249716106 ], [ 77.841559157752826, 19.118106421625168 ], [ 77.847664691261429, 19.116004895162622 ], [ 77.850395026198797, 19.088556895096968 ], [ 77.831270014576887, 19.086080578312426 ], [ 77.818140505272794, 19.104980866542398 ], [ 77.809934258309397, 19.104733974099286 ], [ 77.80452856063512, 19.100556578520795 ], [ 77.802807209677184, 19.079755189375629 ], [ 77.796797821566557, 19.072589076399236 ], [ 77.800349433112586, 19.051121571716489 ], [ 77.775231209261705, 19.056021663910045 ], [ 77.764811990574344, 19.062655286411058 ], [ 77.761790208425879, 19.033001761327377 ], [ 77.769922225291793, 19.022405149444449 ], [ 77.775351135040708, 19.000626583013158 ], [ 77.771497155939699, 18.979159066369149 ], [ 77.787626259752074, 18.972646482010894 ], [ 77.791140466539886, 18.9828175387313 ], [ 77.821757775931886, 18.978507767035055 ], [ 77.816211904529737, 18.957516494027498 ], [ 77.819249317640171, 18.945859940688372 ], [ 77.832453462514039, 18.941628627315541 ], [ 77.841942471457642, 18.949872593099961 ], [ 77.858591644028195, 18.949110976791786 ], [ 77.843254232221767, 18.908693375430321 ], [ 77.857939426431557, 18.902351553117892 ], [ 77.873171770777972, 18.903933902729939 ], [ 77.873937663823853, 18.907674388055391 ], [ 77.885384448778197, 18.904200157938099 ], [ 77.891584125497047, 18.881414038521637 ], [ 77.903906275130282, 18.881245902545253 ], [ 77.903232039492266, 18.866625519476887 ], [ 77.930060766002413, 18.858726335023636 ], [ 77.92935038685907, 18.853586163580118 ], [ 77.93745225123169, 18.851591408533352 ], [ 77.934775641368418, 18.845144788337794 ], [ 77.948900929440342, 18.843289164956371 ], [ 77.948275352000508, 18.829097124543885 ], [ 77.934497959365231, 18.822265379617004 ], [ 77.906672210361307, 18.826697407608279 ], [ 77.839954802645209, 18.804821511933365 ], [ 77.804250340457585, 18.727242330092974 ], [ 77.804183987883803, 18.713177416932531 ], [ 77.789764546711396, 18.695150012599065 ], [ 77.787288251980087, 18.68263997555156 ], [ 77.771905111377251, 18.68905501017138 ], [ 77.773240107833971, 18.701356247332477 ], [ 77.76815202528735, 18.705859357748825 ], [ 77.759983280022198, 18.706844139933409 ], [ 77.753503765655935, 18.700991982101623 ], [ 77.749248581353001, 18.682666628188468 ], [ 77.7299742472443, 18.666936908437265 ], [ 77.735708835786482, 18.660987017125834 ], [ 77.730203996848175, 18.656081962733772 ], [ 77.730504303182713, 18.645145416077053 ], [ 77.745656622282397, 18.621288377550783 ], [ 77.750342737834146, 18.589215471540413 ], [ 77.740380672133497, 18.57521767962664 ], [ 77.738499607307503, 18.556788709352897 ], [ 77.701561432482748, 18.555171130567413 ], [ 77.65586040028785, 18.530898951328034 ], [ 77.645896906973491, 18.538836845443488 ], [ 77.652074510271405, 18.551793952401624 ], [ 77.647913147869545, 18.554931356046946 ], [ 77.63961944237802, 18.554941026536266 ], [ 77.634000109175133, 18.543917766862595 ], [ 77.627629008491866, 18.548124910178863 ], [ 77.629252278087733, 18.553675336519621 ], [ 77.615185179896059, 18.550845659857231 ], [ 77.612496316272825, 18.544479301349796 ], [ 77.610068410963478, 18.549882099968059 ], [ 77.596369422112417, 18.548941380655769 ], [ 77.590691143158963, 18.526665690158023 ], [ 77.596567005495487, 18.530199951830273 ], [ 77.600281473554986, 18.522296548031061 ], [ 77.597067714769892, 18.51588328654384 ], [ 77.587752786923673, 18.512856571975611 ], [ 77.585906900750317, 18.503996131882538 ], [ 77.594397206443503, 18.496196314160365 ], [ 77.604706853443062, 18.496366809276989 ], [ 77.603126055059732, 18.476847524405848 ], [ 77.594282974131659, 18.476910054477624 ], [ 77.59225036879532, 18.48471531519418 ], [ 77.576369301431427, 18.486784646735813 ], [ 77.572861019316932, 18.46981492619409 ], [ 77.548563405336154, 18.468581311139989 ], [ 77.550761871929282, 18.460409540649341 ], [ 77.583604310578764, 18.456205812824212 ], [ 77.585297340993094, 18.446792304951746 ], [ 77.569068864666249, 18.442866164763277 ], [ 77.56418092747758, 18.437302597684209 ], [ 77.540557968896564, 18.444706732657266 ], [ 77.527516021755346, 18.442111241057248 ], [ 77.528166620795133, 18.428913050361455 ], [ 77.556756063982164, 18.417143340053297 ], [ 77.551601975485823, 18.388897703775434 ], [ 77.538600037834939, 18.385882236495359 ], [ 77.525471884907446, 18.372705111134934 ], [ 77.52020634265412, 18.357175161012627 ], [ 77.522341184280805, 18.34646711013918 ], [ 77.530230482309292, 18.339167361045533 ], [ 77.558023647356421, 18.33141641356184 ], [ 77.57047950614249, 18.318112544267251 ], [ 77.571396143695196, 18.308829145417917 ], [ 77.553259864987965, 18.29809065298134 ], [ 77.551262272866921, 18.291693180005016 ], [ 77.532717656625422, 18.29869911150773 ], [ 77.523727517030864, 18.308210178457173 ], [ 77.512631376361966, 18.309598494837388 ], [ 77.508820244176022, 18.304282307824835 ], [ 77.511557524230142, 18.282049339217433 ], [ 77.498663301128715, 18.276746935263155 ], [ 77.492688307337446, 18.2672148711322 ], [ 77.481379541174746, 18.272356190381306 ], [ 77.475748919787378, 18.264662942979751 ], [ 77.45364813693341, 18.266315501998083 ], [ 77.447578038890811, 18.26999522206366 ], [ 77.445857768146595, 18.283808452632332 ], [ 77.438344126439077, 18.286444868975213 ], [ 77.43766476208593, 18.310313822141087 ], [ 77.428307788405647, 18.312364743147615 ], [ 77.408995191170192, 18.301468678885154 ], [ 77.385118130653453, 18.309311490981916 ], [ 77.365789683616754, 18.307124762751684 ], [ 77.357828545783264, 18.316909327007004 ], [ 77.356724359227428, 18.320202073803785 ], [ 77.371604655157796, 18.325208458783194 ], [ 77.375618160544349, 18.332052485888127 ], [ 77.380940033340735, 18.331021951699334 ], [ 77.382427835638396, 18.342252764995287 ], [ 77.394980647715741, 18.341501456107686 ], [ 77.394339956013454, 18.347429059231747 ], [ 77.400148559787652, 18.347446443126373 ], [ 77.394869830627727, 18.36845465802735 ], [ 77.409835982080736, 18.377411425118215 ], [ 77.414155649384767, 18.392251497173994 ], [ 77.40016427269984, 18.401998141973955 ], [ 77.372832835132527, 18.40110270865565 ], [ 77.368388501785176, 18.412525371113357 ], [ 77.370645622104959, 18.418791366503036 ], [ 77.362149267466833, 18.429888425284741 ], [ 77.365635930890193, 18.451564090408873 ], [ 77.353485134104744, 18.447666556399437 ], [ 77.3452183183839, 18.43361107657509 ], [ 77.335657446107973, 18.442316897839845 ], [ 77.336031787871917, 18.450154953915995 ], [ 77.326895348768716, 18.451749797836989 ], [ 77.326415103519409, 18.458846670973461 ], [ 77.319885093888118, 18.458027215706132 ], [ 77.316851606650147, 18.442253028406704 ], [ 77.265798343841752, 18.422348729933038 ], [ 77.263626831160792, 18.44365240270556 ], [ 77.254589192391066, 18.449836542004842 ], [ 77.254674471707233, 18.454666321627613 ], [ 77.288795742003586, 18.455252133491623 ], [ 77.299528663442601, 18.464879610525042 ], [ 77.300433607032545, 18.471388681805671 ], [ 77.296289937863676, 18.47710157314663 ], [ 77.283966220274209, 18.474466217940556 ], [ 77.264541015934029, 18.479720226378848 ], [ 77.261503601902376, 18.485100374895449 ], [ 77.250861936306521, 18.486606956491013 ], [ 77.245680883808632, 18.495188729057027 ], [ 77.266742659813119, 18.522345193347689 ], [ 77.281705868583387, 18.521578417780255 ], [ 77.286554791416449, 18.539862504396748 ], [ 77.294358265510709, 18.54904628228552 ], [ 77.261518749649696, 18.565862736513942 ], [ 77.265488227530668, 18.581457124331315 ], [ 77.269930614070333, 18.583108236843845 ], [ 77.268156256045089, 18.611464763116704 ], [ 77.210898560361585, 18.624206631950539 ], [ 77.211067423906101, 18.633885158927054 ], [ 77.197087208501628, 18.6472449101352 ], [ 77.153887706603868, 18.647231501031499 ], [ 77.158248701432271, 18.682239355311555 ], [ 77.177611408955272, 18.679462527203729 ], [ 77.193316302003709, 18.68859833271042 ], [ 77.176582396490701, 18.703899250005723 ], [ 77.151030188557357, 18.700574447440545 ], [ 77.141215788529706, 18.713314437286776 ], [ 77.135096527835032, 18.711275981552085 ], [ 77.138421392240943, 18.697272905571499 ], [ 77.068065288007816, 18.687929249162327 ], [ 77.063421905856785, 18.681277521698917 ], [ 77.045806100625583, 18.683859229151199 ], [ 77.043621167310818, 18.699098290816821 ], [ 77.058360677507295, 18.725751833602033 ], [ 77.053811788067733, 18.739519608704356 ], [ 77.055745502379949, 18.770692896681417 ], [ 77.05302709735416, 18.774560743033565 ], [ 77.007531239364226, 18.766217361129385 ], [ 77.005992833836444, 18.786520017221896 ], [ 76.99077310316774, 18.824241924606586 ], [ 76.992187175086912, 18.832527555296146 ], [ 77.008351403016505, 18.84309073869894 ], [ 77.019535558061193, 18.843671346884374 ], [ 77.01494202282413, 18.879826189521314 ], [ 76.979691668895711, 18.880157234599512 ], [ 76.952439757038306, 18.873937280102652 ], [ 76.954358396676355, 18.892027933941549 ], [ 76.933174832598979, 18.894178611793631 ], [ 76.929647096471058, 18.90138722678676 ], [ 76.947483402655209, 18.908146104482679 ], [ 76.947895481093056, 18.927586321277907 ], [ 76.955814964972632, 18.933777082042614 ], [ 76.973878595681626, 18.924539061375118 ], [ 76.977978782753297, 18.912430594572033 ], [ 76.982911795853212, 18.914413984299571 ], [ 76.988672606942814, 18.935768799943759 ], [ 77.006052519452737, 18.929260212327595 ], [ 77.009378505910689, 18.933626149007381 ], [ 77.022779262876313, 18.932471065749077 ], [ 77.032617546868565, 18.953628792296499 ], [ 77.035788662925427, 18.952657543207732 ], [ 77.037178046087107, 18.968120083438176 ], [ 77.05644275470091, 18.988499063501745 ], [ 77.055680883366463, 18.999336717512605 ], [ 77.041189909563769, 19.005138295137829 ], [ 77.043258066012072, 19.03129401912965 ], [ 77.064373931919576, 19.031756314251389 ], [ 77.066636414487817, 19.044987361946724 ], [ 77.062183786230065, 19.06928049410401 ], [ 77.073936060981296, 19.08411613193503 ], [ 77.083978253300273, 19.109506832860056 ], [ 77.100306995647088, 19.108916934837424 ], [ 77.10373063365904, 19.099776160679586 ], [ 77.086380653818281, 19.085974284913888 ], [ 77.086353991722746, 19.073270977529599 ], [ 77.093856398207478, 19.066357543231103 ], [ 77.122223190778584, 19.078949720559994 ], [ 77.141074410991308, 19.071437199639483 ], [ 77.15548495351581, 19.082777303780201 ], [ 77.163133983668359, 19.096087629398113 ], [ 77.164149850355386, 19.120486534930002 ], [ 77.175198275693958, 19.121544807294359 ], [ 77.180011671411464, 19.131529692079287 ], [ 77.187642445095165, 19.130771937907841 ], [ 77.192533215919681, 19.141851071015509 ], [ 77.19177660491458, 19.163872975118505 ], [ 77.177038168946183, 19.167563988160222 ], [ 77.181227702445881, 19.195920146395306 ], [ 77.176004614622229, 19.211125636991461 ], [ 77.179051507158263, 19.228916002380842 ], [ 77.191889333465866, 19.236299444718444 ], [ 77.193298991206163, 19.244399808633201 ], [ 77.203089544305627, 19.24477838253447 ], [ 77.202269014253588, 19.255113080550885 ], [ 77.220181061050468, 19.275739681341378 ], [ 77.235451511445348, 19.275200792002501 ], [ 77.241349689798966, 19.322860913895155 ], [ 77.263890701942998, 19.315030547423561 ], [ 77.280725198094316, 19.316022255709662 ], [ 77.281122091082054, 19.326319137929531 ], [ 77.301661920155766, 19.333219635338306 ], [ 77.310743880944216, 19.330765026935214 ], [ 77.311675050676314, 19.355033797609213 ], [ 77.338182413433856, 19.355970873127109 ], [ 77.350016660361959, 19.352218596754767 ], [ 77.349204816530047, 19.346754706247825 ], [ 77.362325159595486, 19.339537296855998 ], [ 77.385317832047278, 19.339877557028029 ], [ 77.389635929493906, 19.352314013845131 ], [ 77.413608171485677, 19.368847850423098 ], [ 77.416528748211491, 19.380618625136702 ], [ 77.43521960740766, 19.379722095014685 ], [ 77.447279908020477, 19.386341664050065 ], [ 77.447738803920402, 19.393611749477081 ], [ 77.435958267002718, 19.407112395083882 ], [ 77.444702560091898, 19.420953372597772 ], [ 77.448151574109673, 19.440511533686575 ], [ 77.470176926583761, 19.4379930294023 ], [ 77.473729033855491, 19.458806597421511 ], [ 77.486542018053683, 19.458156297967655 ], [ 77.484897429019298, 19.475667034533231 ], [ 77.489580608926033, 19.49323889905337 ], [ 77.48464600428369, 19.49797991869244 ], [ 77.470025117986282, 19.490897800294011 ], [ 77.466253604148022, 19.564072310874142 ], [ 77.452628813735942, 19.561997081979737 ], [ 77.450895999564736, 19.569052898706001 ], [ 77.45651558737201, 19.580324319485083 ], [ 77.479366771660423, 19.599577122660019 ], [ 77.462604124588879, 19.611446567073887 ], [ 77.466508810954195, 19.642400404251426 ], [ 77.461645984806481, 19.645092119732269 ], [ 77.466518977275754, 19.66424443644356 ], [ 77.449597509038028, 19.673721444711205 ], [ 77.459033796011823, 19.682356175075881 ], [ 77.475485123203725, 19.683480417915543 ], [ 77.482800240466105, 19.677188725289206 ], [ 77.499742046460597, 19.678981243554389 ], [ 77.504115237764793, 19.673689283639533 ], [ 77.537085838475349, 19.669572613788603 ], [ 77.541277856897025, 19.66047827949912 ], [ 77.551941697690438, 19.661570642624426 ], [ 77.554657164817201, 19.650930430168916 ], [ 77.571852790031485, 19.650503362357313 ], [ 77.579068551647637, 19.657266791436143 ], [ 77.582844223733616, 19.65059977510748 ], [ 77.59377328740473, 19.650678833602989 ], [ 77.598054756907132, 19.642298741840449 ], [ 77.606398424468679, 19.648619304942084 ], [ 77.60591734366615, 19.640740692122606 ], [ 77.616518504100966, 19.638204829789167 ], [ 77.612970550332463, 19.628953315346148 ], [ 77.626525247709353, 19.623528543162717 ], [ 77.627479603003479, 19.606445909534592 ], [ 77.638312284900891, 19.610398925876076 ], [ 77.643835412540383, 19.607654149956282 ], [ 77.637662642656352, 19.594722804801634 ], [ 77.648706529615978, 19.558177080753936 ], [ 77.633886812887809, 19.558182921372364 ], [ 77.631174058384914, 19.553650152177752 ], [ 77.674171136452784, 19.539035856376934 ], [ 77.697774763423126, 19.538953873180429 ], [ 77.706241176493677, 19.533212446823665 ], [ 77.705762503587621, 19.522142473772846 ], [ 77.728178752021648, 19.532268961052154 ], [ 77.74513814811786, 19.525706812445975 ], [ 77.750813108624683, 19.513468391131944 ], [ 77.746956988420067, 19.50446342440258 ], [ 77.734180940153919, 19.496738977555939 ], [ 77.738388963238535, 19.482617304152026 ], [ 77.723487582027019, 19.474457027230184 ], [ 77.711923745636511, 19.477917386762158 ], [ 77.709776713027651, 19.468493089954066 ], [ 77.695387733188412, 19.457261855598723 ], [ 77.695552778431932, 19.440276001657697 ], [ 77.705458116364269, 19.436637203583551 ], [ 77.730844866044464, 19.434433128930447 ], [ 77.740828689682075, 19.437782309787277 ], [ 77.750841924703707, 19.430897056650071 ], [ 77.786724367703286, 19.449559038835154 ], [ 77.798702819290526, 19.450038591747358 ], [ 77.800250752363553, 19.460677382383906 ], [ 77.806800932154289, 19.464538349228665 ], [ 77.818466295251454, 19.441173641425152 ], [ 77.831218210140435, 19.43904122429996 ], [ 77.837608429641449, 19.44947720820722 ], [ 77.846388127439496, 19.453104649680942 ], [ 77.824840888200342, 19.477595771200601 ], [ 77.827525612800713, 19.482713458835477 ], [ 77.842009430851817, 19.487855780588088 ], [ 77.842465399163018, 19.51095838679597 ], [ 77.859360031145215, 19.522428583198039 ], [ 77.876862444265129, 19.515370816467858 ], [ 77.880661712684699, 19.502078090065879 ], [ 77.887319273376249, 19.505963760280991 ], [ 77.889736307780638, 19.519882171120788 ], [ 77.906432795014979, 19.534284466891648 ], [ 77.914404843719993, 19.517654830958417 ], [ 77.935174734449674, 19.504696046122412 ], [ 77.938974220747639, 19.497438317491671 ], [ 77.953765698141083, 19.511922787257017 ], [ 77.972609871097063, 19.507387595598434 ], [ 77.975323243838432, 19.492948947534344 ], [ 77.988550085458172, 19.475241503667615 ], [ 77.983009067265641, 19.463987837866693 ], [ 77.993678020213224, 19.454197201602319 ], [ 78.015018527003434, 19.455783272203004 ], [ 78.015314200604465, 19.480922858620822 ], [ 78.022239498115439, 19.489592402490697 ], [ 78.030914651741057, 19.488225011098553 ], [ 78.066682216417263, 19.458522754548728 ], [ 78.095471312644264, 19.483927285397165 ], [ 78.110923662451341, 19.481861173915195 ], [ 78.122960731235068, 19.510276056901596 ], [ 78.134699891188788, 19.519321291598828 ], [ 78.134932950983298, 19.528678691187203 ], [ 78.120639083250666, 19.54197869037101 ], [ 78.120410224299462, 19.547737289987197 ], [ 78.128611701554277, 19.551127073423974 ], [ 78.157593604582829, 19.546101624613687 ], [ 78.188167892969219, 19.558346550874063 ], [ 78.184858089864889, 19.576228940161073 ], [ 78.191655403017336, 19.587171379103395 ], [ 78.189795552126768, 19.596759487024535 ], [ 78.196494805303701, 19.615731146994669 ], [ 78.179748930292334, 19.649163289042654 ], [ 78.130310902849615, 19.664506728998749 ], [ 78.123702844788284, 19.650799639993579 ], [ 78.105338905286786, 19.655975390508978 ], [ 78.098241223450614, 19.649044915652592 ], [ 78.096201973464844, 19.638332384084553 ], [ 78.087338410247341, 19.636991297591074 ], [ 78.08016597652724, 19.640930676515424 ], [ 78.070502071852374, 19.659407852641547 ], [ 78.055863841031993, 19.662612392491845 ], [ 78.056238041389719, 19.674830232530791 ], [ 78.049693325163346, 19.689433909928603 ], [ 78.035708940890174, 19.692881594490881 ], [ 78.000457985038764, 19.672627875991544 ], [ 77.989849111789013, 19.673166317571603 ], [ 77.980995999212524, 19.680969642971242 ], [ 77.980151857291958, 19.699891129488289 ], [ 77.963185358558491, 19.706600592036605 ], [ 77.947280901536217, 19.730018669230802 ], [ 77.930226774240268, 19.738522124398017 ], [ 77.914187997859742, 19.729029229759014 ], [ 77.897656826676396, 19.733216819420978 ], [ 77.889846821565143, 19.725914521716479 ], [ 77.876498968586617, 19.744053764545633 ], [ 77.866625214997157, 19.741520481763413 ], [ 77.860420445336075, 19.745183933906493 ], [ 77.857990879662154, 19.751397732021218 ], [ 77.863419020256686, 19.774072009222557 ], [ 77.85182086764226, 19.785136772747034 ], [ 77.848257290855145, 19.798063015000231 ], [ 77.869910950336802, 19.820736070704427 ], [ 77.874092153100065, 19.846339560203926 ], [ 77.896171865490629, 19.875287410828218 ], [ 77.925077557844688, 19.890594482118217 ], [ 77.93605730704202, 19.891816397895592 ], [ 77.95238418426041, 19.908877565428529 ], [ 77.967503987613483, 19.905489428514993 ], [ 77.998905300614496, 19.911401863557142 ], [ 78.014579319773873, 19.907705047418794 ], [ 78.033106192185429, 19.919851234531681 ], [ 78.051752274820302, 19.923701987933679 ], [ 78.057351202079403, 19.92177193335456 ], [ 78.061693458935238, 19.909104598805861 ] ] ] } },
{ "type": "Feature", "properties": { "District": "NANDURBAR" }, "geometry": { "type": "Polygon", "coordinates": [ [ [ 74.443685809184998, 22.022407696476716 ], [ 74.438736403597119, 22.020842402763897 ], [ 74.452190433699229, 22.004228490875565 ], [ 74.432330607571842, 21.999403508965269 ], [ 74.441463138537856, 21.990039321409913 ], [ 74.439389631683056, 21.97672395187579 ], [ 74.453377669579936, 21.961938430703452 ], [ 74.469719039475848, 21.967095679415767 ], [ 74.469099090143615, 21.959636200461922 ], [ 74.488730364851236, 21.956169394661384 ], [ 74.490473775858788, 21.951232835817621 ], [ 74.484670864713976, 21.94581345452664 ], [ 74.495218470925678, 21.946808715283062 ], [ 74.499999893516431, 21.939303912687485 ], [ 74.508389132927249, 21.937339499878384 ], [ 74.512560537644816, 21.931892162027847 ], [ 74.509225532600254, 21.920637202557756 ], [ 74.524210400116061, 21.910581999400012 ], [ 74.522795935881717, 21.899088980213886 ], [ 74.513638464362458, 21.889966024737767 ], [ 74.510005088902901, 21.829273981927173 ], [ 74.498210649097345, 21.790088694717067 ], [ 74.513952199197945, 21.765687821984198 ], [ 74.508968618625488, 21.750000855159534 ], [ 74.511066631217346, 21.73530516909193 ], [ 74.505588193451857, 21.726306144280304 ], [ 74.513858272548987, 21.718608177718956 ], [ 74.547367310497208, 21.719602685494213 ], [ 74.557513307324541, 21.704271937854717 ], [ 74.554204710034284, 21.681362357523255 ], [ 74.579868503659256, 21.683326800987999 ], [ 74.582081619522498, 21.664989049462438 ], [ 74.664129991079008, 21.652526731545617 ], [ 74.664881877483708, 21.647297169928457 ], [ 74.677469020061267, 21.645428740124899 ], [ 74.687461432995462, 21.63158907785413 ], [ 74.768915661284197, 21.616079245674563 ], [ 74.771188780120283, 21.608411950011032 ], [ 74.758569293798089, 21.57650863572152 ], [ 74.759640952952296, 21.537557212072741 ], [ 74.753889730511631, 21.529229406077 ], [ 74.761234500822226, 21.516800426675172 ], [ 74.755216972331056, 21.477561889492527 ], [ 74.731799285286158, 21.47872754461287 ], [ 74.7327574979019, 21.471846012652364 ], [ 74.726067359722677, 21.476950452132069 ], [ 74.699770659066886, 21.46899954867974 ], [ 74.70520701234237, 21.449860870802045 ], [ 74.691807077193801, 21.434145462794422 ], [ 74.698628789596995, 21.422858132220515 ], [ 74.686026367710141, 21.403554473536239 ], [ 74.664605459988991, 21.407071034596495 ], [ 74.633509067308779, 21.401743350005393 ], [ 74.619488851450626, 21.411405558856767 ], [ 74.599609266281561, 21.415424895744646 ], [ 74.571927700126366, 21.402575980234026 ], [ 74.536187368409145, 21.426065986721216 ], [ 74.512534101025423, 21.429797756435999 ], [ 74.496569090961586, 21.425576176590646 ], [ 74.50208720952385, 21.415830561217398 ], [ 74.498893181538776, 21.398402192730696 ], [ 74.494397047697348, 21.395406430122549 ], [ 74.493012399023371, 21.391291719511596 ], [ 74.502850216935144, 21.394021316980666 ], [ 74.50843476259405, 21.389008694435464 ], [ 74.489728685771524, 21.370670059743837 ], [ 74.490397361083794, 21.35005359774518 ], [ 74.47847333917467, 21.349235234681142 ], [ 74.477474818394114, 21.331485132268266 ], [ 74.483103397907016, 21.309191558224928 ], [ 74.473815202512512, 21.305661615629457 ], [ 74.474308901305022, 21.296606103713287 ], [ 74.492586542252084, 21.297832367618572 ], [ 74.501888688159454, 21.28000624709766 ], [ 74.498671818660966, 21.264358048348477 ], [ 74.487026341695085, 21.254619415705125 ], [ 74.492156176040325, 21.255238033884964 ], [ 74.489988984051934, 21.242491876544204 ], [ 74.434672078043135, 21.237112862823437 ], [ 74.432492944474902, 21.244775448646287 ], [ 74.440908309991997, 21.247778538113803 ], [ 74.437469523470128, 21.254921790957507 ], [ 74.4318872180299, 21.256019210292006 ], [ 74.431872250841963, 21.261184884981287 ], [ 74.410285753461679, 21.257446490356429 ], [ 74.40931870813354, 21.266623867396934 ], [ 74.398198561317017, 21.264702276200563 ], [ 74.387998738607109, 21.25578554623922 ], [ 74.355665681229254, 21.252200477002603 ], [ 74.356699874878288, 21.232278167736354 ], [ 74.337865125382066, 21.22861682022242 ], [ 74.327679672205932, 21.232988673620135 ], [ 74.317164302825546, 21.230145218939608 ], [ 74.317791543168298, 21.248397332329727 ], [ 74.299061782175528, 21.238007048080522 ], [ 74.284070558688725, 21.239705170511684 ], [ 74.267327315401658, 21.249359213975936 ], [ 74.246012376112233, 21.248171666623303 ], [ 74.231819541668543, 21.239832046070354 ], [ 74.219653110350322, 21.241282250178909 ], [ 74.209461613967207, 21.221479870523208 ], [ 74.185796765799452, 21.220111687672262 ], [ 74.179180853212117, 21.209785704729878 ], [ 74.163406646751596, 21.214869994243514 ], [ 74.159794689850216, 21.218600069984124 ], [ 74.164336289163529, 21.225274773344854 ], [ 74.157888025242741, 21.230784459323001 ], [ 74.143776665781147, 21.22014766118772 ], [ 74.149395913317093, 21.210298102329119 ], [ 74.146030502770671, 21.206898208316744 ], [ 74.120700218218133, 21.213356895516174 ], [ 74.102153278150794, 21.198000500094931 ], [ 74.087406267923868, 21.195747099950683 ], [ 74.070060786406003, 21.175694511985402 ], [ 74.057181304152735, 21.169977361984532 ], [ 74.076858587183253, 21.151521753811068 ], [ 74.076927293958192, 21.133518251308761 ], [ 74.092611929576762, 21.132782294625791 ], [ 74.098062417675337, 21.126764771482101 ], [ 74.097248043815028, 21.110442625840054 ], [ 74.084067879329723, 21.112748217024578 ], [ 74.07029604972243, 21.129797392471577 ], [ 74.0475336045793, 21.127850428556133 ], [ 74.049677693569933, 21.135812256797166 ], [ 74.0354155320274, 21.144798511566197 ], [ 74.020095752099124, 21.141635172839504 ], [ 74.016062478391021, 21.131077961002351 ], [ 74.000128642898403, 21.12093199486775 ], [ 73.974614555315, 21.113545990898452 ], [ 73.956345104198192, 21.102539655584923 ], [ 73.943571437108844, 21.078559415370119 ], [ 73.948086814773305, 21.071458301266336 ], [ 73.944523546652306, 21.062055558189357 ], [ 73.955257887793408, 21.051318977065858 ], [ 73.954300531093452, 21.039188850371236 ], [ 73.948183152578281, 21.031518135027511 ], [ 73.929890603712337, 21.039029868565933 ], [ 73.909900583580679, 21.037615084109408 ], [ 73.907181059557104, 21.043597429196669 ], [ 73.907028894150997, 21.036532158495085 ], [ 73.895300875150809, 21.035257980440807 ], [ 73.882187839372705, 21.026230530298431 ], [ 73.854493641275184, 21.03265014583096 ], [ 73.856627742673368, 21.020223676852194 ], [ 73.851204898646102, 20.997634935847028 ], [ 73.838814408440712, 21.007538127089006 ], [ 73.834221833472043, 21.024720735809481 ], [ 73.814997149564746, 21.023495816603223 ], [ 73.795525559410407, 21.044519201957414 ], [ 73.810903361702955, 21.059491641752057 ], [ 73.807741034203929, 21.084893088295271 ], [ 73.794101789472776, 21.071443077028331 ], [ 73.760211851669425, 21.069400647813413 ], [ 73.729932127454518, 21.082433999423166 ], [ 73.733018406542683, 21.098251498888182 ], [ 73.743758578627109, 21.115179201785924 ], [ 73.729675013143918, 21.099870382850785 ], [ 73.705488224969045, 21.108428046854073 ], [ 73.703145216121129, 21.118648868514413 ], [ 73.68894883056366, 21.100794231190065 ], [ 73.677199962645545, 21.108556827864025 ], [ 73.651899927664374, 21.107596513663331 ], [ 73.646382038139251, 21.121249177493397 ], [ 73.631028730032668, 21.123278255413194 ], [ 73.618461902498169, 21.118455301709595 ], [ 73.611910044851342, 21.138081405279227 ], [ 73.617633217639593, 21.142697031343708 ], [ 73.605126998170149, 21.144014784585998 ], [ 73.598790115963709, 21.156631629545547 ], [ 73.578519574388324, 21.150481249838187 ], [ 73.576880890989514, 21.156672165429629 ], [ 73.5832825265922, 21.161013694003422 ], [ 73.577420589145675, 21.170753092777851 ], [ 73.593852042127637, 21.174392154744019 ], [ 73.599599661563005, 21.181695343994875 ], [ 73.606451637906332, 21.178756292311935 ], [ 73.60779225177015, 21.158981026966838 ], [ 73.629268299788578, 21.154921821509188 ], [ 73.627429011423288, 21.143351905832631 ], [ 73.643357083155138, 21.139566400016868 ], [ 73.664938603570207, 21.147302927432143 ], [ 73.667492068439898, 21.154631647751273 ], [ 73.701777437650378, 21.153688994106123 ], [ 73.701340301393216, 21.146314633548176 ], [ 73.718973919745963, 21.1397574762196 ], [ 73.731807887545827, 21.140969049972334 ], [ 73.73712180584603, 21.153249015678323 ], [ 73.728515633165983, 21.161938709119269 ], [ 73.740086878272024, 21.171116584994376 ], [ 73.740190036127899, 21.167612131302796 ], [ 73.772305520491756, 21.164636919297628 ], [ 73.78135257869981, 21.171099910863603 ], [ 73.784700718892225, 21.183985726570569 ], [ 73.802698746257008, 21.174917209738993 ], [ 73.815761542910025, 21.17396026086125 ], [ 73.819868643605233, 21.186732739691937 ], [ 73.825897082267048, 21.187154517000522 ], [ 73.826046967298737, 21.200128880274338 ], [ 73.815434588251932, 21.197348209028718 ], [ 73.810735214738997, 21.207615834865443 ], [ 73.811808973633788, 21.231230063394829 ], [ 73.828461920472449, 21.23998265199323 ], [ 73.822873462286552, 21.270858319921111 ], [ 73.826536026261181, 21.267716295416957 ], [ 73.849708323803043, 21.274716365426393 ], [ 73.879613115818287, 21.265957020142686 ], [ 73.897434762520092, 21.272246142078963 ], [ 73.922238131834206, 21.289636062396298 ], [ 73.93323930032885, 21.291217546968689 ], [ 73.942726385516764, 21.300313486569308 ], [ 73.942352731968171, 21.325625166599288 ], [ 73.949175890899937, 21.351163983161889 ], [ 73.94407513169044, 21.399969054789537 ], [ 73.938932300731935, 21.405019788582564 ], [ 73.946917813644319, 21.404926233310356 ], [ 73.951787956441422, 21.395273644683083 ], [ 73.959474190026015, 21.395427937428948 ], [ 73.970445647069482, 21.397815356094497 ], [ 73.97691697552105, 21.411928007982244 ], [ 73.982223559267553, 21.407896484736213 ], [ 74.002538321474333, 21.417461154380181 ], [ 74.002618289667154, 21.421413455880021 ], [ 74.044624357840675, 21.419193910786191 ], [ 74.049653692506979, 21.44020804475387 ], [ 74.045703906391623, 21.446175916156147 ], [ 74.061425511359332, 21.461966557887823 ], [ 74.062931577539416, 21.474549421708005 ], [ 74.072763440925456, 21.468771983360963 ], [ 74.075438969702915, 21.459801206928521 ], [ 74.072299721869825, 21.457025479866147 ], [ 74.094590311419765, 21.455732911266075 ], [ 74.100713750820077, 21.447631231815105 ], [ 74.116497553935432, 21.452409560040813 ], [ 74.117160979187091, 21.462081642926389 ], [ 74.125178700928544, 21.466652879702242 ], [ 74.133733996162178, 21.465862363458211 ], [ 74.135844195406932, 21.456119924536608 ], [ 74.148298170806157, 21.457996272016157 ], [ 74.147661600194354, 21.461414817129466 ], [ 74.161221147214022, 21.468895390415845 ], [ 74.182319912019196, 21.469247158606539 ], [ 74.187732316495442, 21.458189307986981 ], [ 74.197824230609925, 21.4587485422044 ], [ 74.209281008203547, 21.462188048571669 ], [ 74.214157400293374, 21.481682039472346 ], [ 74.234351880757416, 21.482286935811857 ], [ 74.235707984870061, 21.467765588362973 ], [ 74.253561133440527, 21.46774178557796 ], [ 74.255920638930391, 21.476780467356541 ], [ 74.304135428171406, 21.488112365327119 ], [ 74.303888162301305, 21.499446813846461 ], [ 74.320788126691355, 21.498496915681947 ], [ 74.321476936410193, 21.529573878844136 ], [ 74.325537784611228, 21.536068254034134 ], [ 74.33083940400364, 21.535525754268502 ], [ 74.331160299383399, 21.552424658192997 ], [ 74.322612913926136, 21.54910643496121 ], [ 74.303238922329371, 21.552232696019825 ], [ 74.302458455937824, 21.566358846931223 ], [ 74.295526388146726, 21.56907383438195 ], [ 74.276720918165822, 21.562253963864013 ], [ 74.278528035238168, 21.553604193338252 ], [ 74.269064101490983, 21.55293109264035 ], [ 74.263177140871051, 21.539847232639225 ], [ 74.236217394890119, 21.53970309821171 ], [ 74.23631386666429, 21.548395699442445 ], [ 74.229007732846966, 21.554462593028813 ], [ 74.227572724588782, 21.54879098561798 ], [ 74.195844924402579, 21.532062559420517 ], [ 74.193383407154855, 21.539375690807471 ], [ 74.182716634270761, 21.542316768762866 ], [ 74.175097004769739, 21.556432139772578 ], [ 74.175864547891464, 21.56899839244198 ], [ 74.166741441843669, 21.569042725288174 ], [ 74.155858985048425, 21.568304316521417 ], [ 74.153956403221414, 21.556819632666709 ], [ 74.138935709518194, 21.555030894049459 ], [ 74.136963515168503, 21.546863440469632 ], [ 74.12011229298605, 21.55139170534331 ], [ 74.12012780075429, 21.556250057562323 ], [ 74.113193915931717, 21.548781818344811 ], [ 74.109953922061237, 21.556241123676184 ], [ 74.104463324326616, 21.556431789034516 ], [ 74.096446970763552, 21.551237119385863 ], [ 74.079224650629342, 21.554415618443333 ], [ 74.081578197751369, 21.548755031462338 ], [ 74.073189238045899, 21.547920196665 ], [ 74.059903244278956, 21.550303109201174 ], [ 74.054028165656291, 21.55790508928845 ], [ 74.053775429316318, 21.547512574356229 ], [ 74.04694391183574, 21.54467570141729 ], [ 74.044537382199508, 21.548163471670936 ], [ 74.043605871795151, 21.542479362133449 ], [ 74.036437459130525, 21.545574656017159 ], [ 74.037456078698625, 21.55063233101577 ], [ 74.030913654777379, 21.545153184448452 ], [ 74.005838475877155, 21.552755803281759 ], [ 73.997418606253945, 21.539011298680343 ], [ 73.993189228319821, 21.543304365428074 ], [ 73.974186152017211, 21.543276272950376 ], [ 73.982270091228401, 21.522598037512946 ], [ 73.966300112347582, 21.522065801959595 ], [ 73.960346764823186, 21.541640337905225 ], [ 73.955075524995451, 21.540830200922926 ], [ 73.951754155625665, 21.512694012027353 ], [ 73.945926620890134, 21.516792440357992 ], [ 73.932055178472794, 21.512263997329825 ], [ 73.927393355003275, 21.525099419254424 ], [ 73.916822420487307, 21.519588754281607 ], [ 73.904227626920658, 21.524509230152184 ], [ 73.905316371382824, 21.515762005982598 ], [ 73.879825648048183, 21.50519794000525 ], [ 73.877056007983967, 21.512156885173603 ], [ 73.8643015110368, 21.512572075174951 ], [ 73.871834617513315, 21.504796163399991 ], [ 73.863829563780897, 21.498166729056425 ], [ 73.853556586577668, 21.497465888695725 ], [ 73.834896014289768, 21.520583358543185 ], [ 73.814130596076723, 21.601093195463005 ], [ 73.796667518538996, 21.605741688914399 ], [ 73.78136644182517, 21.618594729221435 ], [ 73.780514929883822, 21.628592070832156 ], [ 73.814262715039902, 21.6441732043623 ], [ 73.824803490759578, 21.63977829458797 ], [ 73.830381344600085, 21.642367289466822 ], [ 73.838589940586246, 21.633080423225184 ], [ 73.849769776116489, 21.639133467023925 ], [ 73.851666840299657, 21.64648081127774 ], [ 73.86003804511347, 21.642327252644254 ], [ 73.888014856767441, 21.653246095358444 ], [ 73.89460203140213, 21.676266480630087 ], [ 73.89030000470764, 21.697973861422579 ], [ 73.880612807014799, 21.715590173391508 ], [ 73.867608454336064, 21.718344770774479 ], [ 73.824864710967745, 21.759555344197299 ], [ 73.824944989344687, 21.765231535550562 ], [ 73.834697968201368, 21.774053145260176 ], [ 73.829567548536488, 21.77754699377715 ], [ 73.829453756121609, 21.785941498583423 ], [ 73.838097722997631, 21.789090939994747 ], [ 73.827338874428733, 21.792479528331807 ], [ 73.826959973325685, 21.79792525067603 ], [ 73.832945132106289, 21.800947858360196 ], [ 73.827173624827836, 21.810234959621411 ], [ 73.807835865841227, 21.809808401524847 ], [ 73.804301138832713, 21.81969620853323 ], [ 73.795941929484528, 21.824551279799621 ], [ 73.807315956833946, 21.836332934345574 ], [ 73.838432515256983, 21.843824775315486 ], [ 73.871608222544964, 21.841507485141342 ], [ 73.886782265280047, 21.854660925601888 ], [ 73.920963778244015, 21.861026139238135 ], [ 74.047895003790501, 21.924999896449069 ], [ 74.128223557913188, 21.949778303903138 ], [ 74.136094591167748, 21.950182048915877 ], [ 74.140300096698112, 21.945457884868915 ], [ 74.146263031127035, 21.946440604403016 ], [ 74.146847800652935, 21.952891889874945 ], [ 74.157432923919245, 21.950822096197765 ], [ 74.181844206530116, 21.929416093094531 ], [ 74.19308028900646, 21.925971127828614 ], [ 74.28117565635614, 21.933112148905579 ], [ 74.289519031588384, 21.939967613982873 ], [ 74.30089492200463, 21.967128766907827 ], [ 74.312365222060123, 21.973527474157503 ], [ 74.350701902039546, 21.9781208994122 ], [ 74.375818643377841, 22.000589253986767 ], [ 74.388326949404004, 22.020750957685141 ], [ 74.431639912101033, 22.030269372863998 ], [ 74.443685809184998, 22.022407696476716 ] ] ] } },
{ "type": "Feature", "properties": { "District": "NASHIK" }, "geometry": { "type": "Polygon", "coordinates": [ [ [ 74.129004700738207, 20.864135858713198 ], [ 74.149565256260345, 20.85033780444801 ], [ 74.158928306805208, 20.851951622313468 ], [ 74.15931074225962, 20.86211227302779 ], [ 74.196002404536429, 20.855190322931609 ], [ 74.201537781312709, 20.859585558634169 ], [ 74.2089121412005, 20.855083660476605 ], [ 74.224411069281544, 20.856720247388729 ], [ 74.233597379734718, 20.848892156102295 ], [ 74.243503375238433, 20.850176405227693 ], [ 74.251749582943674, 20.859531406299734 ], [ 74.265642677053961, 20.851389408360216 ], [ 74.292443808227972, 20.855431391270436 ], [ 74.314841358582356, 20.842949793013609 ], [ 74.325382217246997, 20.848144234988627 ], [ 74.33302873988444, 20.83652181837785 ], [ 74.336945901122661, 20.836945423672667 ], [ 74.338291583282242, 20.84981263126269 ], [ 74.346830433988018, 20.847565516750244 ], [ 74.349012606802461, 20.858872776699801 ], [ 74.356175715055898, 20.858666048028134 ], [ 74.35712060035587, 20.852331192240911 ], [ 74.351769496538324, 20.850660628640497 ], [ 74.35872791954786, 20.844593925830328 ], [ 74.382644434406316, 20.840332904833801 ], [ 74.386501682593718, 20.85693576173146 ], [ 74.392726256046657, 20.854737029967691 ], [ 74.396245980662229, 20.86097280237685 ], [ 74.395921306040819, 20.849559843640687 ], [ 74.402904310313417, 20.837582658517068 ], [ 74.38942685566478, 20.840029572060441 ], [ 74.388261001852271, 20.835805673251816 ], [ 74.396969174839654, 20.831904649331651 ], [ 74.416667380044544, 20.809796641223134 ], [ 74.439825127435512, 20.798498021214403 ], [ 74.449606571435396, 20.815495770462707 ], [ 74.456366685295094, 20.812065818790138 ], [ 74.476103510950892, 20.820016759397436 ], [ 74.478855304068048, 20.834162096624738 ], [ 74.484935902882015, 20.828940047548482 ], [ 74.48249800203088, 20.821172904179058 ], [ 74.491331856474105, 20.815287910031145 ], [ 74.505329263633385, 20.818879590376202 ], [ 74.5118665029471, 20.808443302370012 ], [ 74.525863903127501, 20.815815214165127 ], [ 74.536271844230953, 20.835071545373918 ], [ 74.541478611703823, 20.829016921392988 ], [ 74.563337896761212, 20.823596582568904 ], [ 74.572616405539961, 20.830913126395604 ], [ 74.57284172838078, 20.818779929518843 ], [ 74.619323079017903, 20.803958681510903 ], [ 74.631848578370409, 20.790660979600737 ], [ 74.633274444199571, 20.783037790758655 ], [ 74.664490180712917, 20.774158562160775 ], [ 74.662653674557944, 20.762672217887161 ], [ 74.653897485719696, 20.756107131037613 ], [ 74.661064343164554, 20.739678926170836 ], [ 74.652496650162661, 20.727573687294619 ], [ 74.658505985578302, 20.718249685153307 ], [ 74.649788731255683, 20.694015778587573 ], [ 74.672993744994926, 20.694145117053989 ], [ 74.71073594059115, 20.685759989811544 ], [ 74.720143299934705, 20.677295450017898 ], [ 74.732530779714665, 20.677636763426005 ], [ 74.730988108795344, 20.67315504298611 ], [ 74.737827113985333, 20.665878289691911 ], [ 74.744940219490729, 20.670801743736124 ], [ 74.749091135897004, 20.666694089846104 ], [ 74.760258913635539, 20.668006687278147 ], [ 74.761938093796971, 20.66385946370907 ], [ 74.769297900288464, 20.662459246965035 ], [ 74.772016858693561, 20.66745079466369 ], [ 74.772415404557194, 20.662790937556711 ], [ 74.779567303419185, 20.666612467679123 ], [ 74.788069214146446, 20.660536162286899 ], [ 74.801904926784843, 20.659942818374031 ], [ 74.80000818686446, 20.638064422363986 ], [ 74.811274907705069, 20.635548373370035 ], [ 74.812648477287695, 20.619305812843123 ], [ 74.80976722411134, 20.588175132797744 ], [ 74.80103458671843, 20.589603365927985 ], [ 74.792793772273598, 20.578386518773431 ], [ 74.791610766012411, 20.566472726832366 ], [ 74.793689830809413, 20.554590709961001 ], [ 74.799654791715298, 20.55208649444624 ], [ 74.797955597476829, 20.546288268221193 ], [ 74.794880965918153, 20.538727576373972 ], [ 74.761122635076404, 20.537426100723657 ], [ 74.760225823454576, 20.53285376604439 ], [ 74.771009427943895, 20.507456881668809 ], [ 74.780223409187002, 20.509876483052938 ], [ 74.783882105081588, 20.497369092589324 ], [ 74.770715503416824, 20.4724269075179 ], [ 74.774443800796973, 20.469975876025511 ], [ 74.79301607340885, 20.478031783451819 ], [ 74.799595971606394, 20.470455800006583 ], [ 74.802270214776144, 20.44564643058769 ], [ 74.813376489355321, 20.442255277441237 ], [ 74.816401311313584, 20.431040982937915 ], [ 74.836238479761448, 20.418079205021538 ], [ 74.83852416514344, 20.40824164257052 ], [ 74.828689492724763, 20.40664146938629 ], [ 74.824218202615867, 20.398230317664254 ], [ 74.851542719071688, 20.380935645730624 ], [ 74.849263793966912, 20.37039462116083 ], [ 74.855173820994793, 20.363957766939173 ], [ 74.857720645405422, 20.335988665564411 ], [ 74.864810906757327, 20.335121875950879 ], [ 74.863634982459359, 20.313961723152115 ], [ 74.855239960515746, 20.31366990449639 ], [ 74.8517072659034, 20.286147228530712 ], [ 74.863580634392022, 20.276447755207396 ], [ 74.905576921472942, 20.271631626261168 ], [ 74.916072751875973, 20.275869090944848 ], [ 74.934932716087971, 20.270032631784371 ], [ 74.932901350731228, 20.251190452066147 ], [ 74.904889084783321, 20.245809463801535 ], [ 74.907793374207202, 20.219096955052159 ], [ 74.928504158593469, 20.217382995359003 ], [ 74.928116767330977, 20.18476264955402 ], [ 74.921868615369405, 20.175672380339098 ], [ 74.929944523491812, 20.159659675783743 ], [ 74.927981180958696, 20.154535369901978 ], [ 74.906777883192689, 20.155001145488654 ], [ 74.906977171417907, 20.167589643997328 ], [ 74.898430934441947, 20.169059595156192 ], [ 74.895672593739533, 20.180259383734231 ], [ 74.854626894991526, 20.179684167546103 ], [ 74.85196252335291, 20.213874440175029 ], [ 74.855376321767196, 20.230362140019849 ], [ 74.829284324330615, 20.235381411932725 ], [ 74.828434703151942, 20.246228094793938 ], [ 74.818385704912757, 20.2504050624038 ], [ 74.80699623304983, 20.246622524179035 ], [ 74.801911201704129, 20.238198324881004 ], [ 74.781791772839583, 20.23448108893777 ], [ 74.785654008534792, 20.228483814958583 ], [ 74.80000364156173, 20.2326690393073 ], [ 74.782879968777863, 20.206159385059962 ], [ 74.770341014539099, 20.206758413502385 ], [ 74.758629077969474, 20.200989972371385 ], [ 74.755950606379727, 20.196821723077015 ], [ 74.760102540406152, 20.184488471916005 ], [ 74.734640941457101, 20.188770174479696 ], [ 74.73387101341811, 20.197592908397652 ], [ 74.729195262003827, 20.192233712348862 ], [ 74.719124941016617, 20.192791750408261 ], [ 74.720795447728079, 20.186967682009975 ], [ 74.711578119717771, 20.173193155438806 ], [ 74.717255383168691, 20.159298904659593 ], [ 74.714135174078919, 20.13347777676293 ], [ 74.708452378428703, 20.134979894446321 ], [ 74.71144496629293, 20.12872936748645 ], [ 74.70562086364896, 20.123479329460441 ], [ 74.709994602476655, 20.122338580801728 ], [ 74.70378411242649, 20.114755966889337 ], [ 74.73034284230603, 20.114576012787932 ], [ 74.736461916988389, 20.080790828749951 ], [ 74.709540115605165, 20.079924558441782 ], [ 74.720655401699659, 20.054163468381468 ], [ 74.706502934996678, 20.041490011493892 ], [ 74.717900441148473, 20.01813239240651 ], [ 74.69488596062692, 20.016986799100454 ], [ 74.689324436799325, 20.010767059862477 ], [ 74.688330435012162, 19.994890219747276 ], [ 74.681795788937293, 19.989218204723819 ], [ 74.6851518949656, 19.968657748853172 ], [ 74.672246697558194, 19.962829816259468 ], [ 74.670819023087958, 19.946973979983756 ], [ 74.5686471577839, 19.954298334464578 ], [ 74.554458357555276, 19.967849808092659 ], [ 74.522896924359571, 19.9765815912113 ], [ 74.518951730210816, 19.966704924482126 ], [ 74.509308960194545, 19.972869993732928 ], [ 74.494693012918844, 19.970129941378008 ], [ 74.492011497621149, 19.962220460894361 ], [ 74.47922204398462, 19.964016347168368 ], [ 74.480616682033855, 19.995077015537898 ], [ 74.45768338429508, 19.994982974230837 ], [ 74.451971126588276, 19.979490027449696 ], [ 74.442243569434652, 19.973832855810731 ], [ 74.382423258065572, 19.981355356659229 ], [ 74.376965085243341, 19.971975790521807 ], [ 74.364718249206106, 19.974781292269221 ], [ 74.362771928316818, 19.965108654515511 ], [ 74.349528937231597, 19.967470688497148 ], [ 74.347272314416415, 19.984548063900924 ], [ 74.316078934301871, 19.985476231982865 ], [ 74.316110904374909, 19.978690169388241 ], [ 74.303081779831473, 19.966672248605335 ], [ 74.285374982283201, 19.986190952201511 ], [ 74.281084959907616, 19.957269213575376 ], [ 74.272741282480979, 19.96225211986248 ], [ 74.247838487690942, 19.962978131422361 ], [ 74.247712393744095, 19.935493396469166 ], [ 74.272741325048685, 19.932720236877497 ], [ 74.274556235625212, 19.90643625483456 ], [ 74.335325834620193, 19.886615569470489 ], [ 74.337344989728436, 19.872460158212203 ], [ 74.363145940201008, 19.871437404368425 ], [ 74.362897171156987, 19.834194701250759 ], [ 74.369015210370051, 19.834721526468797 ], [ 74.36713736556213, 19.810962409059261 ], [ 74.374246989221035, 19.802160473701974 ], [ 74.367695398528014, 19.805616965022111 ], [ 74.352872643812361, 19.795209071665944 ], [ 74.34393791625925, 19.79874041233564 ], [ 74.326830218770581, 19.795698303918133 ], [ 74.322570849087143, 19.780011693049858 ], [ 74.325600550338734, 19.772857282273989 ], [ 74.316848786768816, 19.765140430250543 ], [ 74.27468557582209, 19.777330472544449 ], [ 74.269400116737344, 19.760667238949061 ], [ 74.247373277621293, 19.751793819407652 ], [ 74.246519161091115, 19.744439906124125 ], [ 74.223620375967513, 19.742080153377096 ], [ 74.220331001496731, 19.737575827153769 ], [ 74.188655586902541, 19.739235032663181 ], [ 74.183536534830864, 19.73233278890018 ], [ 74.166387491710083, 19.729913791685092 ], [ 74.150927856440745, 19.685094738195662 ], [ 74.144609362383335, 19.692250633387609 ], [ 74.135677470952501, 19.693148018046472 ], [ 74.144828461920142, 19.673529195121816 ], [ 74.134458078257481, 19.667491230283613 ], [ 74.119724280722068, 19.642607461757688 ], [ 74.101323690286719, 19.648371814643919 ], [ 74.096017896124081, 19.641017661431388 ], [ 74.070938880046754, 19.660817278659767 ], [ 74.034668011398566, 19.665843776769041 ], [ 74.021052954485839, 19.673839683721926 ], [ 74.003342149282929, 19.667821784817001 ], [ 73.984711010074008, 19.669817864705301 ], [ 73.978429741139763, 19.675728275218159 ], [ 73.969335570755817, 19.670831203616391 ], [ 73.961264531610993, 19.674276322434864 ], [ 73.956873666081265, 19.668695258755253 ], [ 73.949425033432135, 19.672695375758906 ], [ 73.931501447120766, 19.670406490237287 ], [ 73.927160334612594, 19.675225651138344 ], [ 73.925514868320576, 19.672192214345877 ], [ 73.907676933622255, 19.684226239274313 ], [ 73.903966416633182, 19.694153758970845 ], [ 73.907063201135315, 19.697315651121194 ], [ 73.912217753926797, 19.694243452759498 ], [ 73.911174595299784, 19.701541741828844 ], [ 73.904707702348603, 19.703679872735634 ], [ 73.894880646445486, 19.717809016094879 ], [ 73.898873712028234, 19.746511806663062 ], [ 73.89072003878232, 19.747266164393277 ], [ 73.888464322178862, 19.751959089697777 ], [ 73.880521157254293, 19.738518480023661 ], [ 73.867987378086653, 19.741322760072652 ], [ 73.864702790049137, 19.748606397087713 ], [ 73.854865313016106, 19.746981721278122 ], [ 73.85791493484264, 19.743113060826246 ], [ 73.849308474033506, 19.745511890781255 ], [ 73.8367567278287, 19.740456809139086 ], [ 73.838768908740718, 19.722118310729904 ], [ 73.81941934665015, 19.713977819540773 ], [ 73.809695788513039, 19.682090780089688 ], [ 73.804946049593283, 19.689481876928696 ], [ 73.79404451422451, 19.688239403865168 ], [ 73.805766411212161, 19.676962759348257 ], [ 73.794165419714872, 19.675544610111434 ], [ 73.790288633218992, 19.662958519799808 ], [ 73.781517135550104, 19.659774119156168 ], [ 73.779092056348219, 19.649695492055677 ], [ 73.79282719184134, 19.641589797014156 ], [ 73.775754688229512, 19.640629619814796 ], [ 73.77570403108281, 19.628496498767376 ], [ 73.766378801862288, 19.63188308452694 ], [ 73.736994843675845, 19.618057108268566 ], [ 73.719751467913966, 19.619937467306777 ], [ 73.709447442629966, 19.612328173918208 ], [ 73.70334442086444, 19.594182043898194 ], [ 73.675358507688415, 19.586691306648753 ], [ 73.641761942141258, 19.589555242290011 ], [ 73.630566550423595, 19.594604128087074 ], [ 73.615870760289411, 19.586119854684199 ], [ 73.614000959050927, 19.595482144544103 ], [ 73.606341883153007, 19.594963553711874 ], [ 73.583645841525865, 19.606499755153749 ], [ 73.574922003659296, 19.602157821444941 ], [ 73.581207515122216, 19.612954110000441 ], [ 73.575469783175691, 19.618400227237732 ], [ 73.563284019186355, 19.618478452069414 ], [ 73.559585800861441, 19.644367713473905 ], [ 73.544126713071492, 19.657903868457904 ], [ 73.528268819474448, 19.689229226205718 ], [ 73.528546392230524, 19.697728125566627 ], [ 73.514559790597545, 19.698692336977842 ], [ 73.518991930809449, 19.707510248148779 ], [ 73.485922119410802, 19.722587759191676 ], [ 73.485014351802107, 19.728970801488355 ], [ 73.503658626897277, 19.733191316001705 ], [ 73.499339493421431, 19.736567488681708 ], [ 73.503797372132524, 19.747902133491813 ], [ 73.497791983472425, 19.761038524067896 ], [ 73.47835788656468, 19.759877514349018 ], [ 73.44924863348119, 19.767124168622082 ], [ 73.442490482346798, 19.786447458607523 ], [ 73.443811548298186, 19.804804550508894 ], [ 73.439287387481187, 19.807226963585492 ], [ 73.441868970556229, 19.827343375051967 ], [ 73.420517859605482, 19.834803964158667 ], [ 73.414897146375679, 19.859982121447821 ], [ 73.417619241157595, 19.867681889679154 ], [ 73.436255204546157, 19.872418879394203 ], [ 73.422706694846568, 19.916648667254655 ], [ 73.439251065312263, 19.934650923531535 ], [ 73.439802941901235, 19.955934945152347 ], [ 73.449214770617587, 19.953689976203133 ], [ 73.456112330359247, 19.95935896463023 ], [ 73.448989558438086, 19.966629099242951 ], [ 73.450768994490289, 19.984785558740331 ], [ 73.431995646032092, 19.982105645572602 ], [ 73.416038962196254, 19.999457895768018 ], [ 73.415033122789993, 20.012174598400101 ], [ 73.4063930155707, 20.017018727472916 ], [ 73.391988452425323, 20.014099778853826 ], [ 73.379933204797297, 20.020863138032805 ], [ 73.366058831563436, 20.019325504201419 ], [ 73.363460936620584, 20.033673334620563 ], [ 73.357653411830483, 20.039913657562977 ], [ 73.345980446819468, 20.036106302111676 ], [ 73.332090553064731, 20.045614243620108 ], [ 73.329282326545481, 20.041913816199749 ], [ 73.313726373863588, 20.049096631509297 ], [ 73.306557301544558, 20.056621830291132 ], [ 73.313192453750048, 20.091443826618811 ], [ 73.293475125417487, 20.098064967628698 ], [ 73.271106781935671, 20.095332463599927 ], [ 73.268809046776894, 20.108719175265442 ], [ 73.252656177318926, 20.11268705386059 ], [ 73.247719458642024, 20.12266270020146 ], [ 73.25470397821978, 20.126933948726517 ], [ 73.253897204392018, 20.137958000980007 ], [ 73.279225462301724, 20.150144171375267 ], [ 73.283050191215963, 20.198052283766089 ], [ 73.289008834825609, 20.198170023732551 ], [ 73.299064328602483, 20.209169908283922 ], [ 73.314050735840013, 20.20214154316804 ], [ 73.324435573874297, 20.206189438508158 ], [ 73.34383558081349, 20.199382858694989 ], [ 73.346389048939841, 20.20930980420852 ], [ 73.356499607369884, 20.213002881250265 ], [ 73.361261207529779, 20.207645621131093 ], [ 73.353602648663653, 20.200357860536034 ], [ 73.364753664052174, 20.195584806498644 ], [ 73.366239037487929, 20.203910317869372 ], [ 73.382497145536817, 20.211729927748557 ], [ 73.389302544948734, 20.19262169122872 ], [ 73.394478365605735, 20.198643708069572 ], [ 73.416514832077368, 20.198286003951925 ], [ 73.42121134418943, 20.206586014268922 ], [ 73.415570170982008, 20.212697740052082 ], [ 73.417836547705278, 20.22234723611113 ], [ 73.413597646285879, 20.224343034771245 ], [ 73.414470379516047, 20.235943366697281 ], [ 73.410435272992444, 20.238507592742167 ], [ 73.417411112399193, 20.242734336824274 ], [ 73.412520195177876, 20.244492653359476 ], [ 73.415333720082174, 20.250712021962393 ], [ 73.411300098107716, 20.253224040862214 ], [ 73.41612082345975, 20.258678801311749 ], [ 73.412150239731545, 20.265513148743072 ], [ 73.415874388843136, 20.267896987887671 ], [ 73.414229582150369, 20.274134559023487 ], [ 73.423194635232562, 20.274769071189532 ], [ 73.427700460938667, 20.280119637964521 ], [ 73.413807375991226, 20.325721216855683 ], [ 73.418467440737459, 20.330516439545981 ], [ 73.4091972610575, 20.349216497287902 ], [ 73.413661043786888, 20.352205421849003 ], [ 73.412667201867663, 20.36088163839138 ], [ 73.404506904585034, 20.386098167293795 ], [ 73.382726957436901, 20.373061948974694 ], [ 73.379767976054993, 20.393503233944688 ], [ 73.387825213435079, 20.398411964791165 ], [ 73.395920341655341, 20.396333586626731 ], [ 73.398704794660546, 20.40510406078338 ], [ 73.405918696168257, 20.402966633586026 ], [ 73.404866217767875, 20.409976203086607 ], [ 73.412320484376139, 20.410747018519157 ], [ 73.414017791062236, 20.416224931338562 ], [ 73.419574101555625, 20.413066593780059 ], [ 73.42110270851262, 20.430034162955749 ], [ 73.431005471276194, 20.454410407390036 ], [ 73.444829926501512, 20.474783026492812 ], [ 73.45625246981777, 20.478332318709892 ], [ 73.459121200470108, 20.491843750730656 ], [ 73.467665231750743, 20.496468556823757 ], [ 73.469865908671082, 20.520307167974853 ], [ 73.493624240357278, 20.53806846527069 ], [ 73.475298309700349, 20.543328185288459 ], [ 73.47920316832608, 20.560243781910238 ], [ 73.473153092153709, 20.584635285774066 ], [ 73.449470465790483, 20.594036656383242 ], [ 73.429576122950266, 20.595204859481925 ], [ 73.431506085996403, 20.600145093938103 ], [ 73.42645600778549, 20.601980251685227 ], [ 73.421120183344271, 20.625868280042358 ], [ 73.407207686023796, 20.623970270361635 ], [ 73.407099888591418, 20.63533319772904 ], [ 73.394113688942582, 20.64078177949299 ], [ 73.392243588332235, 20.649286055652595 ], [ 73.412450985439733, 20.661467495608193 ], [ 73.432994926267128, 20.666831437824602 ], [ 73.432039146413729, 20.677264228654522 ], [ 73.444297224041279, 20.681102956282977 ], [ 73.448199065482783, 20.691362129699232 ], [ 73.440783053392678, 20.699837645156546 ], [ 73.449181334356467, 20.717180927962261 ], [ 73.474648099566238, 20.720387872435619 ], [ 73.483997187944567, 20.691555203730253 ], [ 73.490265985464333, 20.686384492762418 ], [ 73.48626481940947, 20.675164344639249 ], [ 73.482155472372582, 20.679760006243576 ], [ 73.478563727559461, 20.676664058212943 ], [ 73.489216978534685, 20.663700196502536 ], [ 73.489234889437739, 20.655733593648929 ], [ 73.495624418591191, 20.653606534529661 ], [ 73.504515480083683, 20.670676896146059 ], [ 73.511333214981136, 20.665758780818503 ], [ 73.517901219398297, 20.66743392223621 ], [ 73.52048952634226, 20.678847935885226 ], [ 73.532788002818492, 20.672744433639288 ], [ 73.550799445077502, 20.648559476132068 ], [ 73.55785357512984, 20.645866133921448 ], [ 73.570153576853627, 20.65094659511167 ], [ 73.615194167001903, 20.624819183472987 ], [ 73.622279723437089, 20.614237769129204 ], [ 73.626975184291794, 20.585031018975762 ], [ 73.652682555223222, 20.56487246633149 ], [ 73.669115767440516, 20.563477911272933 ], [ 73.695377028737525, 20.578372711334449 ], [ 73.732325561367389, 20.574419730145998 ], [ 73.74456137594558, 20.56491837980181 ], [ 73.760739993588814, 20.573736318315731 ], [ 73.76359850592776, 20.586740413474718 ], [ 73.767632070098571, 20.586548749275426 ], [ 73.775392840775837, 20.600224105996883 ], [ 73.791266359458092, 20.605272448376436 ], [ 73.79840221282663, 20.598677451108177 ], [ 73.807060279345791, 20.608386509329257 ], [ 73.82601080579056, 20.612461848326461 ], [ 73.838394390725526, 20.620463122289515 ], [ 73.832741435243008, 20.645716709870463 ], [ 73.839090899545582, 20.658774521983755 ], [ 73.830622141236233, 20.675103339512102 ], [ 73.817205852929931, 20.672037469467252 ], [ 73.811852035838982, 20.692033434753288 ], [ 73.835438266063207, 20.702102402596278 ], [ 73.855170758730239, 20.692251281163379 ], [ 73.874421120094283, 20.729533514835527 ], [ 73.882529402237381, 20.733426273190826 ], [ 73.917326627766258, 20.724849176656232 ], [ 73.917865699971728, 20.729559385810138 ], [ 73.927261948663471, 20.734343940865692 ], [ 73.929563758953719, 20.727614025876271 ], [ 73.942661218030949, 20.742083693338337 ], [ 73.938031382310612, 20.749221072381047 ], [ 73.941309792409982, 20.758325368568215 ], [ 73.931861489358582, 20.760622975260102 ], [ 73.936122643190771, 20.800901196996815 ], [ 73.931928032320045, 20.808900815349645 ], [ 73.944043431948614, 20.823772487867085 ], [ 73.940318466606442, 20.839438753765812 ], [ 73.962635492634931, 20.84251431834468 ], [ 73.966636917259578, 20.854433878890934 ], [ 74.00452648683887, 20.842522146379906 ], [ 74.006619458472343, 20.836212100488464 ], [ 74.013954959873658, 20.843984551930387 ], [ 74.015243532275562, 20.853812218343769 ], [ 74.017512573457836, 20.844182707380828 ], [ 74.02619792863409, 20.852104949056173 ], [ 74.032730011999519, 20.839518939556058 ], [ 74.043884066118423, 20.834714472330795 ], [ 74.063149565237282, 20.84893896558658 ], [ 74.07730881483873, 20.848770887784948 ], [ 74.097150146105108, 20.841024599890542 ], [ 74.102824899287725, 20.844788336128286 ], [ 74.103377004014646, 20.855101343179602 ], [ 74.129004700738207, 20.864135858713198 ] ], [ [ 74.728537318945556, 20.087797484385717 ], [ 74.731247162658022, 20.085269946315634 ], [ 74.731203189560972, 20.087889044882662 ], [ 74.728537318945556, 20.087797484385717 ] ] ] } },
{ "type": "Feature", "properties": { "District": "DHARASHIV" }, "geometry": { "type": "MultiPolygon", "coordinates": [ [ [ [ 75.602432480701736, 18.159208124144588 ], [ 75.604504089872293, 18.143926646713425 ], [ 75.601137393685647, 18.147689186309726 ], [ 75.593576265000536, 18.146087875301291 ], [ 75.5883743846328, 18.152839542063806 ], [ 75.602432480701736, 18.159208124144588 ] ] ], [ [ [ 75.604610302597408, 18.159913189179829 ], [ 75.614106199807537, 18.157913518727703 ], [ 75.614405290296929, 18.150604987304337 ], [ 75.607161504742507, 18.145748444593192 ], [ 75.604610302597408, 18.159913189179829 ] ] ], [ [ [ 75.5852459932008, 18.698170643247902 ], [ 75.606122754250066, 18.686760523611284 ], [ 75.616039228009356, 18.663786989756066 ], [ 75.647585273679738, 18.647889354018314 ], [ 75.660654895906163, 18.64555830904256 ], [ 75.666573530336308, 18.651438570370903 ], [ 75.664290078233236, 18.675052005546107 ], [ 75.669706016817614, 18.691258220653008 ], [ 75.701194590640185, 18.689172370517028 ], [ 75.729798438492665, 18.674068303710435 ], [ 75.731595058218375, 18.679885258654011 ], [ 75.74318180195084, 18.682262029882075 ], [ 75.756030412659129, 18.680559123851534 ], [ 75.771417154765032, 18.669154562310119 ], [ 75.776895769841019, 18.67296645828652 ], [ 75.778631334446715, 18.665256614803386 ], [ 75.793402783432228, 18.654233684452628 ], [ 75.79974733117632, 18.673002185786938 ], [ 75.820740896498833, 18.668517670566327 ], [ 75.822780798043937, 18.662612132054939 ], [ 75.829473334050789, 18.663919997428604 ], [ 75.847899154818066, 18.655357957039943 ], [ 75.857482502260339, 18.659737727555907 ], [ 75.855640739748623, 18.649383063230768 ], [ 75.871666565933666, 18.653819554352875 ], [ 75.873027875390022, 18.648250355351024 ], [ 75.906436923954701, 18.649206098043511 ], [ 75.937451141669811, 18.641390934701271 ], [ 75.944679431893405, 18.634759511277363 ], [ 75.943708470244388, 18.609691028449141 ], [ 75.948086405086869, 18.605059451925982 ], [ 75.956914334657455, 18.60466360377789 ], [ 75.986107733293863, 18.618805078413153 ], [ 75.993979782957268, 18.617199570759819 ], [ 75.996639237046168, 18.606954679851288 ], [ 75.982572404887449, 18.590834053450006 ], [ 75.995330694264624, 18.582867797424846 ], [ 76.007861153169031, 18.585495347568386 ], [ 76.004882188626979, 18.601000924823275 ], [ 76.012247879150436, 18.607768457284184 ], [ 76.032436428026415, 18.600265810347626 ], [ 76.053519579124512, 18.574595040419446 ], [ 76.079226594329143, 18.576290607565959 ], [ 76.101682832788669, 18.587939446495618 ], [ 76.118929811177708, 18.583922621218719 ], [ 76.134764214706379, 18.587659300106058 ], [ 76.155960704606386, 18.578097364313027 ], [ 76.160339534746228, 18.554951168856022 ], [ 76.170481342270904, 18.561001176859392 ], [ 76.166196169153054, 18.573525566710366 ], [ 76.168457971165637, 18.584647705865194 ], [ 76.177413451816449, 18.58450166953995 ], [ 76.219693582078918, 18.574560804714341 ], [ 76.25467123124335, 18.575401930613282 ], [ 76.254399211690597, 18.563813307077517 ], [ 76.275964311509725, 18.557944342512442 ], [ 76.273743031022619, 18.536689855774 ], [ 76.252965629877167, 18.522023579127961 ], [ 76.253099409989403, 18.495633299508263 ], [ 76.261760506530024, 18.492891653687966 ], [ 76.254059128289953, 18.482746041211474 ], [ 76.267285602289547, 18.475800091885478 ], [ 76.269737249693094, 18.468564864396235 ], [ 76.261932546843184, 18.465813991116438 ], [ 76.266951379248425, 18.422677359218927 ], [ 76.260445985282459, 18.4281503178047 ], [ 76.225690203886842, 18.434024043592817 ], [ 76.214070273543285, 18.407115984316615 ], [ 76.203488031592002, 18.39470865808968 ], [ 76.222083220030626, 18.380277929025254 ], [ 76.245610317339995, 18.377127622606249 ], [ 76.257687634165933, 18.364019907945323 ], [ 76.288514285785823, 18.389439003443933 ], [ 76.284152901762198, 18.340012307371214 ], [ 76.316835132970652, 18.32997148838226 ], [ 76.31453764776893, 18.282463554652484 ], [ 76.310084881948043, 18.280940499943696 ], [ 76.303368475973585, 18.262655805094138 ], [ 76.294266645667165, 18.261125885071955 ], [ 76.283818432264098, 18.249280494959457 ], [ 76.285787960173323, 18.232151722917383 ], [ 76.301392622551788, 18.231809461381459 ], [ 76.292949040924043, 18.19774151780874 ], [ 76.280045040678942, 18.18386837550786 ], [ 76.281650831175909, 18.152445171957417 ], [ 76.274982620847041, 18.140357117284964 ], [ 76.283740884445805, 18.127464666904913 ], [ 76.279368736534821, 18.11102793818743 ], [ 76.294598502380367, 18.106889091195228 ], [ 76.294730778904707, 18.099867690483276 ], [ 76.30612616349093, 18.098140771013316 ], [ 76.307652401889555, 18.092553675363099 ], [ 76.327169204146756, 18.096754611242197 ], [ 76.329977518890772, 18.076112834382126 ], [ 76.340509405299017, 18.06128015816747 ], [ 76.352556869123617, 18.066276770910118 ], [ 76.352924352400038, 18.082017788307336 ], [ 76.371876043153904, 18.089936411519602 ], [ 76.380322134421078, 18.087905575940848 ], [ 76.3825917029462, 18.077778664955826 ], [ 76.398585543940143, 18.066044986235624 ], [ 76.396575366175327, 18.059584351518687 ], [ 76.384883658553406, 18.060558103260181 ], [ 76.383661203893894, 18.045076719618173 ], [ 76.404940314177026, 18.046247169345307 ], [ 76.427384736432188, 18.033834463681444 ], [ 76.461812889558203, 18.027030276749457 ], [ 76.465584269660752, 18.031773449182282 ], [ 76.488606549102528, 18.024426027649255 ], [ 76.495191581281901, 18.02723035204054 ], [ 76.499286386160165, 18.051852880824033 ], [ 76.508662781017307, 18.05098563461085 ], [ 76.512156105389792, 18.05022443632004 ], [ 76.511190944671114, 18.0231705362654 ], [ 76.539458126438305, 18.031869225139005 ], [ 76.552995389913207, 18.026442268584844 ], [ 76.56316555355653, 18.031275976614882 ], [ 76.57592294623673, 18.022566250120612 ], [ 76.578901691537155, 18.037889754022089 ], [ 76.59806713803151, 18.033028677535967 ], [ 76.610929408231826, 18.038941940396256 ], [ 76.603706638682539, 18.007291328012339 ], [ 76.617158342454601, 18.001327763850117 ], [ 76.678412671983637, 17.99629861483302 ], [ 76.689237285232778, 17.970195580653765 ], [ 76.673065674040259, 17.967120459938791 ], [ 76.67347331438873, 17.946794381199734 ], [ 76.681114484291157, 17.945892766707964 ], [ 76.673468386026187, 17.918869242665725 ], [ 76.723867090217709, 17.918339616757599 ], [ 76.725667222746978, 17.912514702820253 ], [ 76.737869556475403, 17.909789874464735 ], [ 76.741246460091631, 17.895398666330237 ], [ 76.738482098136501, 17.856681603862018 ], [ 76.751494033846015, 17.85813068595743 ], [ 76.767499531630463, 17.852127361929291 ], [ 76.790393674373291, 17.826334109842069 ], [ 76.782863181555513, 17.817917095291136 ], [ 76.778727582255883, 17.800480318278819 ], [ 76.766509885283114, 17.798468699814411 ], [ 76.762038480980152, 17.787017029019598 ], [ 76.74252507474371, 17.784223953075038 ], [ 76.744337252967213, 17.780339992947951 ], [ 76.740645773279738, 17.779464344585357 ], [ 76.720940140207759, 17.788057589418187 ], [ 76.714091360085717, 17.780940024291233 ], [ 76.711911879297034, 17.773267311565739 ], [ 76.721072016191684, 17.769497912192268 ], [ 76.718787053752735, 17.751479468427402 ], [ 76.724807294973331, 17.751102272180475 ], [ 76.728270824335013, 17.737560743309121 ], [ 76.699645934209101, 17.727249098804624 ], [ 76.704327461428335, 17.723013347927527 ], [ 76.703647830985119, 17.715620330042828 ], [ 76.701307383261621, 17.709070774496652 ], [ 76.692539731020318, 17.70672361177899 ], [ 76.690839905529089, 17.681004800024851 ], [ 76.674921480452241, 17.689993094246294 ], [ 76.664188804870136, 17.687560216817719 ], [ 76.655599022240708, 17.717854240374532 ], [ 76.633259464745535, 17.72822017042791 ], [ 76.628097448870179, 17.75064927851902 ], [ 76.631885035630688, 17.754641409001188 ], [ 76.613629260442508, 17.770853722143269 ], [ 76.605295882871999, 17.758644968948271 ], [ 76.601076795419743, 17.725860615719771 ], [ 76.58219995037048, 17.705270301093567 ], [ 76.570295438704832, 17.705405679108988 ], [ 76.563957234584478, 17.750833426249546 ], [ 76.572707742650536, 17.760539543730527 ], [ 76.561262418120918, 17.764619198082443 ], [ 76.523157528670325, 17.75976094100912 ], [ 76.527358755739911, 17.737843674592263 ], [ 76.523902163006326, 17.715152067333818 ], [ 76.500688408518144, 17.718418588291573 ], [ 76.487227644897516, 17.714763621363634 ], [ 76.48448767731557, 17.678511790279071 ], [ 76.489748724235739, 17.660499210248734 ], [ 76.452860283120913, 17.65579022000065 ], [ 76.454482841709051, 17.649786339328209 ], [ 76.441835401770987, 17.649308479200105 ], [ 76.445004676983928, 17.640951290056275 ], [ 76.435390124954239, 17.646261380802184 ], [ 76.414280094492909, 17.647077367889445 ], [ 76.403300484101294, 17.657236574172032 ], [ 76.378231017789602, 17.660813593709548 ], [ 76.378515475088662, 17.686664841365427 ], [ 76.363194428398288, 17.686606470062685 ], [ 76.356254063353219, 17.697852307949979 ], [ 76.338563358702473, 17.692746604263313 ], [ 76.320376414152022, 17.695967508528785 ], [ 76.316302448566333, 17.698252443903598 ], [ 76.315624703510679, 17.714841573104426 ], [ 76.294630094912904, 17.72978926519081 ], [ 76.267885717260313, 17.729543660640907 ], [ 76.254424215179, 17.716977177575711 ], [ 76.250119800836515, 17.705240830600072 ], [ 76.238476108228369, 17.705935286903269 ], [ 76.240145464033603, 17.697371772652286 ], [ 76.22264798850054, 17.699108196440253 ], [ 76.221929253117864, 17.687650758563102 ], [ 76.204540134781652, 17.689212615055727 ], [ 76.187904046811909, 17.683211925514179 ], [ 76.164700950732311, 17.693774571796425 ], [ 76.166358157617282, 17.699988358636855 ], [ 76.165039955796388, 17.700707888520018 ], [ 76.145893402516563, 17.699812719026507 ], [ 76.147106036995012, 17.716482214418104 ], [ 76.165275460885184, 17.714410518729352 ], [ 76.175170686984927, 17.729706293625991 ], [ 76.147401225649659, 17.734126297099252 ], [ 76.144066669768691, 17.75613901759484 ], [ 76.133447722736548, 17.755846295888524 ], [ 76.129325716617487, 17.767744556403194 ], [ 76.102655525970761, 17.765040426912851 ], [ 76.097283748258704, 17.777816067105999 ], [ 76.084498012916782, 17.777811504655464 ], [ 76.05954133587106, 17.769795263080137 ], [ 76.05350788309137, 17.76350991854838 ], [ 76.029542707686161, 17.765611629528866 ], [ 76.002652276374178, 17.750347325178957 ], [ 75.999488275094251, 17.756254681084641 ], [ 76.004899734784999, 17.786129116885895 ], [ 76.011258192461966, 17.787694104845095 ], [ 76.007806081505208, 17.800785154004963 ], [ 76.019801637174794, 17.828388894711264 ], [ 75.980564033072667, 17.843791051004242 ], [ 75.974875930716536, 17.841431107865546 ], [ 75.977439653303264, 17.82011165025677 ], [ 75.965981779009567, 17.818156427819343 ], [ 75.962180600261135, 17.831134935503535 ], [ 75.943028105689322, 17.844188814774043 ], [ 75.941086771257218, 17.852016651933923 ], [ 75.931810224212285, 17.851766117958093 ], [ 75.924741192841907, 17.833146748198018 ], [ 75.910984501704419, 17.832798340727269 ], [ 75.889490992720738, 17.844677108942093 ], [ 75.875014452448653, 17.846425132497654 ], [ 75.87244756787014, 17.85650376762726 ], [ 75.856137724744471, 17.868663776011552 ], [ 75.84469821354422, 17.891607888681552 ], [ 75.842187186072621, 17.902710562106087 ], [ 75.845945580739595, 17.903061653417723 ], [ 75.851256675163526, 17.922114993681298 ], [ 75.846279634006663, 17.931451919271858 ], [ 75.838085820177085, 17.932363453594583 ], [ 75.838305673895604, 17.959368510283863 ], [ 75.845066164237366, 17.977334010437488 ], [ 75.839602189734606, 17.981258264883458 ], [ 75.853055951475895, 18.009303838963415 ], [ 75.868075394035898, 18.011574491963927 ], [ 75.88384483055674, 18.004028668479879 ], [ 75.908402500515535, 18.003573257787689 ], [ 75.908686212093286, 17.988136025583248 ], [ 75.91781002643198, 17.97578021560351 ], [ 75.93016881297082, 17.973805351563076 ], [ 75.952260342802177, 17.978971019688647 ], [ 75.973987347179815, 17.971113076127278 ], [ 75.979714374532264, 17.97244631157842 ], [ 75.983294874277149, 17.993555863371665 ], [ 75.996387232705445, 17.995027125179572 ], [ 76.004076221632317, 18.028631635533319 ], [ 76.018724289848251, 18.042158975128789 ], [ 76.013829753724806, 18.053064922950945 ], [ 76.005596141665876, 18.050643120029207 ], [ 76.002628201787672, 18.056879933369959 ], [ 75.984439742945128, 18.053792487802529 ], [ 75.994177638996845, 18.069309584886973 ], [ 75.990255582138076, 18.069098993679972 ], [ 75.986659701502717, 18.088337015787538 ], [ 75.955590032961723, 18.085785572584157 ], [ 75.955323889833608, 18.100385361966048 ], [ 75.944971330458699, 18.107127143732061 ], [ 75.944069508839775, 18.119762561799714 ], [ 75.93788479680083, 18.126568130500516 ], [ 75.949855589547511, 18.139279171093552 ], [ 75.957092020846034, 18.161012553836475 ], [ 75.950798984358784, 18.172819171727667 ], [ 75.934057705503591, 18.183953558484621 ], [ 75.933878935713295, 18.191047756102066 ], [ 75.923280237325628, 18.193212276185964 ], [ 75.943405181506918, 18.24411540395462 ], [ 75.9287501651974, 18.258774005758827 ], [ 75.93017338205469, 18.27862198239097 ], [ 75.924320927861459, 18.303434381479512 ], [ 75.903336978341457, 18.327661842120449 ], [ 75.895211003625903, 18.358656202048149 ], [ 75.878644619176825, 18.365294062830266 ], [ 75.858316594192459, 18.35885664283413 ], [ 75.856789657813238, 18.362536401320764 ], [ 75.840196223310528, 18.364071393635758 ], [ 75.823819792423095, 18.379523738047517 ], [ 75.797286926531868, 18.380464399924815 ], [ 75.795640063900336, 18.388402256264023 ], [ 75.780151285733865, 18.396001946548694 ], [ 75.783028206779491, 18.400386673476842 ], [ 75.770780031050535, 18.40859441036044 ], [ 75.76240652905669, 18.440492706472373 ], [ 75.767991377805302, 18.450992638232623 ], [ 75.750320712709552, 18.435420780513358 ], [ 75.723651295480494, 18.433542076234662 ], [ 75.706444413054996, 18.396293920874271 ], [ 75.710781029185256, 18.390328025575485 ], [ 75.725180175368649, 18.386811584058481 ], [ 75.729765141079525, 18.361750989406847 ], [ 75.718946308401868, 18.346843422698353 ], [ 75.718042310739804, 18.337336843373123 ], [ 75.705207846173138, 18.338889353866445 ], [ 75.69654182172799, 18.327126092568012 ], [ 75.682468737806531, 18.323943368781102 ], [ 75.653379857541211, 18.333116567574343 ], [ 75.647991744038634, 18.330380377607529 ], [ 75.613813427535902, 18.271411823014816 ], [ 75.629697375510503, 18.265887580902174 ], [ 75.627233052507776, 18.241073122826059 ], [ 75.587574763817884, 18.254392935603775 ], [ 75.583417906710778, 18.245889467345545 ], [ 75.568476531085039, 18.235789853917879 ], [ 75.56121307447539, 18.20312251434175 ], [ 75.548566928571972, 18.204493197696181 ], [ 75.553659230497914, 18.189460466717684 ], [ 75.544069549873058, 18.177286306139969 ], [ 75.542438393981001, 18.149235749713956 ], [ 75.531119825780763, 18.133643829257711 ], [ 75.525406349211067, 18.130909025154502 ], [ 75.514518198296471, 18.139604880598213 ], [ 75.516550984219293, 18.146087450188897 ], [ 75.499785170373158, 18.157060571096618 ], [ 75.487516752004439, 18.151753471665259 ], [ 75.486510337468204, 18.173824233609977 ], [ 75.461145980369963, 18.170195442413114 ], [ 75.459268854205419, 18.165305029471483 ], [ 75.466006551850811, 18.164756440565974 ], [ 75.46186611723067, 18.159260874553496 ], [ 75.446049497410399, 18.172275472327694 ], [ 75.428857254165706, 18.174905483476561 ], [ 75.426011636509358, 18.184377728481085 ], [ 75.438367942794358, 18.205366392021467 ], [ 75.425724674798658, 18.215041216041428 ], [ 75.427514377164229, 18.231000020943767 ], [ 75.419725585112246, 18.238057749040866 ], [ 75.429058768544209, 18.24746262217155 ], [ 75.429318605955757, 18.261332146435404 ], [ 75.394403399602098, 18.263828153173375 ], [ 75.396500635666598, 18.281657284536163 ], [ 75.393247112530958, 18.286206033698406 ], [ 75.400521880740698, 18.296725606328231 ], [ 75.391538435867218, 18.307278616697026 ], [ 75.402487232751895, 18.316587142769404 ], [ 75.398148397319986, 18.32331391926067 ], [ 75.403256350248952, 18.328616964957241 ], [ 75.386970783669767, 18.327754626425119 ], [ 75.382160357903459, 18.343322487654767 ], [ 75.362868719844386, 18.356998613595191 ], [ 75.358311263548231, 18.36843913189168 ], [ 75.33633693066048, 18.380736492675098 ], [ 75.333447138092907, 18.389334104133546 ], [ 75.327792227148251, 18.384704185102027 ], [ 75.322796106094799, 18.393258734063735 ], [ 75.313955085703242, 18.395064234742019 ], [ 75.306622897380009, 18.389199722844399 ], [ 75.299255064295593, 18.399330996301476 ], [ 75.285728643236141, 18.405348702840726 ], [ 75.285140812975385, 18.418045939484994 ], [ 75.301210643853963, 18.430758353134955 ], [ 75.296587782637602, 18.45704532389815 ], [ 75.30318054738413, 18.478732670308236 ], [ 75.296368206438174, 18.496232614789893 ], [ 75.30344929537533, 18.508008070315569 ], [ 75.310017546345989, 18.508480639838293 ], [ 75.313119909996786, 18.520283062601703 ], [ 75.329727921661856, 18.523644722388429 ], [ 75.329621734035868, 18.537804614507436 ], [ 75.342677399801588, 18.560902561563982 ], [ 75.394494221808259, 18.543726294882013 ], [ 75.414831474209066, 18.530589828436216 ], [ 75.434693009534129, 18.552594141149395 ], [ 75.452381365991627, 18.596953061093359 ], [ 75.458890341765823, 18.594767544159552 ], [ 75.461643400490487, 18.605686934201835 ], [ 75.4861357076568, 18.619336203844991 ], [ 75.48820293056086, 18.626302545141385 ], [ 75.499210029012275, 18.620689342000986 ], [ 75.507021695051407, 18.623135600751326 ], [ 75.521347623025733, 18.639203536261583 ], [ 75.540089611891645, 18.639060065557619 ], [ 75.547540877783888, 18.653333788830608 ], [ 75.539702625053366, 18.657956196042896 ], [ 75.544413695260374, 18.681526429135413 ], [ 75.581284815286637, 18.683868052550825 ], [ 75.5852459932008, 18.698170643247902 ] ] ] ] } },
{ "type": "Feature", "properties": { "District": "PALGHAR" }, "geometry": { "type": "Polygon", "coordinates": [ [ [ 72.87442916522771, 20.226386518577357 ], [ 72.889613262162612, 20.22023741086949 ], [ 72.89941544332531, 20.227840816379654 ], [ 72.961984155017944, 20.210046444153093 ], [ 72.961937141246821, 20.183460015413392 ], [ 72.976878858178409, 20.178649986998604 ], [ 72.974403063273428, 20.160246055719657 ], [ 72.961582230850937, 20.13709847178573 ], [ 72.963583967295719, 20.126037205696878 ], [ 72.977355466355888, 20.11278002833556 ], [ 72.991818263470364, 20.117696959175099 ], [ 72.997504267486363, 20.142762566638396 ], [ 73.010936439661705, 20.134601755295311 ], [ 73.012619766970502, 20.128935102495028 ], [ 72.999609916775569, 20.123021899570652 ], [ 73.000738015011279, 20.112303456926082 ], [ 73.043169618185544, 20.065191696427316 ], [ 73.051056697024379, 20.064650544044618 ], [ 73.05519026298083, 20.099871017166649 ], [ 73.063692882888873, 20.099586649788968 ], [ 73.083548113489115, 20.09117393788619 ], [ 73.102262585298064, 20.091236959177046 ], [ 73.106061084857103, 20.074165104333279 ], [ 73.111983080333246, 20.071174836075201 ], [ 73.114340301528642, 20.076238898330217 ], [ 73.124102963684251, 20.077967458440916 ], [ 73.125500285596971, 20.083495763233636 ], [ 73.130706716620665, 20.081750174015191 ], [ 73.136385080871079, 20.086367098802413 ], [ 73.137070680999557, 20.079126834432696 ], [ 73.142466855893232, 20.080304702902914 ], [ 73.146689479681399, 20.073855819090479 ], [ 73.149190182515113, 20.078999745494169 ], [ 73.154643718364738, 20.075760535298492 ], [ 73.151854904254833, 20.072560752054581 ], [ 73.156438977600644, 20.06352156586507 ], [ 73.165127324128051, 20.055241707376403 ], [ 73.176632110716454, 20.05195395260942 ], [ 73.177983018287691, 20.047032092798744 ], [ 73.190922130911304, 20.049592525238992 ], [ 73.192096360451956, 20.054706112063027 ], [ 73.186148558645229, 20.059170704592471 ], [ 73.188529008039481, 20.078103152037318 ], [ 73.196914427623042, 20.075939539556892 ], [ 73.209523624696502, 20.084999532319067 ], [ 73.213898801214839, 20.118991545436099 ], [ 73.208426354868664, 20.120061536196108 ], [ 73.217007853353735, 20.128609307868132 ], [ 73.217926692557455, 20.136645680608463 ], [ 73.22488376386228, 20.140196961290691 ], [ 73.224255859490128, 20.124381865379593 ], [ 73.245074987681761, 20.127836777846753 ], [ 73.252656177318926, 20.11268705386059 ], [ 73.268809046776894, 20.108719175265442 ], [ 73.271106781935671, 20.095332463599927 ], [ 73.293475125417487, 20.098064967628698 ], [ 73.313192453750048, 20.091443826618811 ], [ 73.306557301544558, 20.056621830291132 ], [ 73.313726373863588, 20.049096631509297 ], [ 73.329282326545481, 20.041913816199749 ], [ 73.332090553064731, 20.045614243620108 ], [ 73.345980446819468, 20.036106302111676 ], [ 73.357653411830483, 20.039913657562977 ], [ 73.363460936620584, 20.033673334620563 ], [ 73.366058831563436, 20.019325504201419 ], [ 73.379933204797297, 20.020863138032805 ], [ 73.391988452425323, 20.014099778853826 ], [ 73.4063930155707, 20.017018727472916 ], [ 73.415033122789993, 20.012174598400101 ], [ 73.416038962196254, 19.999457895768018 ], [ 73.431995646032092, 19.982105645572602 ], [ 73.450768994490289, 19.984785558740331 ], [ 73.448989558438086, 19.966629099242951 ], [ 73.456112330359247, 19.95935896463023 ], [ 73.449214770617587, 19.953689976203133 ], [ 73.439802941901235, 19.955934945152347 ], [ 73.439251065312263, 19.934650923531535 ], [ 73.422706694846568, 19.916648667254655 ], [ 73.436255204546157, 19.872418879394203 ], [ 73.417619241157595, 19.867681889679154 ], [ 73.414897146375679, 19.859982121447821 ], [ 73.420517859605482, 19.834803964158667 ], [ 73.441868970556229, 19.827343375051967 ], [ 73.439287387481187, 19.807226963585492 ], [ 73.443811548298186, 19.804804550508894 ], [ 73.442490482346798, 19.786447458607523 ], [ 73.447616116216665, 19.768797766242507 ], [ 73.47835788656468, 19.759877514349018 ], [ 73.495948267636706, 19.76201989966577 ], [ 73.503797372132524, 19.747902133491813 ], [ 73.499311693831814, 19.737086124469045 ], [ 73.502796272083017, 19.732583142459813 ], [ 73.485014351802107, 19.728970801488355 ], [ 73.485360278632299, 19.725617018243909 ], [ 73.475672888627301, 19.731483264852461 ], [ 73.475446310600717, 19.723724521120314 ], [ 73.464499154186342, 19.718221190313496 ], [ 73.456591375279942, 19.72351008522406 ], [ 73.455091992373411, 19.714411004937858 ], [ 73.445986948844663, 19.717193883151459 ], [ 73.439212747919299, 19.708641885236652 ], [ 73.433419510134726, 19.710764432829517 ], [ 73.429851581744231, 19.702144916309688 ], [ 73.414647648912563, 19.708726029621946 ], [ 73.414853106527119, 19.697444925775152 ], [ 73.403969327604912, 19.701098482708609 ], [ 73.386274432292794, 19.695497435032706 ], [ 73.382563555202921, 19.700077284150652 ], [ 73.379988173342426, 19.689394735448428 ], [ 73.368307302043974, 19.690470667736051 ], [ 73.367526390427614, 19.686800703416878 ], [ 73.358831134362802, 19.686884052617092 ], [ 73.349035570422728, 19.695251687029515 ], [ 73.330814281365789, 19.695138106277309 ], [ 73.319325133545519, 19.673553754464173 ], [ 73.310840152215732, 19.673612209233657 ], [ 73.30136173267806, 19.689464257348479 ], [ 73.283737603244631, 19.691086584199542 ], [ 73.275398967650005, 19.668480462653996 ], [ 73.271040995848551, 19.667149989460754 ], [ 73.272427727380631, 19.654476326691491 ], [ 73.267470940251854, 19.651901561400773 ], [ 73.279451697143386, 19.639467064161639 ], [ 73.283663129529472, 19.626266488839111 ], [ 73.276841488987515, 19.62431117841869 ], [ 73.256109710005916, 19.631796068265214 ], [ 73.247307554973517, 19.610278094319845 ], [ 73.234030051254194, 19.616572876399182 ], [ 73.227062427791452, 19.603097026162331 ], [ 73.194483145417593, 19.600017298308707 ], [ 73.204329080961656, 19.579095809790079 ], [ 73.20405956100322, 19.569715122888194 ], [ 73.211060282591944, 19.562386377307075 ], [ 73.207901818746436, 19.556499581886843 ], [ 73.179416175663079, 19.537836187893561 ], [ 73.168011979071977, 19.522471069942654 ], [ 73.133375222300415, 19.516678789174989 ], [ 73.129565917784134, 19.510892964886697 ], [ 73.133106304155163, 19.501168071 ], [ 73.100463337053313, 19.495618586630169 ], [ 73.072616368862882, 19.479179929465971 ], [ 73.057086060231967, 19.478980080454093 ], [ 73.048118174766401, 19.493171783773835 ], [ 73.036276084572918, 19.49728672102589 ], [ 73.027497104361785, 19.49116647787903 ], [ 73.017152648641641, 19.507013788900128 ], [ 73.003580819407887, 19.503626685491852 ], [ 72.999936159159446, 19.495944854876107 ], [ 72.988456453783513, 19.489850903342976 ], [ 72.995484207559613, 19.478808289476763 ], [ 72.99393392257987, 19.466761144274706 ], [ 73.020452852749443, 19.446847925117158 ], [ 72.986998123752429, 19.412115707813413 ], [ 72.981021380885181, 19.413744397287157 ], [ 72.976971768742303, 19.398675525517429 ], [ 72.959900846439012, 19.398770962754487 ], [ 72.962205037237979, 19.38559364269863 ], [ 72.949272303270632, 19.379270455150483 ], [ 72.941895125691261, 19.332238529191709 ], [ 72.944929930695707, 19.312875638233589 ], [ 72.955214459086832, 19.300333791111175 ], [ 72.943137044409866, 19.297095151251263 ], [ 72.932320059631081, 19.287193240871559 ], [ 72.902243463653946, 19.289686224354988 ], [ 72.871610072283019, 19.322015508757616 ], [ 72.830849475125191, 19.328520982274426 ], [ 72.827100010133705, 19.335719633131333 ], [ 72.820460578964898, 19.329059587782911 ], [ 72.800190665729218, 19.323847113788549 ], [ 72.766103996535151, 19.365837568931315 ], [ 72.759458591991958, 19.369332107141734 ], [ 72.756842738990471, 19.363994567166941 ], [ 72.747890384192246, 19.370239479795188 ], [ 72.744438626636295, 19.378819455549429 ], [ 72.752557377340835, 19.378754455007353 ], [ 72.759926912080687, 19.392709663816273 ], [ 72.753629815738563, 19.430051933832917 ], [ 72.74313773402011, 19.458378220560594 ], [ 72.749547672845267, 19.489269325763829 ], [ 72.744131730492825, 19.499384840588142 ], [ 72.719731947254402, 19.50076646318378 ], [ 72.716058118829309, 19.519955176554721 ], [ 72.722383683646598, 19.523397796729071 ], [ 72.721825281333082, 19.533328588334378 ], [ 72.711090411228867, 19.540783500364071 ], [ 72.717586364915519, 19.564573069954942 ], [ 72.710119176195121, 19.571680172623882 ], [ 72.714723365915759, 19.581612566698475 ], [ 72.708909282345104, 19.598764182586571 ], [ 72.718228316164385, 19.597762225200523 ], [ 72.725343316389996, 19.609571401715893 ], [ 72.722883433820442, 19.617580706841398 ], [ 72.710302581063857, 19.622709439186497 ], [ 72.71900254249195, 19.629986882461896 ], [ 72.707327433924348, 19.638328510404151 ], [ 72.69913400367038, 19.66147880555096 ], [ 72.700997680772119, 19.684842767046742 ], [ 72.707705173610009, 19.693068143298877 ], [ 72.708143651190099, 19.703810726551239 ], [ 72.697074360457862, 19.719244713580185 ], [ 72.675523613706432, 19.715713268192147 ], [ 72.672571595063815, 19.722553110819302 ], [ 72.67792008753645, 19.750071453848022 ], [ 72.671854826481834, 19.761479768220067 ], [ 72.675869102638003, 19.765025868868424 ], [ 72.682936045672534, 19.760543200485561 ], [ 72.68284783220993, 19.793488516428244 ], [ 72.671316739591731, 19.813643070307638 ], [ 72.665695930587233, 19.813870119702607 ], [ 72.667683222190973, 19.801324254052787 ], [ 72.653980620776267, 19.810937674292443 ], [ 72.651404303368011, 19.83162945058055 ], [ 72.641990562896467, 19.84398236099717 ], [ 72.647158181025546, 19.847369716815972 ], [ 72.648055827312106, 19.870054678637615 ], [ 72.655486200585017, 19.861907932958694 ], [ 72.680271670903394, 19.864896239023377 ], [ 72.680620658494874, 19.900638177844368 ], [ 72.674703824318357, 19.903393856772919 ], [ 72.678802564916424, 19.920742144933591 ], [ 72.664216016711933, 19.933488835911607 ], [ 72.681563932572431, 19.94224027939206 ], [ 72.689446750898739, 19.957356065083498 ], [ 72.721975820080871, 19.970623770423529 ], [ 72.716642175783562, 19.973177146590849 ], [ 72.721059362953227, 19.996397399118639 ], [ 72.712761797505664, 20.022490266525928 ], [ 72.715095498069999, 20.03712254348418 ], [ 72.707883790001262, 20.070025487355558 ], [ 72.710465230677954, 20.078186439432777 ], [ 72.72601308179388, 20.079904607822495 ], [ 72.738765837247968, 20.117675181476333 ], [ 72.74658518723956, 20.116141608997456 ], [ 72.744074461413305, 20.124134403826051 ], [ 72.737143249895809, 20.12720813791061 ], [ 72.73767113487429, 20.134335786906593 ], [ 72.762693052853223, 20.129821230279877 ], [ 72.774805373161868, 20.132145758790905 ], [ 72.794113626570734, 20.123340561555626 ], [ 72.785270953366904, 20.145121865527674 ], [ 72.788623880646981, 20.149323768091357 ], [ 72.8058469417212, 20.154469725789529 ], [ 72.824469870634843, 20.142021711791038 ], [ 72.822369356850174, 20.154983986168116 ], [ 72.816322100242857, 20.156685103785943 ], [ 72.820090279883757, 20.175419527405246 ], [ 72.816036063584463, 20.184444405176947 ], [ 72.83695244178584, 20.188456899843381 ], [ 72.830889927894361, 20.196767054029579 ], [ 72.839031626852773, 20.209126539926622 ], [ 72.861184744071721, 20.207610561004245 ], [ 72.858736594020144, 20.224742455918374 ], [ 72.87442916522771, 20.226386518577357 ] ] ] } },
{ "type": "Feature", "properties": { "District": "PARBHANI" }, "geometry": { "type": "Polygon", "coordinates": [ [ [ 76.592850231065341, 19.83048644753304 ], [ 76.605392800010705, 19.810472199915779 ], [ 76.596705025891367, 19.800408414841623 ], [ 76.60998339748383, 19.791816123110113 ], [ 76.592849586636746, 19.784433112099677 ], [ 76.596315006284527, 19.777154674397352 ], [ 76.605052633112564, 19.775076361661036 ], [ 76.627311629673216, 19.784012389612418 ], [ 76.622880927266905, 19.798977521879376 ], [ 76.627374399874242, 19.804057131018848 ], [ 76.632284634011199, 19.803105054321076 ], [ 76.639497141782115, 19.789528872415051 ], [ 76.641991106484298, 19.773697639673046 ], [ 76.669317194682904, 19.775484552437071 ], [ 76.686609745473135, 19.767907372639666 ], [ 76.686053940992167, 19.757631364724986 ], [ 76.6911819483648, 19.755043714755345 ], [ 76.708323323661119, 19.770057260547485 ], [ 76.716878201253991, 19.768880043397651 ], [ 76.723850859137954, 19.74962510541479 ], [ 76.719926261612855, 19.741102312539123 ], [ 76.738896065963075, 19.729443065587144 ], [ 76.732349645294335, 19.714241307723107 ], [ 76.743736745067636, 19.71130983399696 ], [ 76.748791660381428, 19.696925814719297 ], [ 76.760691152491901, 19.685416655194576 ], [ 76.772127217746444, 19.695697923613583 ], [ 76.767230806204893, 19.719150981086095 ], [ 76.781354085379618, 19.732845999136412 ], [ 76.789623495430334, 19.722327007018219 ], [ 76.782893435305724, 19.703663829437193 ], [ 76.785901011784262, 19.676212256762568 ], [ 76.791047810263038, 19.670441030264747 ], [ 76.80716133223666, 19.683022308264334 ], [ 76.818939048498919, 19.670576086704735 ], [ 76.823195838234952, 19.672630985959472 ], [ 76.824041885393072, 19.68581796016581 ], [ 76.813409531160772, 19.700472793401381 ], [ 76.8192220893757, 19.706850466904463 ], [ 76.840266598394891, 19.702521354348853 ], [ 76.849636599450889, 19.706732163974628 ], [ 76.863573691702783, 19.676140114030442 ], [ 76.849630187899379, 19.66224532590137 ], [ 76.850326522657994, 19.651068242239536 ], [ 76.856714368645939, 19.645644761077563 ], [ 76.870316238308931, 19.646589635171129 ], [ 76.875329625806415, 19.637002230831381 ], [ 76.867135396488237, 19.624042472078248 ], [ 76.876989247082463, 19.620939299051635 ], [ 76.898118122199577, 19.643496466176934 ], [ 76.907973926922025, 19.645271910175889 ], [ 76.914146009007126, 19.639478712591711 ], [ 76.914665943805957, 19.617563166347885 ], [ 76.926197470760286, 19.616448236489148 ], [ 76.930032343940937, 19.611072078664836 ], [ 76.926301962753143, 19.6112170230322 ], [ 76.924660322213114, 19.598231321023949 ], [ 76.916178117914214, 19.598034242336318 ], [ 76.904461871205768, 19.590293344238781 ], [ 76.903378302755527, 19.584576151281738 ], [ 76.892692009295985, 19.582528979269838 ], [ 76.88890492167387, 19.560261989128847 ], [ 76.88181337519454, 19.550594097986739 ], [ 76.885190164562914, 19.549732890473873 ], [ 76.882631814684444, 19.533748337100437 ], [ 76.85699293953337, 19.535493097639502 ], [ 76.855717581835364, 19.523736607728793 ], [ 76.855484242765456, 19.505150697448979 ], [ 76.86047843172777, 19.504507304375039 ], [ 76.856086377852307, 19.491510588079098 ], [ 76.865937518367716, 19.477600216795853 ], [ 76.866064959344769, 19.468234094657284 ], [ 76.887598879074062, 19.462059733023427 ], [ 76.886442727601008, 19.456875543547525 ], [ 76.873781909323895, 19.454163409035345 ], [ 76.865055328041962, 19.439013901210462 ], [ 76.895874806547781, 19.428943265260024 ], [ 76.900719548889342, 19.445877877191993 ], [ 76.920741915520466, 19.443058556007376 ], [ 76.925245386532211, 19.437395801907353 ], [ 76.921874295883129, 19.426296717357143 ], [ 76.915997845772139, 19.424014165248714 ], [ 76.919700073806737, 19.415299500616818 ], [ 76.91137622192764, 19.41190211152114 ], [ 76.90058045675795, 19.387397219530527 ], [ 76.892145053585608, 19.379126986517324 ], [ 76.889508269408765, 19.350194703004636 ], [ 76.900476454801662, 19.338673730897021 ], [ 76.900587710655799, 19.342979393448434 ], [ 76.916056718314522, 19.338587040989989 ], [ 76.908621462878997, 19.331998475555803 ], [ 76.899541481625036, 19.333242704168544 ], [ 76.898355648796894, 19.320621996211745 ], [ 76.889294903955715, 19.32273027805692 ], [ 76.888714291238983, 19.317851206391005 ], [ 76.894444076471956, 19.316582801440145 ], [ 76.891161082111665, 19.308029750009993 ], [ 76.900678950921744, 19.298233773736303 ], [ 76.922705891605119, 19.298304072207046 ], [ 76.922904903080678, 19.310249487242121 ], [ 76.936508452009591, 19.307804764935806 ], [ 76.939168877155936, 19.314473686330228 ], [ 76.956208356152061, 19.32041770690812 ], [ 76.980222370855586, 19.319701927010218 ], [ 76.986603523686881, 19.308242472498605 ], [ 76.985881678453438, 19.288507060954146 ], [ 76.990083088092732, 19.287830036574427 ], [ 76.989340611164863, 19.280965746887265 ], [ 76.993833784906627, 19.280773766909633 ], [ 76.995226437634699, 19.275103024138968 ], [ 77.000473289843086, 19.272820487276405 ], [ 77.002360782357812, 19.282961011361742 ], [ 77.022088614455811, 19.285186778377998 ], [ 77.022046407462, 19.277734188045592 ], [ 77.010486679784876, 19.274023894789593 ], [ 77.009751919358479, 19.269862927861446 ], [ 77.011672519772233, 19.253858453737763 ], [ 77.024628424776068, 19.247663869400455 ], [ 77.04041022869724, 19.245634569960639 ], [ 77.051215393073974, 19.252272495740968 ], [ 77.078354355725153, 19.257302630403789 ], [ 77.087499126362744, 19.253169766883865 ], [ 77.088454888331057, 19.240242600351753 ], [ 77.098307035668213, 19.235794951931599 ], [ 77.125856804085444, 19.237132033575197 ], [ 77.14038366131453, 19.225776383235051 ], [ 77.154410500322385, 19.221780562019898 ], [ 77.163012785544538, 19.232454906746419 ], [ 77.178883764558677, 19.226265969658868 ], [ 77.176004614622229, 19.211125636991461 ], [ 77.181227702445881, 19.195920146395306 ], [ 77.177038168946183, 19.167563988160222 ], [ 77.19177660491458, 19.163872975118505 ], [ 77.191577276932449, 19.136532031155564 ], [ 77.187229196826124, 19.130552183513483 ], [ 77.180011671411464, 19.131529692079287 ], [ 77.175198275693958, 19.121544807294359 ], [ 77.164149850355386, 19.120486534930002 ], [ 77.162426153812589, 19.094182101348061 ], [ 77.142782341198142, 19.07225568507296 ], [ 77.134681470697743, 19.070866957927478 ], [ 77.122223190778584, 19.078949720559994 ], [ 77.095126212009191, 19.066554524224532 ], [ 77.089829062089677, 19.068889083498309 ], [ 77.086380653818281, 19.085974284913888 ], [ 77.10373063365904, 19.099776160679586 ], [ 77.100306995647088, 19.108916934837424 ], [ 77.083978253300273, 19.109506832860056 ], [ 77.073936060981296, 19.08411613193503 ], [ 77.062183786230065, 19.06928049410401 ], [ 77.066636414487817, 19.044987361946724 ], [ 77.064373931919576, 19.031756314251389 ], [ 77.043258066012072, 19.03129401912965 ], [ 77.041189909563769, 19.005138295137829 ], [ 77.055680883366463, 18.999336717512605 ], [ 77.05644275470091, 18.988499063501745 ], [ 77.037178046087107, 18.968120083438176 ], [ 77.035788662925427, 18.952657543207732 ], [ 77.032617546868565, 18.953628792296499 ], [ 77.022779262876313, 18.932471065749077 ], [ 77.009378505910689, 18.933626149007381 ], [ 77.006052519452737, 18.929260212327595 ], [ 76.988672606942814, 18.935768799943759 ], [ 76.982911795853212, 18.914413984299571 ], [ 76.977978782753297, 18.912430594572033 ], [ 76.973878595681626, 18.924539061375118 ], [ 76.955814964972632, 18.933777082042614 ], [ 76.947895481093056, 18.927586321277907 ], [ 76.947483402655209, 18.908146104482679 ], [ 76.929647096471058, 18.90138722678676 ], [ 76.933174832598979, 18.894178611793631 ], [ 76.954358396676355, 18.892027933941549 ], [ 76.952439757038306, 18.873937280102652 ], [ 76.979691668895711, 18.880157234599512 ], [ 77.01494202282413, 18.879826189521314 ], [ 77.019535558061193, 18.843671346884374 ], [ 77.008351403016505, 18.84309073869894 ], [ 76.990099736426316, 18.828685793555096 ], [ 76.969302522176491, 18.828518558428705 ], [ 76.955885311244813, 18.834161446600231 ], [ 76.936940785788565, 18.832153565770142 ], [ 76.906821022476336, 18.839166520606099 ], [ 76.866941491107411, 18.830192570779779 ], [ 76.863582944827229, 18.81800075379703 ], [ 76.860201184198843, 18.823319605543748 ], [ 76.853375695943313, 18.818875505420412 ], [ 76.853517314432722, 18.806972100195683 ], [ 76.8456784294344, 18.807822406362952 ], [ 76.844120776182791, 18.812916790548517 ], [ 76.828418103804836, 18.812142086906398 ], [ 76.811567852661696, 18.799906772120067 ], [ 76.801595400607354, 18.802439087595623 ], [ 76.783401139923953, 18.796790163574922 ], [ 76.777346878362493, 18.776082017131539 ], [ 76.742820949657698, 18.775695908810274 ], [ 76.737110197657671, 18.759870529353964 ], [ 76.732836915937739, 18.759853534548306 ], [ 76.73502474370359, 18.754115219195505 ], [ 76.72905295937079, 18.749932356072883 ], [ 76.697777871505338, 18.756226134114652 ], [ 76.697931664523239, 18.759489208905382 ], [ 76.683034303705583, 18.759323619113491 ], [ 76.680194770404881, 18.752068460854694 ], [ 76.674627559019427, 18.756101900157859 ], [ 76.670315948276098, 18.763253332488443 ], [ 76.681777864168254, 18.779282036928471 ], [ 76.672589774165175, 18.789528260255409 ], [ 76.671199255333846, 18.813507061978932 ], [ 76.663805437510149, 18.820434004898207 ], [ 76.642867781742765, 18.821909166194093 ], [ 76.638188637645413, 18.839016282983689 ], [ 76.64217696400334, 18.847958699858385 ], [ 76.628453852321812, 18.846791294861184 ], [ 76.620329956043037, 18.85640149800204 ], [ 76.620717038044475, 18.867930211707296 ], [ 76.586472876272424, 18.868103295098951 ], [ 76.581834225234431, 18.872483897294693 ], [ 76.583218876768115, 18.942778654853065 ], [ 76.56355247529217, 18.948798928168561 ], [ 76.536856463222406, 18.949028713722981 ], [ 76.53258681719079, 18.923957261579901 ], [ 76.535631255602695, 18.917901490233543 ], [ 76.520525655838696, 18.918218752185449 ], [ 76.510200620176917, 18.924437778801995 ], [ 76.502599312320825, 18.949380408581447 ], [ 76.477992504635438, 18.953337632438224 ], [ 76.472957542162689, 18.963436316230233 ], [ 76.477359551183909, 18.975296962904906 ], [ 76.469364225146435, 18.976468710518809 ], [ 76.468655042723853, 18.983314936878308 ], [ 76.477661477589351, 18.988482710577188 ], [ 76.479751701060167, 19.001171774854615 ], [ 76.45602929821537, 19.008321362965443 ], [ 76.453378356812649, 19.024608152007435 ], [ 76.448313082894074, 19.024494247772708 ], [ 76.449155079810325, 19.034722789181011 ], [ 76.438304957914966, 19.042369550992372 ], [ 76.438214728369388, 19.048758581912242 ], [ 76.451694914987215, 19.050864796835995 ], [ 76.432949388068081, 19.072857334801444 ], [ 76.437403492953123, 19.087712773618851 ], [ 76.432096538967741, 19.095924805010096 ], [ 76.424999696351065, 19.098314344067894 ], [ 76.419929914545719, 19.091503708585222 ], [ 76.411595871860058, 19.091336791829324 ], [ 76.392564989865122, 19.113525889395397 ], [ 76.388836313494394, 19.125184020912357 ], [ 76.378698565445518, 19.130804442022114 ], [ 76.369196099358874, 19.1275934526886 ], [ 76.358831401036895, 19.108298704585749 ], [ 76.348483945199604, 19.099790877573561 ], [ 76.335964713223646, 19.099191201162721 ], [ 76.32204189932493, 19.107315441826366 ], [ 76.318978037248741, 19.115592610516341 ], [ 76.328920074346456, 19.121691957155491 ], [ 76.332853041497174, 19.136450079680124 ], [ 76.352528200077359, 19.144919982555731 ], [ 76.360627427623427, 19.155986299541816 ], [ 76.35425008710321, 19.167200009326116 ], [ 76.357586902017104, 19.182589212774097 ], [ 76.350702745667817, 19.193830939500963 ], [ 76.363437194417159, 19.215716667233067 ], [ 76.363724614528849, 19.233911608978513 ], [ 76.359196452542804, 19.240838326907298 ], [ 76.339946118390884, 19.251839331551839 ], [ 76.320942815422654, 19.254223917032192 ], [ 76.308573159967665, 19.264289741830389 ], [ 76.284564167066947, 19.265899406767669 ], [ 76.259460250511765, 19.253711272613081 ], [ 76.250122091756893, 19.241191265723241 ], [ 76.24052599084358, 19.245450519556702 ], [ 76.224652295365928, 19.243075994907095 ], [ 76.22538513904702, 19.257480680774854 ], [ 76.213523345335304, 19.26121597304634 ], [ 76.207417150377466, 19.276763099460204 ], [ 76.218689119708273, 19.293004674932231 ], [ 76.2070798756518, 19.29984669662932 ], [ 76.211178351433048, 19.318997383992357 ], [ 76.230208540862662, 19.313469064396759 ], [ 76.236824233075183, 19.317928067005706 ], [ 76.239481894038065, 19.336554524691909 ], [ 76.263309440097117, 19.333867786488259 ], [ 76.2754850800154, 19.34437981356222 ], [ 76.257421418907683, 19.356644486099778 ], [ 76.261754408747052, 19.366934853723389 ], [ 76.282799400485857, 19.365617813140542 ], [ 76.290020835939089, 19.394132739736449 ], [ 76.284387136503568, 19.397382934414232 ], [ 76.288835327434654, 19.433074151621476 ], [ 76.301401254815488, 19.431781509344528 ], [ 76.313229888525186, 19.466700103556011 ], [ 76.322642475179379, 19.457168154482993 ], [ 76.335930206021146, 19.453651635621497 ], [ 76.339920260115235, 19.455327018367711 ], [ 76.342826955160092, 19.472854278314522 ], [ 76.364217272407132, 19.470800284709426 ], [ 76.376129861902299, 19.507153366167724 ], [ 76.368368536791408, 19.509348759272314 ], [ 76.37572311642802, 19.536952668761895 ], [ 76.391999681765625, 19.531442467681241 ], [ 76.395676535666738, 19.541123123077071 ], [ 76.415563799019637, 19.534009436827873 ], [ 76.442142380411553, 19.541564335044463 ], [ 76.447937277506824, 19.58474079656601 ], [ 76.436495284188382, 19.586948484448261 ], [ 76.437773051077286, 19.600179838533148 ], [ 76.432369351396829, 19.602155154013033 ], [ 76.441612241395887, 19.613393707460656 ], [ 76.450875273364375, 19.614284010924155 ], [ 76.456259576308852, 19.636763899248987 ], [ 76.453612194466771, 19.640919500355011 ], [ 76.444659064312518, 19.640662106960196 ], [ 76.449402227510788, 19.659678086399776 ], [ 76.452560057361126, 19.666518323641689 ], [ 76.465456781477442, 19.665618768684798 ], [ 76.470167961118818, 19.679176763928215 ], [ 76.481516852600947, 19.678054012287738 ], [ 76.487938232729107, 19.684184737858299 ], [ 76.483900414995688, 19.721435879642375 ], [ 76.459388613557579, 19.725191580126641 ], [ 76.4595433794331, 19.747253344846818 ], [ 76.483665277529454, 19.7448587113232 ], [ 76.488277252860769, 19.763721300691653 ], [ 76.510147308142777, 19.760823104352422 ], [ 76.512583906171059, 19.770509616979339 ], [ 76.486659892309888, 19.77924867610157 ], [ 76.482056817034021, 19.786662882281185 ], [ 76.48404480992879, 19.799749662510276 ], [ 76.51144652118596, 19.798969710258103 ], [ 76.512770465865657, 19.824132521538537 ], [ 76.535578709425522, 19.822643324923348 ], [ 76.539542028535536, 19.818102748336095 ], [ 76.554312803042109, 19.820751634158832 ], [ 76.563263213411304, 19.815329407952344 ], [ 76.569982401588859, 19.82671906266722 ], [ 76.592850231065341, 19.83048644753304 ] ] ] } },
{ "type": "Feature", "properties": { "District": "PUNE" }, "geometry": { "type": "Polygon", "coordinates": [ [ [ 73.800923682528605, 19.395124331810543 ], [ 73.837723628125772, 19.376037733630433 ], [ 73.842981773758851, 19.371098654071357 ], [ 73.840764489946594, 19.366314053294175 ], [ 73.853477315119051, 19.355551611237964 ], [ 73.8739677380796, 19.358681725845141 ], [ 73.885496649804608, 19.373620781089951 ], [ 73.903796688606249, 19.362198061598193 ], [ 73.912809989321076, 19.362369995981894 ], [ 73.926867297973857, 19.338712603894308 ], [ 73.937657589739089, 19.3389992972626 ], [ 73.943513285199174, 19.344537361681628 ], [ 73.945032374763343, 19.33970034624102 ], [ 73.95509152267897, 19.341734710866199 ], [ 73.953530697089946, 19.347527357586213 ], [ 73.969069481092163, 19.354038566494971 ], [ 73.972354445190149, 19.348978598118656 ], [ 73.995038227167626, 19.352431538610535 ], [ 73.999418768261634, 19.359437141675066 ], [ 74.001733933248289, 19.341403821791637 ], [ 74.011525666967145, 19.335301976181462 ], [ 74.019309576144849, 19.321469007587556 ], [ 74.017706201272006, 19.315233175209418 ], [ 74.025280006013915, 19.312008980627663 ], [ 74.019670204292225, 19.309711873240502 ], [ 74.025094685027739, 19.298926442014018 ], [ 74.018775741185991, 19.295595313655721 ], [ 74.005576562638993, 19.305141124624345 ], [ 74.00564752652275, 19.293596729942255 ], [ 74.015930454513011, 19.293946323124768 ], [ 74.019608294046947, 19.283767487920336 ], [ 74.023479050605999, 19.288651845558384 ], [ 74.02981988124283, 19.282907605127239 ], [ 74.023055728683119, 19.266717409677739 ], [ 74.032817912377723, 19.258178596177476 ], [ 74.030837221593231, 19.249733975078968 ], [ 74.044947989255377, 19.261923066446354 ], [ 74.049639102045575, 19.24355330007339 ], [ 74.060272172675013, 19.24586255152893 ], [ 74.071514876569523, 19.235449580764069 ], [ 74.089257791463339, 19.228208769178703 ], [ 74.093091325186776, 19.227958928619039 ], [ 74.085151025649296, 19.232865234791301 ], [ 74.083722225033696, 19.239069094929842 ], [ 74.113840350498592, 19.226090803772134 ], [ 74.115473874777152, 19.229927578724354 ], [ 74.125986710927336, 19.222388036076246 ], [ 74.151296410652861, 19.225729605342448 ], [ 74.157120139052154, 19.204229319334154 ], [ 74.165207542678544, 19.208065908121107 ], [ 74.168474511340619, 19.224150409728484 ], [ 74.188736464814468, 19.209537707974686 ], [ 74.219861444486881, 19.202865193909751 ], [ 74.230458022112785, 19.205273712945381 ], [ 74.246854260080113, 19.219285938976331 ], [ 74.256497334075277, 19.219864983251135 ], [ 74.260348724884508, 19.226463193283109 ], [ 74.316162953690096, 19.207837058305394 ], [ 74.299863801694329, 19.189025951728595 ], [ 74.273614039420067, 19.185762779013441 ], [ 74.264387923585986, 19.179417760202437 ], [ 74.266841182638629, 19.163095182584055 ], [ 74.243956226690855, 19.144491509648628 ], [ 74.234666072194756, 19.122741301508619 ], [ 74.228201346164127, 19.122069578840208 ], [ 74.225618904948277, 19.129554905045527 ], [ 74.211594488948037, 19.128781796784029 ], [ 74.196823244878772, 19.1007413224503 ], [ 74.20216386794327, 19.088973846888429 ], [ 74.191252887747652, 19.078720538213165 ], [ 74.191143294388567, 19.059821083876276 ], [ 74.172192034979005, 19.04103468557723 ], [ 74.173940945529765, 19.031426774253745 ], [ 74.188054181752989, 19.023926788435681 ], [ 74.189631572060406, 19.015705011736912 ], [ 74.198721054415827, 19.014857685660438 ], [ 74.20018943009363, 19.00541774620018 ], [ 74.21273085760761, 19.008770520949749 ], [ 74.21082104029432, 18.994754064355149 ], [ 74.221645337041139, 18.995187263708729 ], [ 74.225672301112198, 18.985647882874602 ], [ 74.222239724590167, 18.970551442278552 ], [ 74.236870632559345, 18.968787075344661 ], [ 74.236075724215922, 18.953104925377218 ], [ 74.249148777027258, 18.954873104751673 ], [ 74.270853297610785, 18.918685524634192 ], [ 74.294758512669091, 18.903511966411795 ], [ 74.294421411812891, 18.890824556921572 ], [ 74.308147976656969, 18.86812202127388 ], [ 74.308498106282769, 18.852962773436509 ], [ 74.327899250236101, 18.83696052313719 ], [ 74.33954672059356, 18.836805587406324 ], [ 74.347091285353088, 18.845650604265387 ], [ 74.397288227219306, 18.828348486970587 ], [ 74.398646333121533, 18.821786651988994 ], [ 74.384387262719116, 18.804948306895387 ], [ 74.388244959592967, 18.784822685404432 ], [ 74.400469790002262, 18.775689038800163 ], [ 74.393629622013805, 18.767535933742401 ], [ 74.398023961647851, 18.742154817772981 ], [ 74.425144044961343, 18.746645343111545 ], [ 74.436874484670597, 18.738032458595253 ], [ 74.431021936442733, 18.733504031136722 ], [ 74.440088586712591, 18.722172258168953 ], [ 74.448812108054597, 18.720396175730006 ], [ 74.470339189356167, 18.726781797771043 ], [ 74.477427514848813, 18.720365922961353 ], [ 74.481492557118784, 18.703593782041771 ], [ 74.473933265798635, 18.696013126195577 ], [ 74.475977934398031, 18.686870395317165 ], [ 74.486762311030716, 18.677109847088019 ], [ 74.503593589380245, 18.677763263674922 ], [ 74.509623937272622, 18.668795057415721 ], [ 74.501034165821153, 18.659152642210326 ], [ 74.48977798007077, 18.655971766613636 ], [ 74.486406401692534, 18.647190622892158 ], [ 74.472657603119032, 18.649002215197047 ], [ 74.471364455327148, 18.641731205620655 ], [ 74.481566302987275, 18.6307439801101 ], [ 74.504717771540712, 18.62406051343676 ], [ 74.509101912513401, 18.613421990282244 ], [ 74.534710699527082, 18.618266845682971 ], [ 74.548830179240952, 18.612822666711221 ], [ 74.552583865505255, 18.607628558538291 ], [ 74.543132819095689, 18.599528112660916 ], [ 74.541410341818292, 18.580997424768888 ], [ 74.576950005895085, 18.549728503173874 ], [ 74.576616649189916, 18.544607677804812 ], [ 74.568521302881834, 18.543526837099055 ], [ 74.565838127007837, 18.524718633968916 ], [ 74.547572704450147, 18.508977593729686 ], [ 74.555572980336791, 18.495226163926151 ], [ 74.581139889117068, 18.472520230620681 ], [ 74.61371738246072, 18.468134506825944 ], [ 74.642852795745014, 18.450240413049617 ], [ 74.674694769203739, 18.462776080429464 ], [ 74.672244396828091, 18.468767236727796 ], [ 74.656041559773513, 18.473322690515211 ], [ 74.661510589516709, 18.491256472972168 ], [ 74.702637810452686, 18.506573244590374 ], [ 74.725710069076897, 18.48596652183026 ], [ 74.723348704945892, 18.448416560935193 ], [ 74.716087085200272, 18.432099696254181 ], [ 74.717055585683255, 18.422658895902682 ], [ 74.726186357965815, 18.414126493423129 ], [ 74.730757244298204, 18.401311498419091 ], [ 74.752193623034742, 18.39654074227575 ], [ 74.777468823993303, 18.40998009809347 ], [ 74.793394604674603, 18.40198189584552 ], [ 74.809581141682472, 18.383699502226445 ], [ 74.798057105178088, 18.353335902784032 ], [ 74.815585691358606, 18.341713262735073 ], [ 74.827747568391729, 18.344444240099001 ], [ 74.834194297717545, 18.34072766768816 ], [ 74.834132795808003, 18.320506580211738 ], [ 74.844417144027233, 18.308213605509465 ], [ 74.84337106476211, 18.299670322379317 ], [ 74.83293010301216, 18.295318346388132 ], [ 74.800689071469648, 18.301421459064205 ], [ 74.795211060162373, 18.285639224817945 ], [ 74.800277190257376, 18.276564355835717 ], [ 74.842483323318731, 18.245334379804415 ], [ 74.876415515770773, 18.249189556200854 ], [ 74.892104235075735, 18.259488250642946 ], [ 74.925233575985658, 18.259864317156524 ], [ 74.948767808809691, 18.266460505791354 ], [ 74.963101138816839, 18.251652530538546 ], [ 74.991370984395999, 18.240571110483774 ], [ 75.041821937473486, 18.262341109972457 ], [ 75.044072528014723, 18.254205088443062 ], [ 75.02354900648325, 18.23605257525686 ], [ 75.008430362155224, 18.209325222661185 ], [ 75.023169636345898, 18.189630302690542 ], [ 75.05808823692152, 18.199576449733321 ], [ 75.082514918206783, 18.218413186375095 ], [ 75.106114237934136, 18.219994375236595 ], [ 75.111930761105981, 18.205034717918718 ], [ 75.110337199284047, 18.187046586594128 ], [ 75.091882722746234, 18.148909421320134 ], [ 75.092156305255912, 18.122815755781623 ], [ 75.110306339438964, 18.117274357553903 ], [ 75.152052554722587, 18.121918909565164 ], [ 75.160923642360544, 18.117290501989729 ], [ 75.162362574470279, 18.108538100721908 ], [ 75.135824231603394, 18.092741531823311 ], [ 75.128726334425764, 18.07457215333374 ], [ 75.094725315688805, 18.069630602303221 ], [ 75.085394494557377, 18.056989636497757 ], [ 75.080623664294137, 18.039091039758979 ], [ 75.051586003130893, 18.02415818086245 ], [ 75.027765870824453, 17.989491252375057 ], [ 75.020141502260046, 17.966695042000453 ], [ 75.038469382631547, 17.949754341336298 ], [ 75.053125630440505, 17.952103818798722 ], [ 75.06894585501243, 17.979613234987674 ], [ 75.080938100502507, 17.98214294239714 ], [ 75.100359094970159, 17.976057912323501 ], [ 75.108636121299043, 17.99894879407999 ], [ 75.118821551198153, 18.001073722971395 ], [ 75.136059915217359, 17.971899157351142 ], [ 75.116048188458819, 17.970976368954911 ], [ 75.117023105471972, 17.965177611727576 ], [ 75.12781391071546, 17.961496475807994 ], [ 75.129550416722438, 17.956448372981907 ], [ 75.112055523514897, 17.938406922378523 ], [ 75.096112332875123, 17.946623868009503 ], [ 75.081922472670129, 17.94081187307296 ], [ 75.080145810308338, 17.935647746165987 ], [ 75.087858090753471, 17.926855585184999 ], [ 75.073979937148891, 17.917302511387199 ], [ 75.051001261386219, 17.927266492550039 ], [ 75.045006867733093, 17.919084927861586 ], [ 75.054105200559391, 17.905040530238757 ], [ 75.038596884783701, 17.906125599324476 ], [ 75.024033018932215, 17.895037063292506 ], [ 75.0189920040971, 17.908990109450706 ], [ 74.941202288682604, 17.924261793000927 ], [ 74.94283465515322, 17.936717980395329 ], [ 74.937104486630616, 17.941573858262551 ], [ 74.912875725707451, 17.94549034699293 ], [ 74.893798059367441, 17.93649832845129 ], [ 74.873504182817527, 17.943216862907331 ], [ 74.865778005904701, 17.952396298005539 ], [ 74.845876330595843, 17.945850762785611 ], [ 74.843117887381581, 17.952520148699712 ], [ 74.85851927127284, 17.970246778313399 ], [ 74.862087284122438, 17.992537972875006 ], [ 74.845075298845757, 17.996583724043184 ], [ 74.832236912401328, 17.993177187116302 ], [ 74.818095464987579, 18.015338759999853 ], [ 74.811724750659806, 18.009672330015245 ], [ 74.812450319806715, 18.000286268942546 ], [ 74.802623898635716, 17.996664134543735 ], [ 74.790314431952638, 18.008406469482058 ], [ 74.774203163623184, 18.010761423039671 ], [ 74.768102275627669, 18.023318091445272 ], [ 74.749417952400208, 18.016119304168004 ], [ 74.74188704031603, 18.026733201013364 ], [ 74.707955644068605, 18.030508635530605 ], [ 74.701994258881626, 18.038128269966329 ], [ 74.69094304462952, 18.038810781590602 ], [ 74.68408753444001, 18.060094954947374 ], [ 74.674753524430329, 18.061426127902958 ], [ 74.664721930354389, 18.069907287170139 ], [ 74.654192207145783, 18.06819216387693 ], [ 74.653715240808808, 18.058689159584912 ], [ 74.641051545109335, 18.044164300316819 ], [ 74.629492757047785, 18.056919692182717 ], [ 74.610286438961055, 18.046399666978804 ], [ 74.590433752989284, 18.055958495181802 ], [ 74.582485259065834, 18.046024642590464 ], [ 74.557748654108792, 18.070164030840729 ], [ 74.54740760979243, 18.068375591803111 ], [ 74.533501508010886, 18.057923245665769 ], [ 74.500608092069214, 18.06013788472718 ], [ 74.459841163180883, 18.046412255380179 ], [ 74.436259696562033, 18.064772024415756 ], [ 74.372454548463892, 18.07412720454511 ], [ 74.368448196613016, 18.084632464763512 ], [ 74.360189701486945, 18.087202302658316 ], [ 74.355039280886743, 18.09698123708122 ], [ 74.327480624529343, 18.0852327689554 ], [ 74.318784343072821, 18.072513356876694 ], [ 74.302287737619466, 18.067248687032727 ], [ 74.29472792789916, 18.074073586304724 ], [ 74.262825943375717, 18.081032239779177 ], [ 74.235787149526928, 18.099597530203084 ], [ 74.210144153063311, 18.097249445887215 ], [ 74.185199327773475, 18.112906565822598 ], [ 74.162519983687446, 18.108040903916088 ], [ 74.145932061022677, 18.122265445586777 ], [ 74.137492425894564, 18.116833051756263 ], [ 74.117999489033537, 18.133320877617418 ], [ 74.100871164799088, 18.123120992749282 ], [ 74.080336195606435, 18.120822107458125 ], [ 74.06797433110448, 18.136607333897899 ], [ 74.053118471919461, 18.141622501242097 ], [ 74.028130734599117, 18.132277682573022 ], [ 74.008931887252558, 18.148578612105272 ], [ 74.005778704188756, 18.16039792007674 ], [ 73.993213513260898, 18.154682339188671 ], [ 73.995122370256666, 18.152565507372497 ], [ 73.993471480040625, 18.150922064601456 ], [ 73.981340039836752, 18.151490763048105 ], [ 73.961823396042305, 18.161679127804398 ], [ 73.945189127014231, 18.179052635519781 ], [ 73.934982409994547, 18.172053211367345 ], [ 73.922102748209909, 18.171739100968022 ], [ 73.904881332626076, 18.159153623821155 ], [ 73.894630958412449, 18.182314646299645 ], [ 73.882889412488211, 18.172711845285423 ], [ 73.873209273353567, 18.174667682748101 ], [ 73.872834277603204, 18.166369020098195 ], [ 73.888639970376843, 18.154191708753036 ], [ 73.901684453250596, 18.136943100925766 ], [ 73.901545085184523, 18.128800426439344 ], [ 73.891731920816866, 18.125470054720751 ], [ 73.887719868455775, 18.11625841458061 ], [ 73.860768486772102, 18.119593495288115 ], [ 73.8801557261461, 18.08655188701827 ], [ 73.86926960543471, 18.075488189962801 ], [ 73.870179089893796, 18.047987534940397 ], [ 73.864346679649543, 18.046761898320685 ], [ 73.857614519454302, 18.030618789058245 ], [ 73.846041697476494, 18.03983409227412 ], [ 73.840546314729352, 18.031003095860047 ], [ 73.828903540078201, 18.029418094922285 ], [ 73.81336097087015, 18.03798704805309 ], [ 73.792647319001034, 18.020571448675774 ], [ 73.775332490931333, 18.027863372616356 ], [ 73.765985025322607, 18.023442123876176 ], [ 73.755673659416161, 18.028146808468843 ], [ 73.756189126096857, 18.038615494234406 ], [ 73.73757552113473, 18.036979357513481 ], [ 73.702290784175304, 18.04434511156013 ], [ 73.666137502887324, 18.024722554882324 ], [ 73.644897698053057, 18.044263250184329 ], [ 73.630142093481254, 18.045102366944342 ], [ 73.62999445162211, 18.049153309274374 ], [ 73.613754369883694, 18.058603591041376 ], [ 73.620907740830745, 18.077119187213903 ], [ 73.60269818768009, 18.081001776235915 ], [ 73.600602607094714, 18.08452793841666 ], [ 73.609393040892186, 18.096784396370889 ], [ 73.595110791490271, 18.108253284712699 ], [ 73.608730472062305, 18.131885023815521 ], [ 73.60643290965848, 18.138876319004535 ], [ 73.609223956667563, 18.140936393202381 ], [ 73.610012274142036, 18.133455337913482 ], [ 73.607494188502173, 18.122529847575034 ], [ 73.626792432736522, 18.123025547537072 ], [ 73.619236119608573, 18.126700390220222 ], [ 73.628055384951679, 18.133684153739534 ], [ 73.633698666533817, 18.146908256850885 ], [ 73.6411703529173, 18.140713922979277 ], [ 73.65082001316371, 18.152115448835222 ], [ 73.649548986776026, 18.156880308351916 ], [ 73.654171350412113, 18.158423518071775 ], [ 73.661050857382946, 18.15161995778957 ], [ 73.666068134035058, 18.160229468336777 ], [ 73.652427102171103, 18.1729607814055 ], [ 73.630408325368464, 18.174499347915916 ], [ 73.597391971177075, 18.188841915839454 ], [ 73.593917623292597, 18.176807320844222 ], [ 73.582253594091114, 18.178156733298611 ], [ 73.563309165459515, 18.192608273261119 ], [ 73.559613835877641, 18.214566495985338 ], [ 73.557412798311432, 18.198225329600529 ], [ 73.542374202447817, 18.206091826325977 ], [ 73.537164013168166, 18.189390554594549 ], [ 73.520507266434635, 18.187720608552844 ], [ 73.534134216227599, 18.208255903281234 ], [ 73.522060951578283, 18.211605747239815 ], [ 73.534610657879696, 18.220663517587493 ], [ 73.531079490056683, 18.227993056033441 ], [ 73.546516847239559, 18.242537935255921 ], [ 73.54477033049298, 18.248807018743324 ], [ 73.531284020475084, 18.256843801978032 ], [ 73.523314728526216, 18.246234293801265 ], [ 73.516267049493223, 18.24733890808168 ], [ 73.508461246297173, 18.256251791332957 ], [ 73.500765066081485, 18.256844648291469 ], [ 73.505296098029248, 18.256710320164718 ], [ 73.503330000849758, 18.259467950439404 ], [ 73.514899790884499, 18.271993633818091 ], [ 73.504624510143472, 18.271848327438647 ], [ 73.498983634608066, 18.282196835020777 ], [ 73.481950093806958, 18.271224865748685 ], [ 73.477658994966404, 18.273826727666599 ], [ 73.473610519534176, 18.281560591113276 ], [ 73.475827319900972, 18.299998018292523 ], [ 73.454300040629676, 18.297312473796168 ], [ 73.439177116269875, 18.304957405509963 ], [ 73.425325720541821, 18.299239315854209 ], [ 73.420383179794015, 18.311337040516428 ], [ 73.42636166067642, 18.319332433982616 ], [ 73.420444974134412, 18.319668633647609 ], [ 73.421910744177794, 18.328428061230131 ], [ 73.427310554090226, 18.330226516398788 ], [ 73.433145221879414, 18.350075199855734 ], [ 73.440616807721568, 18.357931421567844 ], [ 73.422622363410454, 18.373065956880399 ], [ 73.420480540956248, 18.403235012217298 ], [ 73.41268547768945, 18.405547252960847 ], [ 73.410273259638259, 18.3988524381238 ], [ 73.404815702826269, 18.400818670282902 ], [ 73.404195484724482, 18.397579796348147 ], [ 73.398767473982545, 18.40061625126814 ], [ 73.393824429563878, 18.444529105593631 ], [ 73.401869181456618, 18.445802848390453 ], [ 73.402285388338271, 18.462719695354664 ], [ 73.40651461792784, 18.464310742344445 ], [ 73.403804495834791, 18.476699275398822 ], [ 73.409416631995668, 18.476878806976138 ], [ 73.408406781892353, 18.499533457367455 ], [ 73.402192062523028, 18.499405831025356 ], [ 73.397046347100328, 18.489729758617099 ], [ 73.393585136516009, 18.492882680737392 ], [ 73.389864430234198, 18.489536037092449 ], [ 73.389904445522305, 18.482548531626769 ], [ 73.379756770642302, 18.481768320550287 ], [ 73.382438225764446, 18.476588348370317 ], [ 73.377096248132602, 18.480164874685023 ], [ 73.374298304038263, 18.464531178814941 ], [ 73.361304276407012, 18.472248859610598 ], [ 73.361435072388545, 18.486165587345265 ], [ 73.378776784093375, 18.482014728824129 ], [ 73.375240250409462, 18.494092834322988 ], [ 73.397326353201024, 18.505464185424124 ], [ 73.389227265997064, 18.502246472897614 ], [ 73.381779116480146, 18.505838794000578 ], [ 73.355674239236066, 18.53376435448957 ], [ 73.343028861628383, 18.5325765270739 ], [ 73.34144015342747, 18.541299299928081 ], [ 73.356819224015638, 18.557728947242353 ], [ 73.33572317285477, 18.550326782125474 ], [ 73.323529598562743, 18.556876316586738 ], [ 73.322838643591581, 18.572132128818883 ], [ 73.332014577561523, 18.583067945239115 ], [ 73.328462747028141, 18.593805104360552 ], [ 73.334624391074598, 18.596147268503657 ], [ 73.334511810824026, 18.609958309680966 ], [ 73.34170673689097, 18.605416851755404 ], [ 73.368669821548536, 18.642928017227437 ], [ 73.386280594196151, 18.655200833317863 ], [ 73.388318237209688, 18.665856477796922 ], [ 73.382655525959166, 18.675324337972281 ], [ 73.38761271004438, 18.677181523308462 ], [ 73.383169796147541, 18.683186534751986 ], [ 73.385641239751408, 18.694605103826071 ], [ 73.368333368105596, 18.702713706203724 ], [ 73.357874397145082, 18.699643943863098 ], [ 73.358316904776103, 18.713432617370991 ], [ 73.347124223794097, 18.693036800330464 ], [ 73.338585892242932, 18.698431814183007 ], [ 73.333113670660779, 18.69430849974173 ], [ 73.329550488097325, 18.701256829844244 ], [ 73.345622378476392, 18.710925746710206 ], [ 73.345028994682409, 18.718286694316898 ], [ 73.354617896306721, 18.721338060112785 ], [ 73.357210887524374, 18.753043570207755 ], [ 73.350900770640564, 18.75763383360886 ], [ 73.362311702431811, 18.770894069807877 ], [ 73.368884985548647, 18.794829774119489 ], [ 73.373747729436133, 18.788288209500706 ], [ 73.378514047982932, 18.792899349834244 ], [ 73.381517189384439, 18.803964717537273 ], [ 73.37849239114243, 18.818644926214944 ], [ 73.38390757289396, 18.818595185073718 ], [ 73.389045957174829, 18.853449081619456 ], [ 73.401616101334341, 18.842159285891473 ], [ 73.41234146324669, 18.8568369019873 ], [ 73.424941393415338, 18.86110142187103 ], [ 73.435964381083124, 18.880230517684289 ], [ 73.435017920709598, 18.900967999201733 ], [ 73.440033647946052, 18.904608577841 ], [ 73.43162477384918, 18.915511762211136 ], [ 73.441521099303529, 18.929000154587033 ], [ 73.44796437476748, 18.92402294985132 ], [ 73.4621014645939, 18.927235442346412 ], [ 73.456102586779977, 18.94559117085219 ], [ 73.459117260629242, 18.96407007985178 ], [ 73.479404761324787, 18.969873372439803 ], [ 73.480419791728167, 18.979909680458665 ], [ 73.484757420598612, 18.980644278663252 ], [ 73.494281879777375, 18.972991660678936 ], [ 73.493262864682691, 18.968792152734274 ], [ 73.509590916292936, 18.967743873267661 ], [ 73.510546605125327, 18.973447235350427 ], [ 73.517263650081432, 18.980136722084019 ], [ 73.521990063923155, 18.977849139511331 ], [ 73.533824990605808, 18.995706877794742 ], [ 73.541468155862759, 18.996175335498002 ], [ 73.554777630316394, 19.00985505982516 ], [ 73.53901672444259, 19.015729675239754 ], [ 73.543676786735929, 19.023869155518796 ], [ 73.533547933006886, 19.029729507996041 ], [ 73.539529428775481, 19.048335101878529 ], [ 73.515309644752207, 19.045971746707554 ], [ 73.514619356849337, 19.04767699177421 ], [ 73.516901187082453, 19.05783727409754 ], [ 73.52488822610691, 19.054874759983793 ], [ 73.520655140100857, 19.070664223647896 ], [ 73.528189636009529, 19.08580801772964 ], [ 73.513347938135368, 19.084881245942675 ], [ 73.512240553850873, 19.09618007337513 ], [ 73.519315345132412, 19.099685258748625 ], [ 73.524610746263861, 19.118576184690443 ], [ 73.52193303202489, 19.122069070070527 ], [ 73.524681469217256, 19.128927246012257 ], [ 73.542435958331922, 19.120255547684874 ], [ 73.542550163329707, 19.140538557834553 ], [ 73.534188367278389, 19.145643451031226 ], [ 73.532841178207036, 19.153549762527856 ], [ 73.542582266340091, 19.158827547578543 ], [ 73.53653421364379, 19.178841034635223 ], [ 73.544507423621965, 19.177127378479025 ], [ 73.545829108690654, 19.187092981330878 ], [ 73.566146389249383, 19.184601285151476 ], [ 73.566981766263865, 19.190060624226387 ], [ 73.575849518378206, 19.194365152135681 ], [ 73.583841411259229, 19.190284634324875 ], [ 73.596916761458957, 19.195659656330179 ], [ 73.606374039291751, 19.190495841186561 ], [ 73.608653352213125, 19.210608892459906 ], [ 73.62269250489129, 19.216458082274904 ], [ 73.629973401186021, 19.205712104951754 ], [ 73.658342425538819, 19.239334880998978 ], [ 73.685392832976959, 19.242322391238069 ], [ 73.695012070534332, 19.258182332723457 ], [ 73.687232170289889, 19.272441833556133 ], [ 73.680521701259309, 19.273885848264335 ], [ 73.673480275421994, 19.290244151957879 ], [ 73.667473338629691, 19.291430639147837 ], [ 73.672933487876861, 19.30110739890393 ], [ 73.669264456327397, 19.305167413996084 ], [ 73.681671231121541, 19.307471791148181 ], [ 73.686862614445843, 19.315131391683199 ], [ 73.701863339588272, 19.312702478980359 ], [ 73.709420462012702, 19.324907808114936 ], [ 73.746866741059378, 19.337233818991024 ], [ 73.743396293744738, 19.324232016296001 ], [ 73.747157015789327, 19.318147705062238 ], [ 73.750453128329895, 19.327404841672816 ], [ 73.770153926012028, 19.331554060371598 ], [ 73.771708146787276, 19.342375599506703 ], [ 73.779064725818131, 19.335856949728797 ], [ 73.787459653759811, 19.338204475304131 ], [ 73.793251058368554, 19.333787102918883 ], [ 73.794744316801726, 19.342740610821231 ], [ 73.777981866754331, 19.387241858423995 ], [ 73.800923682528605, 19.395124331810543 ] ], [ [ 73.84905016275809, 18.167721456023674 ], [ 73.858377868353998, 18.162628759811771 ], [ 73.866732954281801, 18.175465218787664 ], [ 73.85126467321804, 18.177766248221147 ], [ 73.847138805677844, 18.174983026060307 ], [ 73.84905016275809, 18.167721456023674 ] ] ] } },
{ "type": "Feature", "properties": { "District": "RAYGAD" }, "geometry": { "type": "Polygon", "coordinates": [ [ [ 73.14481427614227, 19.12604128274981 ], [ 73.152676019991233, 19.113533225806762 ], [ 73.182145899118041, 19.105824354319921 ], [ 73.179407847171987, 19.115938353877173 ], [ 73.194077761131481, 19.127455791464477 ], [ 73.212826966504892, 19.099390998044935 ], [ 73.230506396426591, 19.087959228196461 ], [ 73.234862485513304, 19.06855671181561 ], [ 73.250739234303083, 19.061772573795409 ], [ 73.26407274560971, 19.066266979998943 ], [ 73.26422420896867, 19.072226533742164 ], [ 73.279378855356313, 19.08677532371853 ], [ 73.297782820252792, 19.083440519700929 ], [ 73.297630013313224, 19.07231805794482 ], [ 73.318789366903729, 19.080095395442623 ], [ 73.322006667912092, 19.086989043133606 ], [ 73.307428314541397, 19.106934114478577 ], [ 73.31622955505668, 19.107633600844089 ], [ 73.321447332570983, 19.116721160819505 ], [ 73.348591118541989, 19.128693806912121 ], [ 73.372290991337593, 19.126691130386373 ], [ 73.404549062223083, 19.134690994939699 ], [ 73.430634775005444, 19.126380677690609 ], [ 73.44617091408054, 19.134036568812995 ], [ 73.457257217506111, 19.131397320503797 ], [ 73.46744477545144, 19.135482633162042 ], [ 73.477753873463854, 19.133148342617243 ], [ 73.486520574334335, 19.12325829692643 ], [ 73.490510303635119, 19.127946242362725 ], [ 73.525017664967621, 19.129858931624231 ], [ 73.519315345132412, 19.099685258748625 ], [ 73.512222736703563, 19.09264003215123 ], [ 73.513347938135368, 19.084881245942675 ], [ 73.528189636009529, 19.08580801772964 ], [ 73.520655140100857, 19.070664223647896 ], [ 73.52488822610691, 19.054874759983793 ], [ 73.516901187082453, 19.05783727409754 ], [ 73.514619356849337, 19.04767699177421 ], [ 73.539529428775481, 19.048335101878529 ], [ 73.533547933006886, 19.029729507996041 ], [ 73.543676786735929, 19.023869155518796 ], [ 73.53901672444259, 19.015729675239754 ], [ 73.554777630316394, 19.00985505982516 ], [ 73.541468155862759, 18.996175335498002 ], [ 73.533824990605808, 18.995706877794742 ], [ 73.521990063923155, 18.977849139511331 ], [ 73.517263650081432, 18.980136722084019 ], [ 73.510546605125327, 18.973447235350427 ], [ 73.509590916292936, 18.967743873267661 ], [ 73.493262864682691, 18.968792152734274 ], [ 73.494281879777375, 18.972991660678936 ], [ 73.484757420598612, 18.980644278663252 ], [ 73.480419791728167, 18.979909680458665 ], [ 73.479404761324787, 18.969873372439803 ], [ 73.462094599398725, 18.967147390028924 ], [ 73.456102586779977, 18.94559117085219 ], [ 73.4621014645939, 18.927235442346412 ], [ 73.44796437476748, 18.92402294985132 ], [ 73.441521099303529, 18.929000154587033 ], [ 73.43162477384918, 18.915511762211136 ], [ 73.440033647946052, 18.904608577841 ], [ 73.435017920709598, 18.900967999201733 ], [ 73.436688919801782, 18.8848377505497 ], [ 73.430253019330195, 18.869094488575925 ], [ 73.424941393415338, 18.86110142187103 ], [ 73.41234146324669, 18.8568369019873 ], [ 73.401616101334341, 18.842159285891473 ], [ 73.389045957174829, 18.853449081619456 ], [ 73.38390757289396, 18.818595185073718 ], [ 73.37849239114243, 18.818644926214944 ], [ 73.381517189384439, 18.803964717537273 ], [ 73.378514047982932, 18.792899349834244 ], [ 73.373747729436133, 18.788288209500706 ], [ 73.368884985548647, 18.794829774119489 ], [ 73.362311702431811, 18.770894069807877 ], [ 73.350900770640564, 18.75763383360886 ], [ 73.357210887524374, 18.753043570207755 ], [ 73.354617896306721, 18.721338060112785 ], [ 73.345028994682409, 18.718286694316898 ], [ 73.345622378476392, 18.710925746710206 ], [ 73.329550488097325, 18.701256829844244 ], [ 73.333113670660779, 18.69430849974173 ], [ 73.338585892242932, 18.698431814183007 ], [ 73.347124223794097, 18.693036800330464 ], [ 73.358316904776103, 18.713432617370991 ], [ 73.357874397145082, 18.699643943863098 ], [ 73.368333368105596, 18.702713706203724 ], [ 73.385641239751408, 18.694605103826071 ], [ 73.383169796147541, 18.683186534751986 ], [ 73.38761271004438, 18.677181523308462 ], [ 73.382655525959166, 18.675324337972281 ], [ 73.388318237209688, 18.665856477796922 ], [ 73.386280594196151, 18.655200833317863 ], [ 73.368669821548536, 18.642928017227437 ], [ 73.34170673689097, 18.605416851755404 ], [ 73.334511810824026, 18.609958309680966 ], [ 73.334624391074598, 18.596147268503657 ], [ 73.328462747028141, 18.593805104360552 ], [ 73.332014577561523, 18.583067945239115 ], [ 73.322838643591581, 18.572132128818883 ], [ 73.323529598562743, 18.556876316586738 ], [ 73.33572317285477, 18.550326782125474 ], [ 73.356819224015638, 18.557728947242353 ], [ 73.34144015342747, 18.541299299928081 ], [ 73.343028861628383, 18.5325765270739 ], [ 73.355674239236066, 18.53376435448957 ], [ 73.381779116480146, 18.505838794000578 ], [ 73.389227265997064, 18.502246472897614 ], [ 73.397326353201024, 18.505464185424124 ], [ 73.375240250409462, 18.494092834322988 ], [ 73.378776784093375, 18.482014728824129 ], [ 73.361435072388545, 18.486165587345265 ], [ 73.361304276407012, 18.472248859610598 ], [ 73.374298304038263, 18.464531178814941 ], [ 73.377096248132602, 18.480164874685023 ], [ 73.382438225764446, 18.476588348370317 ], [ 73.379756770642302, 18.481768320550287 ], [ 73.389904445522305, 18.482548531626769 ], [ 73.389864430234198, 18.489536037092449 ], [ 73.393585136516009, 18.492882680737392 ], [ 73.397046347100328, 18.489729758617099 ], [ 73.402192062523028, 18.499405831025356 ], [ 73.408406781892353, 18.499533457367455 ], [ 73.409416631995668, 18.476878806976138 ], [ 73.403804495834791, 18.476699275398822 ], [ 73.40651461792784, 18.464310742344445 ], [ 73.402285388338271, 18.462719695354664 ], [ 73.401869181456618, 18.445802848390453 ], [ 73.393824429563878, 18.444529105593631 ], [ 73.398767473982545, 18.40061625126814 ], [ 73.404195484724482, 18.397579796348147 ], [ 73.404815702826269, 18.400818670282902 ], [ 73.410273259638259, 18.3988524381238 ], [ 73.41268547768945, 18.405547252960847 ], [ 73.420480540956248, 18.403235012217298 ], [ 73.422622363410454, 18.373065956880399 ], [ 73.440616807721568, 18.357931421567844 ], [ 73.433145221879414, 18.350075199855734 ], [ 73.427310554090226, 18.330226516398788 ], [ 73.421910744177794, 18.328428061230131 ], [ 73.420444974134412, 18.319668633647609 ], [ 73.42636166067642, 18.319332433982616 ], [ 73.420383179794015, 18.311337040516428 ], [ 73.425325720541821, 18.299239315854209 ], [ 73.439177116269875, 18.304957405509963 ], [ 73.454300040629676, 18.297312473796168 ], [ 73.475827319900972, 18.299998018292523 ], [ 73.473610519534176, 18.281560591113276 ], [ 73.477658994966404, 18.273826727666599 ], [ 73.481950093806958, 18.271224865748685 ], [ 73.498983634608066, 18.282196835020777 ], [ 73.504624510143472, 18.271848327438647 ], [ 73.514899790884499, 18.271993633818091 ], [ 73.503330000849758, 18.259467950439404 ], [ 73.505296098029248, 18.256710320164718 ], [ 73.500765066081485, 18.256844648291469 ], [ 73.508461246297173, 18.256251791332957 ], [ 73.516267049493223, 18.24733890808168 ], [ 73.523314728526216, 18.246234293801265 ], [ 73.531284020475084, 18.256843801978032 ], [ 73.54477033049298, 18.248807018743324 ], [ 73.546516847239559, 18.242537935255921 ], [ 73.531079490056683, 18.227993056033441 ], [ 73.534610657879696, 18.220663517587493 ], [ 73.522060951578283, 18.211605747239815 ], [ 73.534134216227599, 18.208255903281234 ], [ 73.520507266434635, 18.187720608552844 ], [ 73.537164013168166, 18.189390554594549 ], [ 73.542374202447817, 18.206091826325977 ], [ 73.557412798311432, 18.198225329600529 ], [ 73.559613835877641, 18.214566495985338 ], [ 73.563309165459515, 18.192608273261119 ], [ 73.582253594091114, 18.178156733298611 ], [ 73.593917623292597, 18.176807320844222 ], [ 73.597391971177075, 18.188841915839454 ], [ 73.630408325368464, 18.174499347915916 ], [ 73.652427102171103, 18.1729607814055 ], [ 73.666068134035058, 18.160229468336777 ], [ 73.661050857382946, 18.15161995778957 ], [ 73.654171350412113, 18.158423518071775 ], [ 73.649548986776026, 18.156880308351916 ], [ 73.65082001316371, 18.152115448835222 ], [ 73.6411703529173, 18.140713922979277 ], [ 73.633698666533817, 18.146908256850885 ], [ 73.628055384951679, 18.133684153739534 ], [ 73.619236119608573, 18.126700390220222 ], [ 73.626792432736522, 18.123025547537072 ], [ 73.607494188502173, 18.122529847575034 ], [ 73.610012274142036, 18.133455337913482 ], [ 73.608239046877159, 18.1412486413384 ], [ 73.607856601045043, 18.129531365161963 ], [ 73.595886552862453, 18.111991431259661 ], [ 73.5996780456355, 18.102717638641817 ], [ 73.609393040892186, 18.096784396370889 ], [ 73.600602607094714, 18.08452793841666 ], [ 73.60269818768009, 18.081001776235915 ], [ 73.620907740830745, 18.077119187213903 ], [ 73.613754369883694, 18.058603591041376 ], [ 73.62999445162211, 18.049153309274374 ], [ 73.630142093481254, 18.045102366944342 ], [ 73.644897698053057, 18.044263250184329 ], [ 73.659545927308358, 18.032744999797487 ], [ 73.650440494108906, 18.02214953050439 ], [ 73.657541574506851, 18.012595190514869 ], [ 73.642423085391115, 18.001551993548887 ], [ 73.637865279394504, 17.992150296498998 ], [ 73.627371312417864, 17.98868434193944 ], [ 73.626692872302868, 17.985331754454876 ], [ 73.637666045613685, 17.98021775622659 ], [ 73.63856610530766, 17.971700980865144 ], [ 73.597622758509871, 17.94034074453457 ], [ 73.590394897590386, 17.939652848373196 ], [ 73.58427347162575, 17.947300182294608 ], [ 73.57922049592537, 17.947034823627039 ], [ 73.577837613552319, 17.934036521921371 ], [ 73.563388367961565, 17.917039933639074 ], [ 73.532506438165115, 17.899480831497659 ], [ 73.535344479110222, 17.892378744659215 ], [ 73.560419317498713, 17.893691190080059 ], [ 73.56999506756199, 17.880404856272488 ], [ 73.553972292736006, 17.865392262976691 ], [ 73.540662289989669, 17.871731566660838 ], [ 73.533110887417109, 17.883113008964948 ], [ 73.510250824414697, 17.85220080515629 ], [ 73.499732158784383, 17.85222211417107 ], [ 73.489121050876463, 17.867047365316953 ], [ 73.461192628780211, 17.867014235796649 ], [ 73.450438812765753, 17.851751410430094 ], [ 73.444681161994225, 17.85062086856156 ], [ 73.438350946482799, 17.859340151461833 ], [ 73.443059101735258, 17.870636512183101 ], [ 73.438155890392423, 17.878351611859966 ], [ 73.437067259057997, 17.902705650784888 ], [ 73.426211630205557, 17.909172735558254 ], [ 73.422854842965478, 17.896953165158592 ], [ 73.41381835314337, 17.893733533739091 ], [ 73.405002797892791, 17.882814536603888 ], [ 73.380499542954368, 17.882304844853387 ], [ 73.370829710809105, 17.887887982555686 ], [ 73.368461623380739, 17.907961119911363 ], [ 73.375940860357858, 17.91300013553365 ], [ 73.37398179713125, 17.92527154986297 ], [ 73.360753487531511, 17.937524981154432 ], [ 73.361339935241375, 17.954427141899551 ], [ 73.350608579170867, 17.959118428999961 ], [ 73.340775411788471, 17.972303644551445 ], [ 73.348076223703828, 17.989707984469582 ], [ 73.35579198476519, 17.992868567320215 ], [ 73.358638753267471, 18.007296538356922 ], [ 73.345400840823359, 18.026197653823978 ], [ 73.334303078949944, 18.011590772363036 ], [ 73.326759214801484, 18.025244945983872 ], [ 73.315033889814273, 18.028846519564862 ], [ 73.306845314495362, 18.02239438747522 ], [ 73.300565509019592, 18.024268899636496 ], [ 73.290076873575686, 18.036162213703495 ], [ 73.294611415315032, 18.058364017824516 ], [ 73.286857382399759, 18.071302985483968 ], [ 73.275591557644731, 18.067066864603181 ], [ 73.261446283773424, 18.070775295954082 ], [ 73.254192163855379, 18.063126387653956 ], [ 73.244517159658514, 18.063708521692323 ], [ 73.230194838899479, 18.056476575715777 ], [ 73.215310343241669, 18.058851968854071 ], [ 73.205319797029489, 18.069405500811584 ], [ 73.191378446043018, 18.058347734164407 ], [ 73.174130227687755, 18.059764225024683 ], [ 73.151328760876254, 18.033282681135475 ], [ 73.149373371023614, 18.021797094754703 ], [ 73.132201869167517, 18.014022755097088 ], [ 73.114418142473653, 17.979501573808278 ], [ 73.092257774323201, 17.989709860336379 ], [ 73.03668302500806, 17.982712578814233 ], [ 73.030658938274001, 17.989797636831813 ], [ 73.019388678021983, 17.989838190893227 ], [ 73.015281218040812, 18.007668878470326 ], [ 73.008497083486532, 18.010658599277669 ], [ 73.005206138863386, 18.021189019237738 ], [ 73.021294993762012, 18.027453314335546 ], [ 73.006063093744928, 18.052059746342444 ], [ 73.000861147823969, 18.055022945484286 ], [ 72.99542338326718, 18.050125781745979 ], [ 72.990375615999156, 18.055766226661227 ], [ 72.999160080023856, 18.069549658776918 ], [ 72.996833197296652, 18.084213859225752 ], [ 72.98791102602712, 18.102623296805941 ], [ 72.979789621261489, 18.108068508140711 ], [ 72.971028443063318, 18.132889619646388 ], [ 72.981342991759078, 18.137033531324398 ], [ 72.988658868968315, 18.157899980962309 ], [ 72.980932606242988, 18.196286012904771 ], [ 72.956395434159617, 18.219636396009054 ], [ 72.945082558212505, 18.224073969629661 ], [ 72.938727391287074, 18.217324918542904 ], [ 72.93177840474209, 18.220420313435415 ], [ 72.942563692822645, 18.234075167184997 ], [ 72.940190620630503, 18.264070493078535 ], [ 72.935283283205493, 18.272571824980471 ], [ 72.938048079433173, 18.283722077874938 ], [ 72.948308989191247, 18.284998748854854 ], [ 72.954474434327082, 18.277958092072303 ], [ 72.964305303471548, 18.280167352954791 ], [ 72.973020784215606, 18.266164199998755 ], [ 72.981152377423612, 18.270529960228366 ], [ 72.986481365017667, 18.282278810021126 ], [ 72.979388856816769, 18.297884454358847 ], [ 72.970068987376976, 18.299848448800024 ], [ 72.964194593260217, 18.314489954488575 ], [ 72.960449258289046, 18.311841989986782 ], [ 72.955910787820002, 18.315859295453379 ], [ 72.960000838521879, 18.320966312490093 ], [ 72.953867084077331, 18.334963670620173 ], [ 72.942306618172992, 18.344387180647182 ], [ 72.93514972297568, 18.344159654683104 ], [ 72.933530454385419, 18.351634176517791 ], [ 72.918828766344078, 18.348611220282525 ], [ 72.91191961261562, 18.365447710998502 ], [ 72.925077623661494, 18.377368772642416 ], [ 72.925945928127874, 18.383438512758108 ], [ 72.922926731850296, 18.393082009962171 ], [ 72.913255199117899, 18.394012203647474 ], [ 72.907035516714544, 18.402989267525442 ], [ 72.907098913863692, 18.437259794596532 ], [ 72.894823978630711, 18.457517406917034 ], [ 72.893732451028541, 18.47179120830026 ], [ 72.901889133171338, 18.475772631881792 ], [ 72.901889883380903, 18.492660340201294 ], [ 72.905653026315434, 18.502685889967641 ], [ 72.911092242924283, 18.502559145579973 ], [ 72.911622640872039, 18.518682475516552 ], [ 72.905316207838709, 18.538555975936756 ], [ 72.921739350737155, 18.547177281264325 ], [ 72.891510598282878, 18.606215742922895 ], [ 72.883534264855896, 18.617122134676869 ], [ 72.879055502571418, 18.616190739421445 ], [ 72.878128357024409, 18.624662057434183 ], [ 72.875574567135672, 18.622397786212986 ], [ 72.874104029317593, 18.629137511126924 ], [ 72.878139147850916, 18.630814331491081 ], [ 72.860624859268825, 18.631109704409422 ], [ 72.864056498666628, 18.645427710148638 ], [ 72.861297654886116, 18.669557393870637 ], [ 72.857827916383016, 18.690089255826187 ], [ 72.851052345922483, 18.698832378808394 ], [ 72.862246451647678, 18.720779050296198 ], [ 72.860799110648031, 18.791762529113402 ], [ 72.870367723626771, 18.81134195303245 ], [ 72.874366896118843, 18.804567756137434 ], [ 72.886423222599916, 18.804986829216986 ], [ 72.889554818667349, 18.800528242952502 ], [ 72.899035854979232, 18.80590150039599 ], [ 72.914489332603807, 18.800324643712894 ], [ 72.927388610564833, 18.820894315082896 ], [ 72.945151625040495, 18.826382467397313 ], [ 72.94610770468887, 18.812728984395068 ], [ 72.949503236280563, 18.815420683849499 ], [ 72.957132532115111, 18.799230215759525 ], [ 72.987725589607663, 18.783355351796828 ], [ 72.995943173473037, 18.773017807240286 ], [ 72.994001878426488, 18.787112690681859 ], [ 72.978272236488039, 18.807595906727265 ], [ 72.997829969196076, 18.802603256168442 ], [ 72.999291892329197, 18.809200507456186 ], [ 72.984929310922055, 18.814985009882498 ], [ 72.975087594485785, 18.83950144713187 ], [ 72.981353045531023, 18.85674662308524 ], [ 72.995386582841462, 18.871510669075654 ], [ 72.973409413708993, 18.862800821014265 ], [ 72.963877607125269, 18.841839228797554 ], [ 72.934839674610117, 18.844049271481857 ], [ 72.920084374050802, 18.853292962390324 ], [ 72.913843945694936, 18.875810874247726 ], [ 72.9021857380325, 18.882884195038457 ], [ 72.904073009384319, 18.904435191787922 ], [ 72.921010587340021, 18.913638533619682 ], [ 72.93706077506647, 18.909331961238401 ], [ 72.941857180977877, 18.923093364415692 ], [ 72.938656373196139, 18.928671472167945 ], [ 72.944475126688104, 18.935550642103273 ], [ 72.940810596949547, 18.944489679963418 ], [ 72.959171301417086, 18.957162260298951 ], [ 72.950646431569155, 18.959506944934191 ], [ 72.947148767090354, 18.986773212323907 ], [ 72.998148300548422, 18.98700069273039 ], [ 73.043693481896042, 19.007393854143469 ], [ 73.049633955460138, 19.015972888811401 ], [ 73.046547110624445, 19.020571372935311 ], [ 73.049349161788058, 19.043488400879792 ], [ 73.043231555406834, 19.054534261939445 ], [ 73.047525827152057, 19.099818124819038 ], [ 73.057159656752034, 19.102242491438368 ], [ 73.064959095873277, 19.110701040113415 ], [ 73.081472436199292, 19.11177460476253 ], [ 73.08397112616278, 19.115692785211998 ], [ 73.095953224185806, 19.113907317990638 ], [ 73.09966482769407, 19.106165800793672 ], [ 73.111031212258524, 19.111119262582765 ], [ 73.117874214041919, 19.106735725960164 ], [ 73.130346872391243, 19.108669182193218 ], [ 73.134791619854028, 19.118846364714049 ], [ 73.14481427614227, 19.12604128274981 ] ] ] } },
{ "type": "Feature", "properties": { "District": "RATNAGIRI" }, "geometry": { "type": "MultiPolygon", "coordinates": [ [ [ [ 73.694811846909616, 16.585590216634223 ], [ 73.705426240066316, 16.587471992426835 ], [ 73.706818958648071, 16.583652421756526 ], [ 73.698925907257205, 16.577810591962649 ], [ 73.693053691182797, 16.582798365203775 ], [ 73.678463549171227, 16.583957197466095 ], [ 73.688033548251056, 16.592544705136252 ], [ 73.694811846909616, 16.585590216634223 ] ] ], [ [ [ 73.285482361366945, 16.989505731760456 ], [ 73.28554276517383, 16.98932460322612 ], [ 73.285426212261612, 16.989353235256804 ], [ 73.285482361366945, 16.989505731760456 ] ] ], [ [ [ 73.119221532406328, 17.765985364532057 ], [ 73.11968777537102, 17.766160901531514 ], [ 73.119475190279957, 17.765520368953833 ], [ 73.119221532406328, 17.765985364532057 ] ] ], [ [ [ 73.101272119183761, 17.804713141444854 ], [ 73.101362247187481, 17.804056474195676 ], [ 73.101116752931887, 17.804638744247256 ], [ 73.101272119183761, 17.804713141444854 ] ] ], [ [ [ 73.211152087162944, 18.06183438599215 ], [ 73.230194838899479, 18.056476575715777 ], [ 73.244517159658514, 18.063708521692323 ], [ 73.254192163855379, 18.063126387653956 ], [ 73.261446283773424, 18.070775295954082 ], [ 73.275591557644731, 18.067066864603181 ], [ 73.286857382399759, 18.071302985483968 ], [ 73.294611415315032, 18.058364017824516 ], [ 73.290076873575686, 18.036162213703495 ], [ 73.300565509019592, 18.024268899636496 ], [ 73.306845314495362, 18.02239438747522 ], [ 73.315033889814273, 18.028846519564862 ], [ 73.326759214801484, 18.025244945983872 ], [ 73.334303078949944, 18.011590772363036 ], [ 73.345895564562682, 18.025831953662529 ], [ 73.3592182744448, 18.005473742888789 ], [ 73.35579198476519, 17.992868567320215 ], [ 73.348076223703828, 17.989707984469582 ], [ 73.340775411788471, 17.972303644551445 ], [ 73.350608579170867, 17.959118428999961 ], [ 73.361339935241375, 17.954427141899551 ], [ 73.360753487531511, 17.937524981154432 ], [ 73.369119845002174, 17.933544142450081 ], [ 73.37590335712666, 17.916462073503975 ], [ 73.368461623380739, 17.907961119911363 ], [ 73.368828643654965, 17.893785344254116 ], [ 73.380499542954368, 17.882304844853387 ], [ 73.405002797892791, 17.882814536603888 ], [ 73.41381835314337, 17.893733533739091 ], [ 73.422854842965478, 17.896953165158592 ], [ 73.426211630205557, 17.909172735558254 ], [ 73.437067259057997, 17.902705650784888 ], [ 73.438155890392423, 17.878351611859966 ], [ 73.443059101735258, 17.870636512183101 ], [ 73.438350946482799, 17.859340151461833 ], [ 73.444681161994225, 17.85062086856156 ], [ 73.450438812765753, 17.851751410430094 ], [ 73.461192628780211, 17.867014235796649 ], [ 73.489121050876463, 17.867047365316953 ], [ 73.499732158784383, 17.85222211417107 ], [ 73.510250824414697, 17.85220080515629 ], [ 73.533110887417109, 17.883113008964948 ], [ 73.549761476876128, 17.865333975701905 ], [ 73.569658044217405, 17.878101629911015 ], [ 73.577240583547749, 17.876076890382539 ], [ 73.574276024514447, 17.865178441078381 ], [ 73.588917249973221, 17.851817948124999 ], [ 73.597263203189783, 17.850070523216353 ], [ 73.586194936319842, 17.84170329928509 ], [ 73.584442520156969, 17.833835510753325 ], [ 73.596933041178644, 17.8232322906529 ], [ 73.594550957279452, 17.803305549082214 ], [ 73.602049107061333, 17.79503414041168 ], [ 73.581839211971825, 17.789194381078499 ], [ 73.591575538466941, 17.779145873733402 ], [ 73.591853763219348, 17.772955542117693 ], [ 73.565942118123118, 17.724185088249172 ], [ 73.593334403207066, 17.701727267333677 ], [ 73.615550958232333, 17.71416314397786 ], [ 73.635290526927022, 17.698059494632968 ], [ 73.651064043037906, 17.708567190131042 ], [ 73.657594315298724, 17.696254616404573 ], [ 73.686831405194383, 17.685730718888291 ], [ 73.680865654940973, 17.678081509946736 ], [ 73.692566276036402, 17.673628037290722 ], [ 73.695287463806181, 17.663112697774078 ], [ 73.701380275705318, 17.658943142189486 ], [ 73.690466668755278, 17.628670244451559 ], [ 73.715502808132115, 17.624526008285077 ], [ 73.720698072282389, 17.617852307207386 ], [ 73.712756311685084, 17.607574862963183 ], [ 73.723773070097351, 17.599407762584224 ], [ 73.727761809305619, 17.588993391952759 ], [ 73.715476625679713, 17.573556755121388 ], [ 73.746525776615357, 17.556886030340909 ], [ 73.74111091499941, 17.534165975397254 ], [ 73.720971172155686, 17.524916315668957 ], [ 73.720497207005678, 17.517567347941398 ], [ 73.714847497270142, 17.517127085660977 ], [ 73.704322172415772, 17.504836959322883 ], [ 73.709704104083926, 17.49947213563313 ], [ 73.708245212368098, 17.494156209600586 ], [ 73.693738786969575, 17.487431718633303 ], [ 73.695404843124336, 17.478288084410426 ], [ 73.705954948216046, 17.465922128835871 ], [ 73.699907552453382, 17.453433612278207 ], [ 73.706586769231407, 17.444890825910154 ], [ 73.704075920566098, 17.423439028600779 ], [ 73.689975117279715, 17.422197446808386 ], [ 73.680813924106701, 17.414996614337714 ], [ 73.668363231103569, 17.39334453493737 ], [ 73.660063080856915, 17.395380388333976 ], [ 73.654168005268204, 17.387400773454353 ], [ 73.648883990028921, 17.397835839190929 ], [ 73.644299195838414, 17.397638231152158 ], [ 73.640781717969077, 17.39119626650184 ], [ 73.645384692018297, 17.381776006874848 ], [ 73.649629304558829, 17.384290175737824 ], [ 73.657501424196155, 17.375252115582022 ], [ 73.680256852896406, 17.374837012424333 ], [ 73.691361759456569, 17.359377376036772 ], [ 73.673848140401248, 17.347666254689301 ], [ 73.685693721625043, 17.345192975015983 ], [ 73.679549180541656, 17.3305889310002 ], [ 73.684981323882241, 17.314654461089273 ], [ 73.678142942477564, 17.294777433299341 ], [ 73.689813971334019, 17.285637582847848 ], [ 73.688276202276413, 17.267722918800171 ], [ 73.694640661360452, 17.260517639832138 ], [ 73.69281910243096, 17.230646908216812 ], [ 73.70562023333683, 17.224760684939305 ], [ 73.715188443285768, 17.209217866591874 ], [ 73.705779403114391, 17.18986525423804 ], [ 73.693385306821057, 17.180249660214734 ], [ 73.708674270896452, 17.170245355468108 ], [ 73.707080849642423, 17.163481210489472 ], [ 73.688615453541757, 17.15679749895488 ], [ 73.689314981327342, 17.141809409351517 ], [ 73.709804736739329, 17.141075283110389 ], [ 73.716782833547811, 17.131246579716567 ], [ 73.736486082963367, 17.121438983813459 ], [ 73.744739267109836, 17.131255108821289 ], [ 73.749805932949755, 17.129492781559158 ], [ 73.768668324671609, 17.10929094518789 ], [ 73.778317415404018, 17.108345267747797 ], [ 73.784494627310863, 17.098211248775286 ], [ 73.789979868743387, 17.094885871727111 ], [ 73.793329964687516, 17.099284203959019 ], [ 73.807110469435202, 17.086221850879681 ], [ 73.80360231814376, 17.062521785589809 ], [ 73.817249456129431, 17.065507041057515 ], [ 73.832548950448526, 17.058229034514632 ], [ 73.83396509089431, 17.053516309966678 ], [ 73.824840639880279, 17.037684137358159 ], [ 73.831560098880487, 17.02312071481731 ], [ 73.827423891686109, 17.011646463226814 ], [ 73.834127636110424, 17.001348896373361 ], [ 73.831217129071888, 16.98948714699041 ], [ 73.809234473863285, 16.987949328569165 ], [ 73.785962113421945, 16.993065562960741 ], [ 73.775856886020136, 16.972679990824286 ], [ 73.772120442068257, 16.975039631137815 ], [ 73.762165010822343, 16.961736893712008 ], [ 73.789568023220781, 16.939647395227798 ], [ 73.795159964403453, 16.929917278440069 ], [ 73.79104684252637, 16.930636430922888 ], [ 73.787762372108389, 16.924075839790628 ], [ 73.792211171905393, 16.923281974311447 ], [ 73.78837476981785, 16.906893975979855 ], [ 73.777034703803878, 16.910693448070578 ], [ 73.764778630839828, 16.909816222974055 ], [ 73.759257283885802, 16.903590790865522 ], [ 73.747639803150719, 16.905170831219987 ], [ 73.742425914034186, 16.91781315183464 ], [ 73.736525071494214, 16.914723579791577 ], [ 73.735764709947773, 16.901750081583927 ], [ 73.739643036198487, 16.896195336194982 ], [ 73.747375799395627, 16.9042568500622 ], [ 73.746672304367948, 16.884400975650188 ], [ 73.767142521354216, 16.865929006115508 ], [ 73.766675533669428, 16.854680136318485 ], [ 73.761836192658564, 16.851498470613659 ], [ 73.764925281599304, 16.829024530238343 ], [ 73.737823245589595, 16.845093816631806 ], [ 73.727524453737203, 16.834603607017961 ], [ 73.723795707948696, 16.83908545199418 ], [ 73.716948112512156, 16.836713912147665 ], [ 73.711419883179786, 16.827919735765523 ], [ 73.729045478612989, 16.820809655770958 ], [ 73.727551507508565, 16.816826724367374 ], [ 73.732979255970506, 16.816163400835993 ], [ 73.735468813260979, 16.822459297912619 ], [ 73.751702708938438, 16.81036840319544 ], [ 73.750332735607586, 16.805720726578517 ], [ 73.760450402921634, 16.802538004552048 ], [ 73.754295454242111, 16.783351408310548 ], [ 73.760839773632753, 16.770013403417749 ], [ 73.770471718395953, 16.77052155368634 ], [ 73.779796829066001, 16.779409621535219 ], [ 73.790809629800094, 16.762632599033939 ], [ 73.797577016430964, 16.760908132039962 ], [ 73.812327923017676, 16.768983470845306 ], [ 73.828722575365063, 16.754002955592114 ], [ 73.827417752251577, 16.743164217977178 ], [ 73.834831336269261, 16.742400029650558 ], [ 73.837589150112578, 16.736489732123967 ], [ 73.829471717162463, 16.727995444850809 ], [ 73.825887864660089, 16.715224216598848 ], [ 73.810876398060842, 16.708230623958368 ], [ 73.816712544879991, 16.709079972257246 ], [ 73.825300038393834, 16.697261725022877 ], [ 73.842312443031886, 16.69414305532041 ], [ 73.859581795185051, 16.681176137692521 ], [ 73.850290843856357, 16.673443682619641 ], [ 73.863077840739848, 16.670601123614819 ], [ 73.853205546539513, 16.658929126920032 ], [ 73.856470879302819, 16.655900261663835 ], [ 73.849056653806059, 16.650060158127154 ], [ 73.839872695701729, 16.653128452540511 ], [ 73.830266174228498, 16.64905671502866 ], [ 73.795763592188848, 16.66305761828643 ], [ 73.784099602831532, 16.659303820504334 ], [ 73.771759566233357, 16.665212139917532 ], [ 73.76486603434266, 16.643745056937099 ], [ 73.753542077678844, 16.641796028520314 ], [ 73.760944511678233, 16.62956333503492 ], [ 73.769860230822758, 16.624792185259977 ], [ 73.767691707692421, 16.603263341891914 ], [ 73.741811849466998, 16.59983242549518 ], [ 73.731900967546949, 16.607996766247101 ], [ 73.709455863373449, 16.6031120534299 ], [ 73.700076787446392, 16.624264975947696 ], [ 73.690569011882985, 16.623865031122488 ], [ 73.67555125762162, 16.607939995035995 ], [ 73.670671587934336, 16.584068290925188 ], [ 73.661316017823438, 16.589085332820964 ], [ 73.665928337969248, 16.581226969852683 ], [ 73.656571824856854, 16.575055247903432 ], [ 73.648497810615495, 16.575618163155234 ], [ 73.650064331220065, 16.567286459526514 ], [ 73.646003388926829, 16.56195316862259 ], [ 73.636122277144352, 16.56350925710159 ], [ 73.632345910649093, 16.559192636936757 ], [ 73.635289603400153, 16.572130079718242 ], [ 73.627313597436213, 16.582793313145512 ], [ 73.622076802182562, 16.583120773678392 ], [ 73.614795630504133, 16.573904182463757 ], [ 73.612112292048209, 16.557029193764851 ], [ 73.600561683949124, 16.544461160421989 ], [ 73.591674670066041, 16.540638372833101 ], [ 73.578756639335481, 16.545402704527561 ], [ 73.565580838139027, 16.529688204519452 ], [ 73.540345869281367, 16.514221989973919 ], [ 73.525431806883148, 16.525140539637814 ], [ 73.510541600658996, 16.516716482681858 ], [ 73.497977008065277, 16.520389672510028 ], [ 73.466595860808525, 16.493680138009115 ], [ 73.433922917639421, 16.503710695521331 ], [ 73.415704216537492, 16.514687870024474 ], [ 73.394470543324871, 16.510435967042941 ], [ 73.358751038000165, 16.523707119027421 ], [ 73.349935907380313, 16.531254337339359 ], [ 73.344225773543059, 16.548767673002441 ], [ 73.349446012398545, 16.551151641873926 ], [ 73.346503705467825, 16.556304943937324 ], [ 73.356802818841231, 16.553288639775097 ], [ 73.355560575682915, 16.565948348629625 ], [ 73.346266027070129, 16.565094632778745 ], [ 73.343021092405081, 16.579109938369932 ], [ 73.330055644931889, 16.577469571181869 ], [ 73.318647687563015, 16.593023451683123 ], [ 73.320694510285392, 16.606870853607298 ], [ 73.339403086581157, 16.604684024059775 ], [ 73.347801203476706, 16.61258428432172 ], [ 73.352456809855894, 16.608212161319688 ], [ 73.353453576474564, 16.607757377065671 ], [ 73.355194577386229, 16.618950628863772 ], [ 73.352147747272113, 16.6248895080534 ], [ 73.330450551559949, 16.619858850166885 ], [ 73.342223698709176, 16.629296773747587 ], [ 73.339106318894821, 16.637805436658709 ], [ 73.329439506500904, 16.641792950868744 ], [ 73.32745312666917, 16.637109362230763 ], [ 73.323018324682948, 16.63861668131085 ], [ 73.323784675317256, 16.64677840802408 ], [ 73.333054814993716, 16.650573750519882 ], [ 73.329715912122225, 16.687394889576087 ], [ 73.319108026068662, 16.697742854883071 ], [ 73.319210906688156, 16.7063860171369 ], [ 73.305389602653065, 16.73027712770595 ], [ 73.304441990486666, 16.765871816855238 ], [ 73.310313589574591, 16.78450295384085 ], [ 73.319138114025677, 16.79533838736409 ], [ 73.31619186363973, 16.806104574309508 ], [ 73.303107163368665, 16.809477722669556 ], [ 73.296354560018997, 16.816381179881045 ], [ 73.295046841195258, 16.839132184870742 ], [ 73.289138568773382, 16.844292134342833 ], [ 73.294187396806308, 16.850171294068673 ], [ 73.289385774428382, 16.858368784963009 ], [ 73.295801781422483, 16.860357159263469 ], [ 73.287430080568569, 16.880895916052353 ], [ 73.303002551336618, 16.89141053101325 ], [ 73.293870026007397, 16.898444461528182 ], [ 73.278576086191762, 16.893036714891331 ], [ 73.287578610421093, 16.916408559726168 ], [ 73.283183529928294, 16.95036797706058 ], [ 73.292500690145317, 16.955011690514088 ], [ 73.295416589079679, 16.978934983695339 ], [ 73.29971793684453, 16.98188401273681 ], [ 73.279280058175175, 16.993400049473497 ], [ 73.276184657469017, 16.984806221551718 ], [ 73.271235990741431, 16.985092181924689 ], [ 73.26781394663162, 16.997471988439187 ], [ 73.276956281505718, 17.001497558172527 ], [ 73.281808636235411, 16.998495071918452 ], [ 73.284053301572058, 17.011096226404003 ], [ 73.276040771101762, 17.023449954986365 ], [ 73.267740361125604, 17.024985417876788 ], [ 73.258639900517508, 17.019859342220066 ], [ 73.25536795483481, 17.027712699055094 ], [ 73.258212549581074, 17.048774976225133 ], [ 73.268867196673625, 17.044864655768563 ], [ 73.267700523307383, 17.038393799446574 ], [ 73.279141340209307, 17.037559824788392 ], [ 73.289051865884247, 17.074409691865956 ], [ 73.283477954452195, 17.07882811444718 ], [ 73.286309550672016, 17.084474192706008 ], [ 73.282042414643811, 17.108568947263645 ], [ 73.267647348593329, 17.114743590873662 ], [ 73.272313252475612, 17.121217079332073 ], [ 73.253446473935426, 17.18830807238108 ], [ 73.231626205665748, 17.199143800080851 ], [ 73.242528485180785, 17.198161948204799 ], [ 73.246639986289011, 17.204306930780124 ], [ 73.24469052768201, 17.222389727516042 ], [ 73.235427881355164, 17.227616962487286 ], [ 73.231256281375764, 17.246726968432153 ], [ 73.224100695440427, 17.248418956456945 ], [ 73.228501742637278, 17.251059711396071 ], [ 73.226657432210715, 17.256483807201239 ], [ 73.222724387200159, 17.255800769026173 ], [ 73.219775678531192, 17.270354981842818 ], [ 73.210221174428995, 17.278039870281528 ], [ 73.210043367386575, 17.270841253877361 ], [ 73.205611449971258, 17.269571332596851 ], [ 73.202988270567758, 17.2892171325825 ], [ 73.190638505933052, 17.299308881190342 ], [ 73.196901758106307, 17.306796996242003 ], [ 73.205415268964458, 17.29915690421139 ], [ 73.21150909825262, 17.307014529078437 ], [ 73.222651231088477, 17.30632511481782 ], [ 73.229247480097882, 17.282477702020991 ], [ 73.240602335613161, 17.285349751319369 ], [ 73.257597123335898, 17.279764990461171 ], [ 73.258770707830934, 17.28603013189425 ], [ 73.255409939626986, 17.29077644705535 ], [ 73.235556379165644, 17.288107995544394 ], [ 73.238762810979622, 17.317041469560117 ], [ 73.218902371733904, 17.328550151179222 ], [ 73.219899560515785, 17.333104933449672 ], [ 73.229256910436945, 17.333981997704434 ], [ 73.229447382663096, 17.335161180846693 ], [ 73.214806083883275, 17.346314297794493 ], [ 73.219104161228358, 17.353072595318451 ], [ 73.211317168316683, 17.360728343302721 ], [ 73.21359465871987, 17.37016314939962 ], [ 73.208956157809681, 17.371883078106215 ], [ 73.205581132131286, 17.387330288544746 ], [ 73.183331287476591, 17.384076694222241 ], [ 73.16769643348772, 17.403052707276391 ], [ 73.168845764001631, 17.409711921958685 ], [ 73.176748947070223, 17.407814301733751 ], [ 73.186102497825544, 17.415011412871301 ], [ 73.186001915853083, 17.430211631468168 ], [ 73.198651290828323, 17.439085601173151 ], [ 73.184527568361645, 17.443138179242901 ], [ 73.184497424363656, 17.455705208771796 ], [ 73.192313563476603, 17.463859881465954 ], [ 73.192180437474121, 17.469957371653209 ], [ 73.173925592920796, 17.516907267260539 ], [ 73.16103828435341, 17.528735366565954 ], [ 73.15383485941274, 17.528196804262294 ], [ 73.13710165969286, 17.555890979468245 ], [ 73.139998513086368, 17.570202294494237 ], [ 73.150184358803088, 17.574128465487966 ], [ 73.152733139128131, 17.598709329220501 ], [ 73.138315421552988, 17.609597176173992 ], [ 73.135116063601629, 17.628228766557683 ], [ 73.127549957657067, 17.638028769198538 ], [ 73.134800728070473, 17.647613616048286 ], [ 73.114277909592403, 17.685733027349656 ], [ 73.114346847944844, 17.695171836629783 ], [ 73.125320593405277, 17.699441531035113 ], [ 73.135151027748378, 17.708645637050168 ], [ 73.12591516779176, 17.752745145388182 ], [ 73.119336057983546, 17.759658862469642 ], [ 73.12122005854485, 17.766698836596785 ], [ 73.103149496889017, 17.802982057904433 ], [ 73.094040428179611, 17.811710307838105 ], [ 73.08935797987678, 17.812340517130565 ], [ 73.096270499346303, 17.825849425706156 ], [ 73.088707364231425, 17.835188451987204 ], [ 73.075002403923733, 17.882525677548248 ], [ 73.070190290090437, 17.882118612024794 ], [ 73.067955714946748, 17.891319509599683 ], [ 73.061453344185736, 17.89211169572129 ], [ 73.051208109042648, 17.906341250544074 ], [ 73.054701832108478, 17.909616695866227 ], [ 73.050883239284971, 17.930746562151768 ], [ 73.038567428825232, 17.935235129944846 ], [ 73.028850511595252, 17.949555035741074 ], [ 73.030261708140245, 17.968027465610994 ], [ 73.038332289299689, 17.974826559037471 ], [ 73.03668302500806, 17.982712578814233 ], [ 73.041371984560556, 17.98598575912337 ], [ 73.092257774323201, 17.989709860336379 ], [ 73.114418142473653, 17.979501573808278 ], [ 73.132201869167517, 18.014022755097088 ], [ 73.149373371023614, 18.021797094754703 ], [ 73.151328760876254, 18.033282681135475 ], [ 73.17245706092416, 18.058367391796274 ], [ 73.191378446043018, 18.058347734164407 ], [ 73.205319797029489, 18.069405500811584 ], [ 73.211152087162944, 18.06183438599215 ] ] ] ] } },
{ "type": "Feature", "properties": { "District": "SANGLI" }, "geometry": { "type": "Polygon", "coordinates": [ [ [ 74.909034342959885, 17.620898658421424 ], [ 74.923716295031241, 17.619281762023455 ], [ 74.91492227061228, 17.601455756822745 ], [ 74.915439963683937, 17.580034844786333 ], [ 74.920476122084409, 17.576797299062413 ], [ 74.944345577890473, 17.590788333503848 ], [ 74.953077608323085, 17.58784548034383 ], [ 74.961860594329337, 17.59146401536405 ], [ 74.962468562378319, 17.562074495061221 ], [ 74.985120815220924, 17.544893359916195 ], [ 74.984098433284572, 17.53820660697065 ], [ 74.958968808128404, 17.522329983499805 ], [ 74.943149725584789, 17.521889083675187 ], [ 74.936794394763055, 17.510315332859573 ], [ 74.96057742709516, 17.491998401358131 ], [ 74.973404439028585, 17.466130750841998 ], [ 74.980258286392086, 17.46578841637097 ], [ 74.990070131218332, 17.475691100675853 ], [ 75.027119650523986, 17.495259199289666 ], [ 75.038073694332255, 17.488963712062603 ], [ 75.041794386318202, 17.470113377831758 ], [ 75.032586719606797, 17.444946136688639 ], [ 75.035141919627705, 17.418083371198144 ], [ 75.023260941289863, 17.40793528996155 ], [ 75.004744262727954, 17.413477008078114 ], [ 74.997769514133296, 17.406639337196985 ], [ 74.994427944897595, 17.392622726755921 ], [ 75.00145893414718, 17.389179247966293 ], [ 75.008319564717794, 17.3682051254128 ], [ 74.983358651555093, 17.355492141984321 ], [ 74.967974849691657, 17.341420138418339 ], [ 74.970438400356628, 17.326917599618081 ], [ 74.959774332155831, 17.293086979936259 ], [ 74.93668279460833, 17.285389309243261 ], [ 74.935244560583541, 17.275520220150568 ], [ 74.909024490350561, 17.275973546935443 ], [ 74.899511644978205, 17.263672522185633 ], [ 74.898064422079031, 17.241525968448961 ], [ 74.891593391377498, 17.23483539627664 ], [ 74.885546004661549, 17.235163227525881 ], [ 74.885224808522835, 17.220803332252306 ], [ 74.872332752083352, 17.219886219664559 ], [ 74.877057112186506, 17.212100237500902 ], [ 74.867077604843757, 17.21765330611267 ], [ 74.857344293039333, 17.215417761518101 ], [ 74.848330211475314, 17.20370024191266 ], [ 74.857354786495961, 17.211690358474083 ], [ 74.854116168768371, 17.202851876416116 ], [ 74.862456348873181, 17.211292605651678 ], [ 74.865057550226112, 17.205489686185516 ], [ 74.868824144304753, 17.210088279119642 ], [ 74.869393414440367, 17.202417907164911 ], [ 74.862492053029911, 17.196452875418721 ], [ 74.870979078909414, 17.197887162666625 ], [ 74.871270166185013, 17.190170014927563 ], [ 74.874593611917874, 17.194497670167113 ], [ 74.879969032812596, 17.188688063636288 ], [ 74.885739870233209, 17.195801742864873 ], [ 74.89454459121076, 17.195268347795682 ], [ 74.89476045824658, 17.191147861867147 ], [ 74.886037943230079, 17.189792579410447 ], [ 74.893550738382658, 17.183295187808262 ], [ 74.886533897587938, 17.181261924784678 ], [ 74.895587147822894, 17.176371402633158 ], [ 74.895494752973192, 17.178530253409129 ], [ 74.899434151974901, 17.183961963332482 ], [ 74.900389201543049, 17.176817314864977 ], [ 74.918607036111254, 17.173690626855791 ], [ 74.920924971729775, 17.165905412988696 ], [ 74.940976987154556, 17.169048779596014 ], [ 74.950013120683622, 17.173880215388746 ], [ 74.946473221221709, 17.184970481103242 ], [ 74.951905503574579, 17.185804152604128 ], [ 74.949585192946998, 17.192930814503875 ], [ 74.945958062963399, 17.189298480382309 ], [ 74.943903249744594, 17.194409208810978 ], [ 74.93966558010159, 17.192286050087318 ], [ 74.94187545648542, 17.198814230731983 ], [ 74.947272736015805, 17.197005060842148 ], [ 74.94362969208639, 17.204699620254271 ], [ 74.97671495480428, 17.192863697439794 ], [ 74.985138738475499, 17.204860978387003 ], [ 75.008810268996925, 17.209281025292512 ], [ 75.016169043215967, 17.224704850508694 ], [ 75.077705588029119, 17.22159192298275 ], [ 75.075137914348375, 17.233967746122001 ], [ 75.079596861256718, 17.247600140783227 ], [ 75.093780722240155, 17.25160908212268 ], [ 75.099184639509573, 17.244051346880713 ], [ 75.114187093930383, 17.23966200278484 ], [ 75.142977612338626, 17.24401388815356 ], [ 75.176571045818463, 17.240155025667175 ], [ 75.179732060345273, 17.235698880291451 ], [ 75.189973960361982, 17.250965157456708 ], [ 75.193646084651036, 17.268209029515802 ], [ 75.20450596215629, 17.270363653375803 ], [ 75.203843676956197, 17.264035850221049 ], [ 75.225270092925854, 17.254358047564452 ], [ 75.2472944874809, 17.255459208632793 ], [ 75.239349184685906, 17.23983701812848 ], [ 75.240186337658173, 17.218233581849439 ], [ 75.216843814056958, 17.20467285262151 ], [ 75.222236972857928, 17.183646149639202 ], [ 75.235387511630293, 17.178749289609502 ], [ 75.268250622674472, 17.183337146069853 ], [ 75.270274158514923, 17.148375219792079 ], [ 75.29622534861042, 17.1459809189911 ], [ 75.304592785811437, 17.169370246260957 ], [ 75.282828607535507, 17.195875158553388 ], [ 75.287181574636392, 17.215657577871337 ], [ 75.317015089640904, 17.220418397220826 ], [ 75.330244038883251, 17.218103116057289 ], [ 75.334778220609579, 17.23955083500762 ], [ 75.365649335951844, 17.236193821530552 ], [ 75.370551437997634, 17.217186630924726 ], [ 75.369950095514938, 17.19050255081336 ], [ 75.389088811777938, 17.190649055647583 ], [ 75.406758829624124, 17.184724207399729 ], [ 75.408849746326766, 17.190803812786655 ], [ 75.402228064154272, 17.21151066564622 ], [ 75.409574283560246, 17.229746750910344 ], [ 75.408330838390484, 17.239341977728685 ], [ 75.42091149952418, 17.265883864118507 ], [ 75.428504721046082, 17.267992228437691 ], [ 75.444309347475397, 17.254791360114119 ], [ 75.465791161087125, 17.251842697898063 ], [ 75.467209938289585, 17.244434243997034 ], [ 75.515447146583426, 17.2403628733597 ], [ 75.542367508585627, 17.276934888917179 ], [ 75.60383885493718, 17.30538821878093 ], [ 75.622407617577181, 17.2951032098597 ], [ 75.630219234518407, 17.280839363377087 ], [ 75.627848935711739, 17.274339592390618 ], [ 75.654168600007552, 17.273815180544066 ], [ 75.657716052267446, 17.263207729495072 ], [ 75.661911647474, 17.214577575019302 ], [ 75.64259142774381, 17.197648115297763 ], [ 75.639930169719236, 17.188865075697933 ], [ 75.628434458858621, 17.188657929251793 ], [ 75.625376553808763, 17.174000318955507 ], [ 75.628259915555631, 17.162694109109896 ], [ 75.649531625374976, 17.134376477066148 ], [ 75.650346943516823, 17.115692335161548 ], [ 75.672288650704004, 17.115995838743778 ], [ 75.678738400021842, 17.077150878592509 ], [ 75.676715372171046, 17.065415865911767 ], [ 75.660395258114661, 17.064502662780889 ], [ 75.650307249907556, 17.057255011836649 ], [ 75.640998450642755, 17.037581447284385 ], [ 75.649993959189217, 17.032238080166543 ], [ 75.66969398983646, 17.038160278726224 ], [ 75.666075153103577, 16.979771603991868 ], [ 75.677082151181352, 16.96900269752269 ], [ 75.675133956688867, 16.965545780115118 ], [ 75.642057731126457, 16.954551128486202 ], [ 75.633931967834059, 16.970259162361788 ], [ 75.607863029922811, 16.97099707584168 ], [ 75.606887522817686, 17.004565815243861 ], [ 75.573097162147661, 17.009606460058688 ], [ 75.567218952872594, 17.009046270524703 ], [ 75.567652085990588, 16.965745872763975 ], [ 75.529314160071223, 16.969399828566587 ], [ 75.509661324287279, 16.950250228283224 ], [ 75.489077659119502, 16.944422722537983 ], [ 75.483236476237295, 16.975994583664914 ], [ 75.466182547527708, 16.981311701049197 ], [ 75.465552232210413, 16.988365009780878 ], [ 75.441603457402607, 16.982231095163083 ], [ 75.427877976406762, 16.966494552466145 ], [ 75.392135065258955, 16.980090668162465 ], [ 75.368543200672647, 16.971951364940946 ], [ 75.35005086478462, 16.957816472669808 ], [ 75.279602656284709, 16.95655635834699 ], [ 75.279382714420777, 16.923328329684008 ], [ 75.282901429633739, 16.909716320568613 ], [ 75.289935564938645, 16.904025804205869 ], [ 75.282029925153267, 16.880290476334345 ], [ 75.264719718128958, 16.862799814706431 ], [ 75.237660942226341, 16.867940851110003 ], [ 75.227639722059422, 16.843175504421865 ], [ 75.214202238659581, 16.841699215880322 ], [ 75.181847489600358, 16.843402317149113 ], [ 75.188987400067376, 16.875280257064404 ], [ 75.176575976567065, 16.867707026956392 ], [ 75.136483212100316, 16.874487897337165 ], [ 75.134842482498996, 16.894703917559632 ], [ 75.12032278856293, 16.902530453054897 ], [ 75.117482414676516, 16.913444668918867 ], [ 75.09630858545485, 16.913743264612979 ], [ 75.089333700207277, 16.951582159955105 ], [ 75.074352318105795, 16.950015407985099 ], [ 75.062035772679707, 16.941521479343386 ], [ 75.044539261693203, 16.941729555405541 ], [ 75.025234839934313, 16.928002336993369 ], [ 75.026585702803231, 16.944136297579764 ], [ 74.992908928033643, 16.952070429579361 ], [ 74.964355063779379, 16.947633233870736 ], [ 74.96751294928454, 16.941607576730803 ], [ 74.960155640012147, 16.937255693479166 ], [ 74.964544382586453, 16.926776346735664 ], [ 74.931707157849402, 16.944755208674035 ], [ 74.923164650604363, 16.939306557293758 ], [ 74.921775660816834, 16.929861659593321 ], [ 74.934215490925553, 16.92422837171479 ], [ 74.932655990593346, 16.918905677351699 ], [ 74.944354777517432, 16.910836815131141 ], [ 74.954857714558528, 16.91016984900444 ], [ 74.955349909917928, 16.905343065316455 ], [ 74.963578554273326, 16.909711326843507 ], [ 74.960360767441301, 16.880947233315304 ], [ 74.935923630972766, 16.879236356181092 ], [ 74.935221355457657, 16.871065136939801 ], [ 74.92554829341627, 16.872029848031627 ], [ 74.926497190005179, 16.863538296022313 ], [ 74.901515662775907, 16.862550215585859 ], [ 74.910293055906735, 16.83514164660431 ], [ 74.910816728410751, 16.789542335490648 ], [ 74.920143608868827, 16.772499201883647 ], [ 74.869358958566778, 16.77406589922381 ], [ 74.865681926344209, 16.763360269385618 ], [ 74.849820435139804, 16.772755602844359 ], [ 74.844512762095306, 16.761815453385459 ], [ 74.798744280489913, 16.753655271565215 ], [ 74.795749342670589, 16.747746935150534 ], [ 74.771969584861978, 16.75068225496484 ], [ 74.752764368687963, 16.730857299574087 ], [ 74.732091745113564, 16.718324016706589 ], [ 74.692233794342727, 16.71533331195964 ], [ 74.700459937045125, 16.73054896885532 ], [ 74.698569282986128, 16.737171614991023 ], [ 74.645833116165704, 16.752363000989543 ], [ 74.641542400533112, 16.772794361215219 ], [ 74.62943318286068, 16.787951266980638 ], [ 74.604657006097483, 16.799398747802925 ], [ 74.56059510372792, 16.806218642907155 ], [ 74.554433414938046, 16.824604884496168 ], [ 74.534578148110171, 16.846178319930956 ], [ 74.517931756577156, 16.852388618417809 ], [ 74.516943702588094, 16.858137933457829 ], [ 74.512954845543163, 16.851349303591739 ], [ 74.514562894743023, 16.840862396713529 ], [ 74.500573133568892, 16.829630540744425 ], [ 74.49542438216163, 16.835120033490274 ], [ 74.495033559845211, 16.857814319111842 ], [ 74.472556680350834, 16.868477449407578 ], [ 74.458426720824875, 16.852974153000638 ], [ 74.414640155505182, 16.84395120405981 ], [ 74.404055458816984, 16.851384552539674 ], [ 74.414410624073696, 16.864902225984775 ], [ 74.41567646431406, 16.877674624823921 ], [ 74.40360274279476, 16.876410065867422 ], [ 74.401528971338877, 16.883007212266733 ], [ 74.36202953957995, 16.853442261156236 ], [ 74.354199653761341, 16.872776335180159 ], [ 74.34555406603117, 16.873555210873825 ], [ 74.337085899186562, 16.881303858117569 ], [ 74.32577775275368, 16.877841057925572 ], [ 74.314382954489076, 16.891315564248842 ], [ 74.295548208714251, 16.894641141795873 ], [ 74.28181621824244, 16.918515840072153 ], [ 74.257229981777101, 16.906509241018583 ], [ 74.246953254444904, 16.886419528817964 ], [ 74.236411105295119, 16.886123731889683 ], [ 74.232186554209136, 16.890378423416831 ], [ 74.230858460633698, 16.903333903788166 ], [ 74.223165439294959, 16.913686546645085 ], [ 74.21627335624855, 16.911650383790683 ], [ 74.20973385770958, 16.893019420413331 ], [ 74.191835572896849, 16.893889845513538 ], [ 74.1751963342697, 16.902536573464339 ], [ 74.163618892075007, 16.898661413185099 ], [ 74.145589922493073, 16.882731440980638 ], [ 74.135086053930607, 16.888102515593211 ], [ 74.120731392782048, 16.913177327203762 ], [ 74.100527701120356, 16.910195313662687 ], [ 74.091474432326947, 16.918260925246532 ], [ 74.080358409996393, 16.907204783114828 ], [ 74.065706845089565, 16.902379832973892 ], [ 74.064723906886485, 16.910184514949854 ], [ 74.038419640757269, 16.923875889321053 ], [ 74.037147500691091, 16.938295744057438 ], [ 74.022961922287593, 16.942304376487002 ], [ 74.028133838603154, 16.951242068771606 ], [ 74.019812903330845, 16.95936874967521 ], [ 74.026190307503157, 16.963988602416936 ], [ 74.020744662708481, 16.969967706818274 ], [ 74.023353871331693, 16.985151734682177 ], [ 73.990813475857948, 16.997172425590509 ], [ 73.984750403992621, 16.986678779401704 ], [ 73.975046921976215, 16.988618229500652 ], [ 73.969103421924743, 17.006940092395816 ], [ 73.978875527412313, 17.009610140587558 ], [ 73.97819443915273, 17.03644806915451 ], [ 73.973673281213735, 17.035730997561121 ], [ 73.957917654758646, 17.057495969605032 ], [ 73.940257044592542, 17.062946288813336 ], [ 73.93043910133872, 17.074815896803308 ], [ 73.913815495181268, 17.071433288431859 ], [ 73.914656444824317, 17.075965447574461 ], [ 73.904253969025447, 17.084779766363152 ], [ 73.899888304837845, 17.102385922848267 ], [ 73.873470183378885, 17.117071402235585 ], [ 73.871169860942885, 17.123378790340112 ], [ 73.875533030060495, 17.128542421422431 ], [ 73.858133139938246, 17.137302871949256 ], [ 73.846504500843636, 17.15422550360865 ], [ 73.820217675872556, 17.170257072210763 ], [ 73.799188123713591, 17.17123953191043 ], [ 73.792377216237099, 17.178262634982072 ], [ 73.775873890659696, 17.182077533907471 ], [ 73.767805850143247, 17.174328807015247 ], [ 73.777095272514813, 17.154073791304501 ], [ 73.77318792038001, 17.149628950807294 ], [ 73.747235727137976, 17.155085475786922 ], [ 73.742363189208163, 17.160068947794738 ], [ 73.742571737616004, 17.176479751626534 ], [ 73.719971931365848, 17.1690969184286 ], [ 73.693385306821057, 17.180249660214734 ], [ 73.705779403114391, 17.18986525423804 ], [ 73.715188443285768, 17.209217866591874 ], [ 73.70562023333683, 17.224760684939305 ], [ 73.69281910243096, 17.230646908216812 ], [ 73.69468563737486, 17.261616219980251 ], [ 73.701358429879491, 17.264889541761622 ], [ 73.707221380519627, 17.260156297147191 ], [ 73.720379327311164, 17.261554055382089 ], [ 73.734365265070863, 17.277063091700295 ], [ 73.745355539970234, 17.278562422039613 ], [ 73.765607672093466, 17.25096338606096 ], [ 73.798704923015805, 17.244939898846162 ], [ 73.80912534924154, 17.231850247894645 ], [ 73.81753916689749, 17.233436162687468 ], [ 73.834674333805864, 17.226033014362866 ], [ 73.850502218908431, 17.198808824199293 ], [ 73.870020451437838, 17.191960653935663 ], [ 73.881942617410502, 17.171314316710049 ], [ 73.8839986462946, 17.155295840183673 ], [ 73.901257832265927, 17.159549122428604 ], [ 73.937967450738611, 17.134296277837958 ], [ 73.979388380835431, 17.131940152136121 ], [ 73.984626438255532, 17.126029026891995 ], [ 73.983871581536832, 17.116904014645989 ], [ 74.008557137005027, 17.110254416616275 ], [ 74.030420157114634, 17.090380031475334 ], [ 74.044252899255255, 17.099764165945107 ], [ 74.049125306053639, 17.097044100497854 ], [ 74.051270010156856, 17.105191235881374 ], [ 74.074303403526756, 17.097827014236408 ], [ 74.077816084891481, 17.10203429561987 ], [ 74.096345953475591, 17.101889344605059 ], [ 74.100384918437499, 17.117212763425471 ], [ 74.111159437160566, 17.123941304848039 ], [ 74.128985965312481, 17.114535633965783 ], [ 74.142062122654451, 17.119312070472002 ], [ 74.159215396672025, 17.128418351893266 ], [ 74.162823185567177, 17.141020454792674 ], [ 74.174741515615352, 17.142513486747255 ], [ 74.177400933340536, 17.149172962885256 ], [ 74.199141105546275, 17.151876283783171 ], [ 74.221128872264757, 17.139780438471206 ], [ 74.246905934659907, 17.141539406819916 ], [ 74.247015252078285, 17.154879850253543 ], [ 74.232752249936382, 17.155833976765713 ], [ 74.247251013019522, 17.160457259401511 ], [ 74.246512423777929, 17.16931563870645 ], [ 74.253038944830891, 17.170932213400654 ], [ 74.247947122726131, 17.182935166325642 ], [ 74.266370098018115, 17.18739336174346 ], [ 74.277476953539633, 17.185821870944569 ], [ 74.277956600554319, 17.178695197840575 ], [ 74.287120196981093, 17.197787167739278 ], [ 74.283917766680048, 17.207937529542956 ], [ 74.268764853150799, 17.214059979176366 ], [ 74.266060137686651, 17.222307119174754 ], [ 74.284594720791759, 17.233977197781993 ], [ 74.287815930744188, 17.247441125574404 ], [ 74.274560533132004, 17.246793288518585 ], [ 74.275140142536685, 17.252922591873808 ], [ 74.265224095174233, 17.2574534884568 ], [ 74.257089338968939, 17.285328722975784 ], [ 74.263087700437794, 17.289440520723417 ], [ 74.256223301795814, 17.293390378104057 ], [ 74.261522039402294, 17.306649071113615 ], [ 74.293786432259267, 17.312772220210089 ], [ 74.287223694580206, 17.32608402515417 ], [ 74.290370388976854, 17.326756645181025 ], [ 74.279025052128191, 17.336550756566801 ], [ 74.288122779262608, 17.355456039232415 ], [ 74.279020888742266, 17.360588606335426 ], [ 74.26029598644314, 17.35498991111902 ], [ 74.254288188740489, 17.363344400228634 ], [ 74.259520236236682, 17.363098222397763 ], [ 74.256660444066043, 17.370351816983579 ], [ 74.26205543225413, 17.377307870510901 ], [ 74.260433618942599, 17.38565351843113 ], [ 74.272207506970602, 17.39651696641095 ], [ 74.28393379422306, 17.419395109493973 ], [ 74.296438441941589, 17.425852467987628 ], [ 74.344314193610515, 17.419719282881985 ], [ 74.3439462132079, 17.410592266806304 ], [ 74.393055068397345, 17.409151749383842 ], [ 74.417346125592417, 17.40192614226461 ], [ 74.431487392233279, 17.390717791560593 ], [ 74.468319818942476, 17.39391940773006 ], [ 74.475114782151891, 17.388113746515398 ], [ 74.497954603579103, 17.383442128037057 ], [ 74.521688136088642, 17.40583294543142 ], [ 74.527492104881333, 17.41918050725501 ], [ 74.54507010114574, 17.422383177876455 ], [ 74.583707194872744, 17.413638868356092 ], [ 74.588416188079322, 17.446217976252818 ], [ 74.595084445578493, 17.449085400113027 ], [ 74.605502509302354, 17.445954699330667 ], [ 74.62405527720739, 17.413900964574871 ], [ 74.622490697165986, 17.399350845783218 ], [ 74.652930346846716, 17.399784350299043 ], [ 74.669729684666748, 17.389511151545555 ], [ 74.680860526090299, 17.392618104077457 ], [ 74.69245738154936, 17.401640897069306 ], [ 74.682520886194979, 17.423035628936304 ], [ 74.692594079770714, 17.429552155803606 ], [ 74.696035799744848, 17.438822762704714 ], [ 74.694618814969786, 17.478284268839111 ], [ 74.684677030829562, 17.487864508316971 ], [ 74.716798601504664, 17.485223741085495 ], [ 74.725241251423355, 17.474060599695008 ], [ 74.731352127045412, 17.479653039603811 ], [ 74.755171287795903, 17.476161351467699 ], [ 74.806935137034785, 17.452826518920524 ], [ 74.816706609168264, 17.467668525857942 ], [ 74.821752164931908, 17.467359361734218 ], [ 74.834315937457248, 17.489365692076408 ], [ 74.860404160820011, 17.511621266741781 ], [ 74.860000025519213, 17.525516774711534 ], [ 74.863567458793639, 17.528141382967682 ], [ 74.856547643983774, 17.559751249558307 ], [ 74.871331599037291, 17.565269085475155 ], [ 74.880797866787077, 17.577904176537501 ], [ 74.879622461907559, 17.604275505955155 ], [ 74.906735201559144, 17.629588173196151 ], [ 74.909034342959885, 17.620898658421424 ] ] ] } },
{ "type": "Feature", "properties": { "District": "SATARA" }, "geometry": { "type": "MultiPolygon", "coordinates": [ [ [ [ 73.847330411577985, 18.175628009151019 ], [ 73.866732954281801, 18.175465218787664 ], [ 73.858377868353998, 18.162628759811771 ], [ 73.847041012791223, 18.168800622476908 ], [ 73.847330411577985, 18.175628009151019 ] ] ], [ [ [ 73.893663711846884, 18.182665759954421 ], [ 73.904881332626076, 18.159153623821155 ], [ 73.922102748209909, 18.171739100968022 ], [ 73.934982409994547, 18.172053211367345 ], [ 73.945189127014231, 18.179052635519781 ], [ 73.961823396042305, 18.161679127804398 ], [ 73.981340039836752, 18.151490763048105 ], [ 73.993471480040625, 18.150922064601456 ], [ 74.004328489221336, 18.161190980476928 ], [ 74.008931887252558, 18.148578612105272 ], [ 74.028130734599117, 18.132277682573022 ], [ 74.053118471919461, 18.141622501242097 ], [ 74.06797433110448, 18.136607333897899 ], [ 74.080336195606435, 18.120822107458125 ], [ 74.100871164799088, 18.123120992749282 ], [ 74.117999489033537, 18.133320877617418 ], [ 74.137492425894564, 18.116833051756263 ], [ 74.145932061022677, 18.122265445586777 ], [ 74.162519983687446, 18.108040903916088 ], [ 74.185199327773475, 18.112906565822598 ], [ 74.210144153063311, 18.097249445887215 ], [ 74.235787149526928, 18.099597530203084 ], [ 74.262825943375717, 18.081032239779177 ], [ 74.29472792789916, 18.074073586304724 ], [ 74.302287737619466, 18.067248687032727 ], [ 74.318784343072821, 18.072513356876694 ], [ 74.327480624529343, 18.0852327689554 ], [ 74.355039280886743, 18.09698123708122 ], [ 74.360189701486945, 18.087202302658316 ], [ 74.368448196613016, 18.084632464763512 ], [ 74.372454548463892, 18.07412720454511 ], [ 74.436259696562033, 18.064772024415756 ], [ 74.459841163180883, 18.046412255380179 ], [ 74.500608092069214, 18.06013788472718 ], [ 74.533501508010886, 18.057923245665769 ], [ 74.54740760979243, 18.068375591803111 ], [ 74.557748654108792, 18.070164030840729 ], [ 74.582485259065834, 18.046024642590464 ], [ 74.590433752989284, 18.055958495181802 ], [ 74.610286438961055, 18.046399666978804 ], [ 74.629492757047785, 18.056919692182717 ], [ 74.641804247652829, 18.044301020247154 ], [ 74.657957890619357, 18.069535527573301 ], [ 74.68408753444001, 18.060094954947374 ], [ 74.69094304462952, 18.038810781590602 ], [ 74.701994258881626, 18.038128269966329 ], [ 74.711238302735339, 18.029299410721524 ], [ 74.686811771902981, 18.020523963374742 ], [ 74.662327056957849, 18.003848959425891 ], [ 74.66736233673528, 17.978881584998337 ], [ 74.655433080492827, 17.925592812974273 ], [ 74.649037467490515, 17.915657234249849 ], [ 74.642721383765547, 17.915244507367959 ], [ 74.632243711776482, 17.894387907535037 ], [ 74.636072027153489, 17.873544633062195 ], [ 74.626196318838907, 17.865275246368956 ], [ 74.611912851305149, 17.862184768123477 ], [ 74.607063003168534, 17.845236499109006 ], [ 74.621147257701963, 17.84520425231354 ], [ 74.612701935537885, 17.833207716510852 ], [ 74.617448252801864, 17.834486277396209 ], [ 74.618874291055988, 17.829142785726777 ], [ 74.624031649592439, 17.837489154786056 ], [ 74.625169953776236, 17.832337779174175 ], [ 74.630068670149413, 17.834184509852324 ], [ 74.627511724142394, 17.839372043529622 ], [ 74.629313623722638, 17.840092846797951 ], [ 74.635625624852779, 17.829557140369463 ], [ 74.643147882132936, 17.830971246844392 ], [ 74.636058178168199, 17.837145914389765 ], [ 74.648494524475367, 17.838775898024494 ], [ 74.636519491891661, 17.841112836069438 ], [ 74.651962100613645, 17.844396518351118 ], [ 74.643995784707244, 17.845735006525217 ], [ 74.647406516641595, 17.855258700683159 ], [ 74.653536780190507, 17.863602321537009 ], [ 74.665487696363542, 17.864223203940664 ], [ 74.666676719193759, 17.856987549609077 ], [ 74.679427453176743, 17.850395854774135 ], [ 74.677909614547019, 17.840439248558937 ], [ 74.682676779157418, 17.83798132555113 ], [ 74.677620558766506, 17.835142462681212 ], [ 74.68274207579455, 17.834877179857955 ], [ 74.684028858061637, 17.828993828348704 ], [ 74.689733017167583, 17.830346885699239 ], [ 74.683504959599418, 17.826825069096234 ], [ 74.692146846626983, 17.824043931864381 ], [ 74.692920890403542, 17.823593072693701 ], [ 74.69471638605394, 17.821418886943139 ], [ 74.682470694105604, 17.818832767581757 ], [ 74.690062325578396, 17.816741510459256 ], [ 74.684536643240364, 17.812766808840273 ], [ 74.693216506395288, 17.805692623705607 ], [ 74.698363750595263, 17.813745634383462 ], [ 74.696972581664113, 17.804778582306241 ], [ 74.703872230905318, 17.810576209899562 ], [ 74.697767618146159, 17.804170901326547 ], [ 74.702787259496148, 17.798885299104672 ], [ 74.694113116670948, 17.797331221541292 ], [ 74.699605990781862, 17.793441486869988 ], [ 74.706578217390302, 17.796697358045055 ], [ 74.699405091521527, 17.790165606391071 ], [ 74.705835293257323, 17.792262169016286 ], [ 74.708186807789005, 17.788828755200011 ], [ 74.713282498762254, 17.796224528791967 ], [ 74.714954434310826, 17.786839375152471 ], [ 74.726813570295363, 17.79361571890562 ], [ 74.725799965250872, 17.797771819161227 ], [ 74.7284087345557, 17.792474154648161 ], [ 74.733582028791801, 17.795023002356384 ], [ 74.740935802882049, 17.788914832730935 ], [ 74.748387171511993, 17.791550868365121 ], [ 74.756136897770631, 17.774225437323633 ], [ 74.750705714845253, 17.786366521066505 ], [ 74.746152756975036, 17.778645498885776 ], [ 74.751407982239684, 17.772395645283474 ], [ 74.740667836729202, 17.77542827112288 ], [ 74.743672952360228, 17.771248850777425 ], [ 74.73761431600154, 17.767381807363794 ], [ 74.749207476929996, 17.76556986561776 ], [ 74.754417401143598, 17.770197561369546 ], [ 74.756811085325211, 17.762109538263552 ], [ 74.758240698982391, 17.76851864986644 ], [ 74.760775018298304, 17.768948783365172 ], [ 74.759601889121839, 17.762579630450876 ], [ 74.76330308145404, 17.765279816222542 ], [ 74.764323809596249, 17.761029066787696 ], [ 74.767548979462035, 17.769488740787097 ], [ 74.772237673791167, 17.768348806161612 ], [ 74.771496959283454, 17.772653121528975 ], [ 74.775108201791497, 17.770450944229427 ], [ 74.77392313627206, 17.7742053740605 ], [ 74.779169589183539, 17.776499864859765 ], [ 74.786389197009086, 17.761367242275512 ], [ 74.799444480237895, 17.761566192674007 ], [ 74.81472363048411, 17.753539482029367 ], [ 74.838524105283582, 17.727204622487449 ], [ 74.847617155182135, 17.732145935442592 ], [ 74.848894782567427, 17.724632712725541 ], [ 74.85960861491327, 17.731052545483237 ], [ 74.871837493307012, 17.727022397373183 ], [ 74.864101440401313, 17.694197209154598 ], [ 74.870687429562096, 17.691939292904138 ], [ 74.874251941882022, 17.681725842912442 ], [ 74.885738908076974, 17.682704869020419 ], [ 74.89100183367313, 17.659038158435667 ], [ 74.906108149920243, 17.629282171705391 ], [ 74.879622461907559, 17.604275505955155 ], [ 74.881439664452003, 17.583443834121166 ], [ 74.876353076546422, 17.569901339485938 ], [ 74.856547643983774, 17.559751249558307 ], [ 74.863567458793639, 17.528141382967682 ], [ 74.860000025519213, 17.525516774711534 ], [ 74.860404160820011, 17.511621266741781 ], [ 74.834315937457248, 17.489365692076408 ], [ 74.821752164931908, 17.467359361734218 ], [ 74.816706609168264, 17.467668525857942 ], [ 74.806935137034785, 17.452826518920524 ], [ 74.755171287795903, 17.476161351467699 ], [ 74.731352127045412, 17.479653039603811 ], [ 74.725241251423355, 17.474060599695008 ], [ 74.716798601504664, 17.485223741085495 ], [ 74.684677030829562, 17.487864508316971 ], [ 74.693954239530029, 17.47989376257798 ], [ 74.696266275385511, 17.468611794145534 ], [ 74.696035799744848, 17.438822762704714 ], [ 74.692594079770714, 17.429552155803606 ], [ 74.682520886194979, 17.423035628936304 ], [ 74.69245738154936, 17.401640897069306 ], [ 74.688352163912086, 17.402178003027693 ], [ 74.684923898428664, 17.394131050305173 ], [ 74.669729684666748, 17.389511151545555 ], [ 74.652930346846716, 17.399784350299043 ], [ 74.622490697165986, 17.399350845783218 ], [ 74.62405527720739, 17.413900964574871 ], [ 74.605502509302354, 17.445954699330667 ], [ 74.595084445578493, 17.449085400113027 ], [ 74.588416188079322, 17.446217976252818 ], [ 74.583707194872744, 17.413638868356092 ], [ 74.54507010114574, 17.422383177876455 ], [ 74.527492104881333, 17.41918050725501 ], [ 74.521688136088642, 17.40583294543142 ], [ 74.497954603579103, 17.383442128037057 ], [ 74.475114782151891, 17.388113746515398 ], [ 74.468319818942476, 17.39391940773006 ], [ 74.431487392233279, 17.390717791560593 ], [ 74.404591721816431, 17.406918964606191 ], [ 74.34484246960838, 17.410426779697932 ], [ 74.344314193610515, 17.419719282881985 ], [ 74.292333301880106, 17.42502029888858 ], [ 74.281836310186421, 17.417289014743616 ], [ 74.272207506970602, 17.39651696641095 ], [ 74.260433618942599, 17.38565351843113 ], [ 74.26205543225413, 17.377307870510901 ], [ 74.256660444066043, 17.370351816983579 ], [ 74.259520236236682, 17.363098222397763 ], [ 74.254288188740489, 17.363344400228634 ], [ 74.260668915683297, 17.354925535927364 ], [ 74.279020888742266, 17.360588606335426 ], [ 74.286661044245804, 17.35860792397904 ], [ 74.288329370856516, 17.353881064720994 ], [ 74.279025052128191, 17.336550756566801 ], [ 74.290370388976854, 17.326756645181025 ], [ 74.287223694580206, 17.32608402515417 ], [ 74.293786432259267, 17.312772220210089 ], [ 74.261522039402294, 17.306649071113615 ], [ 74.256223301795814, 17.293390378104057 ], [ 74.263087700437794, 17.289440520723417 ], [ 74.257089338968939, 17.285328722975784 ], [ 74.265224095174233, 17.2574534884568 ], [ 74.275140142536685, 17.252922591873808 ], [ 74.274560533132004, 17.246793288518585 ], [ 74.287815930744188, 17.247441125574404 ], [ 74.284594720791759, 17.233977197781993 ], [ 74.266060137686651, 17.222307119174754 ], [ 74.268764853150799, 17.214059979176366 ], [ 74.285348654691958, 17.205903469200091 ], [ 74.286692676818163, 17.195048182180816 ], [ 74.277956600554319, 17.178695197840575 ], [ 74.277476953539633, 17.185821870944569 ], [ 74.266370098018115, 17.18739336174346 ], [ 74.247947122726131, 17.182935166325642 ], [ 74.253038944830891, 17.170932213400654 ], [ 74.246512423777929, 17.16931563870645 ], [ 74.247251013019522, 17.160457259401511 ], [ 74.232752249936382, 17.155833976765713 ], [ 74.247015252078285, 17.154879850253543 ], [ 74.246905934659907, 17.141539406819916 ], [ 74.221128872264757, 17.139780438471206 ], [ 74.199141105546275, 17.151876283783171 ], [ 74.177400933340536, 17.149172962885256 ], [ 74.174741515615352, 17.142513486747255 ], [ 74.162823185567177, 17.141020454792674 ], [ 74.159215396672025, 17.128418351893266 ], [ 74.142062122654451, 17.119312070472002 ], [ 74.128985965312481, 17.114535633965783 ], [ 74.110076817426943, 17.123350378362371 ], [ 74.100384918437499, 17.117212763425471 ], [ 74.099027291397761, 17.105442696634693 ], [ 74.093970538547154, 17.100944966047653 ], [ 74.077816084891481, 17.10203429561987 ], [ 74.07382014577145, 17.097866377795345 ], [ 74.051270010156856, 17.105191235881374 ], [ 74.049125306053639, 17.097044100497854 ], [ 74.044252899255255, 17.099764165945107 ], [ 74.030420157114634, 17.090380031475334 ], [ 74.008557137005027, 17.110254416616275 ], [ 73.983871581536832, 17.116904014645989 ], [ 73.984626438255532, 17.126029026891995 ], [ 73.979388380835431, 17.131940152136121 ], [ 73.937967450738611, 17.134296277837958 ], [ 73.901257832265927, 17.159549122428604 ], [ 73.884118108525414, 17.155224890894509 ], [ 73.881942617410502, 17.171314316710049 ], [ 73.870020451437838, 17.191960653935663 ], [ 73.850502218908431, 17.198808824199293 ], [ 73.834674333805864, 17.226033014362866 ], [ 73.81753916689749, 17.233436162687468 ], [ 73.80912534924154, 17.231850247894645 ], [ 73.798704923015805, 17.244939898846162 ], [ 73.765607672093466, 17.25096338606096 ], [ 73.745355539970234, 17.278562422039613 ], [ 73.734365265070863, 17.277063091700295 ], [ 73.720379327311164, 17.261554055382089 ], [ 73.707221380519627, 17.260156297147191 ], [ 73.701358429879491, 17.264889541761622 ], [ 73.694640661360452, 17.260517639832138 ], [ 73.688276202276413, 17.267722918800171 ], [ 73.691274737038015, 17.277652805962578 ], [ 73.688103505281887, 17.290266910530587 ], [ 73.678142942477564, 17.294777433299341 ], [ 73.684981323882241, 17.314654461089273 ], [ 73.679549180541656, 17.3305889310002 ], [ 73.685693721625043, 17.345192975015983 ], [ 73.673848140401248, 17.347666254689301 ], [ 73.691361759456569, 17.359377376036772 ], [ 73.680256852896406, 17.374837012424333 ], [ 73.657501424196155, 17.375252115582022 ], [ 73.649629304558829, 17.384290175737824 ], [ 73.645384692018297, 17.381776006874848 ], [ 73.640781717969077, 17.39119626650184 ], [ 73.644299195838414, 17.397638231152158 ], [ 73.648883990028921, 17.397835839190929 ], [ 73.654168005268204, 17.387400773454353 ], [ 73.660063080856915, 17.395380388333976 ], [ 73.668363231103569, 17.39334453493737 ], [ 73.680813924106701, 17.414996614337714 ], [ 73.689975117279715, 17.422197446808386 ], [ 73.704075920566098, 17.423439028600779 ], [ 73.706586769231407, 17.444890825910154 ], [ 73.699907552453382, 17.453433612278207 ], [ 73.705954948216046, 17.465922128835871 ], [ 73.695404843124336, 17.478288084410426 ], [ 73.693738786969575, 17.487431718633303 ], [ 73.708245212368098, 17.494156209600586 ], [ 73.709704104083926, 17.49947213563313 ], [ 73.704322172415772, 17.504836959322883 ], [ 73.714847497270142, 17.517127085660977 ], [ 73.720497207005678, 17.517567347941398 ], [ 73.720971172155686, 17.524916315668957 ], [ 73.74111091499941, 17.534165975397254 ], [ 73.746525776615357, 17.556886030340909 ], [ 73.715476625679713, 17.573556755121388 ], [ 73.727761809305619, 17.588993391952759 ], [ 73.723773070097351, 17.599407762584224 ], [ 73.712756311685084, 17.607574862963183 ], [ 73.720698072282389, 17.617852307207386 ], [ 73.715502808132115, 17.624526008285077 ], [ 73.690466668755278, 17.628670244451559 ], [ 73.701380275705318, 17.658943142189486 ], [ 73.695287463806181, 17.663112697774078 ], [ 73.692566276036402, 17.673628037290722 ], [ 73.680865654940973, 17.678081509946736 ], [ 73.686831405194383, 17.685730718888291 ], [ 73.657594315298724, 17.696254616404573 ], [ 73.651064043037906, 17.708567190131042 ], [ 73.635290526927022, 17.698059494632968 ], [ 73.615550958232333, 17.71416314397786 ], [ 73.593334403207066, 17.701727267333677 ], [ 73.565942118123118, 17.724185088249172 ], [ 73.591853763219348, 17.772955542117693 ], [ 73.591575538466941, 17.779145873733402 ], [ 73.581839211971825, 17.789194381078499 ], [ 73.602049107061333, 17.79503414041168 ], [ 73.594550957279452, 17.803305549082214 ], [ 73.596933041178644, 17.8232322906529 ], [ 73.584442520156969, 17.833835510753325 ], [ 73.586194936319842, 17.84170329928509 ], [ 73.597263203189783, 17.850070523216353 ], [ 73.588917249973221, 17.851817948124999 ], [ 73.574276024514447, 17.865178441078381 ], [ 73.578241351633878, 17.875188564426534 ], [ 73.570772466172897, 17.878193592345664 ], [ 73.561677044237243, 17.893007838250885 ], [ 73.535344479110222, 17.892378744659215 ], [ 73.532506438165115, 17.899480831497659 ], [ 73.563388367961565, 17.917039933639074 ], [ 73.577837613552319, 17.934036521921371 ], [ 73.57922049592537, 17.947034823627039 ], [ 73.58427347162575, 17.947300182294608 ], [ 73.590394897590386, 17.939652848373196 ], [ 73.597622758509871, 17.94034074453457 ], [ 73.63856610530766, 17.971700980865144 ], [ 73.637666045613685, 17.98021775622659 ], [ 73.626692872302868, 17.985331754454876 ], [ 73.627371312417864, 17.98868434193944 ], [ 73.637865279394504, 17.992150296498998 ], [ 73.642423085391115, 18.001551993548887 ], [ 73.656841464397218, 18.010902321475125 ], [ 73.650440494108906, 18.02214953050439 ], [ 73.658481246729139, 18.029046985128552 ], [ 73.666292487884533, 18.02474417244137 ], [ 73.702290784175304, 18.04434511156013 ], [ 73.73757552113473, 18.036979357513481 ], [ 73.756189126096857, 18.038615494234406 ], [ 73.755673659416161, 18.028146808468843 ], [ 73.765985025322607, 18.023442123876176 ], [ 73.775332490931333, 18.027863372616356 ], [ 73.792647319001034, 18.020571448675774 ], [ 73.81336097087015, 18.03798704805309 ], [ 73.828903540078201, 18.029418094922285 ], [ 73.840546314729352, 18.031003095860047 ], [ 73.846041697476494, 18.03983409227412 ], [ 73.854303759149573, 18.030332190812686 ], [ 73.858686442231786, 18.031152912847407 ], [ 73.864346679649543, 18.046761898320685 ], [ 73.870179089893796, 18.047987534940397 ], [ 73.86926960543471, 18.075488189962801 ], [ 73.8801557261461, 18.08655188701827 ], [ 73.860768486772102, 18.119593495288115 ], [ 73.887719868455775, 18.11625841458061 ], [ 73.891731920816866, 18.125470054720751 ], [ 73.901545085184523, 18.128800426439344 ], [ 73.901684453250596, 18.136943100925766 ], [ 73.888639970376843, 18.154191708753036 ], [ 73.872834277603204, 18.166369020098195 ], [ 73.873209273353567, 18.174667682748101 ], [ 73.882889412488211, 18.172711845285423 ], [ 73.893663711846884, 18.182665759954421 ] ] ] ] } },
{ "type": "Feature", "properties": { "District": "SINDHUDURG" }, "geometry": { "type": "Polygon", "coordinates": [ [ [ 73.772229793073436, 16.665348883037744 ], [ 73.784099602831532, 16.659303820504334 ], [ 73.795763592188848, 16.66305761828643 ], [ 73.830266174228498, 16.64905671502866 ], [ 73.839872695701729, 16.653128452540511 ], [ 73.849056653806059, 16.650060158127154 ], [ 73.853596217086235, 16.625032489921942 ], [ 73.862379222194122, 16.61403644530543 ], [ 73.859065141779226, 16.604062212216721 ], [ 73.841832631036496, 16.589145621722153 ], [ 73.846540420229999, 16.574298966263619 ], [ 73.831181300893903, 16.558394910045198 ], [ 73.830962675218629, 16.549664997290634 ], [ 73.821452299057071, 16.551099372541024 ], [ 73.81481516737793, 16.544240115574752 ], [ 73.847177510185972, 16.52623175443286 ], [ 73.839742807020386, 16.507397243936765 ], [ 73.850042452879862, 16.497805872555979 ], [ 73.851614573018878, 16.487630252991469 ], [ 73.861235193301738, 16.481721276922556 ], [ 73.860970751606899, 16.47613314266717 ], [ 73.885378544028427, 16.46992593569232 ], [ 73.887543166622009, 16.463394930953189 ], [ 73.882561698457806, 16.445617548797372 ], [ 73.872087052689466, 16.442129828521885 ], [ 73.867170371090694, 16.433743836069567 ], [ 73.849399488672518, 16.422628205477835 ], [ 73.850967802987526, 16.416626828651168 ], [ 73.834044621629218, 16.401483751465751 ], [ 73.836747216057688, 16.392199129639902 ], [ 73.856022916841809, 16.385903291200982 ], [ 73.86327624348209, 16.372786144809091 ], [ 73.85001118722073, 16.354892448260788 ], [ 73.843420349925594, 16.355310256031366 ], [ 73.832130560712656, 16.34500255014737 ], [ 73.848114719703972, 16.324452731364886 ], [ 73.83888467493351, 16.316436387552496 ], [ 73.846745774721398, 16.314276866113492 ], [ 73.845891156008591, 16.30037240792236 ], [ 73.856404334876316, 16.317271633231652 ], [ 73.863812907044135, 16.308536708069351 ], [ 73.886850298125836, 16.328338855136757 ], [ 73.889760097263377, 16.322645202193701 ], [ 73.894174180649017, 16.328640941647276 ], [ 73.902195530532481, 16.3286311433116 ], [ 73.902022309691333, 16.308611546126404 ], [ 73.888765257235988, 16.299639203373566 ], [ 73.889720593435825, 16.289851343611371 ], [ 73.881801752770301, 16.278831883587365 ], [ 73.892509878075685, 16.266694073234941 ], [ 73.891873825357138, 16.256582033349513 ], [ 73.904923164005851, 16.256520614842742 ], [ 73.917499875169113, 16.245653769675901 ], [ 73.892722937124347, 16.233855673675681 ], [ 73.889375273735254, 16.229045435779689 ], [ 73.89760907853649, 16.234672410086382 ], [ 73.913663272309265, 16.23447003963917 ], [ 73.91478333925447, 16.231075299699707 ], [ 73.942863879711084, 16.243788217177112 ], [ 73.946209031720997, 16.239002158013289 ], [ 73.938353475041026, 16.235986116878099 ], [ 73.935370164565612, 16.225715356132859 ], [ 73.917795437322809, 16.218198452910137 ], [ 73.923892580367863, 16.218987086921295 ], [ 73.929010867887058, 16.212505522157233 ], [ 73.922634834610889, 16.202115152419008 ], [ 73.935669719947214, 16.204556986943633 ], [ 73.938124568512563, 16.209275596359134 ], [ 73.956210424289651, 16.208565262794906 ], [ 73.954299253566319, 16.199961798928587 ], [ 73.937572904556561, 16.185831783689245 ], [ 73.945781607767188, 16.179352674270802 ], [ 73.942728753481973, 16.174508938329939 ], [ 73.928858347194321, 16.169430345613495 ], [ 73.914653348238659, 16.171841097696795 ], [ 73.917619890102742, 16.167448394284822 ], [ 73.90833472113296, 16.159728526593174 ], [ 73.918779630595893, 16.153633522948496 ], [ 73.913942554325573, 16.149540637996402 ], [ 73.91433428820018, 16.140078338793934 ], [ 73.90605994565351, 16.135784368606334 ], [ 73.883072274373134, 16.145617168217829 ], [ 73.869538468919998, 16.142736927270651 ], [ 73.867155682522494, 16.146990885636217 ], [ 73.864568568941024, 16.139102876402919 ], [ 73.844868288141555, 16.153096434280656 ], [ 73.853630989387341, 16.134715965792729 ], [ 73.846817726818671, 16.131669590763675 ], [ 73.849288285587164, 16.118418053407296 ], [ 73.833936845599993, 16.093955870664377 ], [ 73.844021124919763, 16.084633314760335 ], [ 73.842657534238441, 16.078854083433335 ], [ 73.859952115581933, 16.069944789360441 ], [ 73.853374870452768, 16.08168758333268 ], [ 73.84484993904934, 16.084311828811302 ], [ 73.843776689708506, 16.093908686772217 ], [ 73.862918180034228, 16.107169577061804 ], [ 73.873443934350917, 16.106300949382341 ], [ 73.864437710695157, 16.09537524598495 ], [ 73.875409033391847, 16.097043591363775 ], [ 73.89590251648093, 16.088948612991771 ], [ 73.900753884464322, 16.088825351040505 ], [ 73.900119778051959, 16.096830030883041 ], [ 73.905248097870398, 16.10090048833656 ], [ 73.995952428691766, 16.092734024795369 ], [ 73.991010345007822, 16.079422447202642 ], [ 74.004389688868542, 16.079130017180837 ], [ 74.011374254383455, 16.066632175559796 ], [ 73.997062611327692, 16.059631246237757 ], [ 74.002737075272023, 16.052903248090985 ], [ 74.000727033587907, 16.041283799421407 ], [ 74.01845224458026, 16.039007506095825 ], [ 74.024939180077425, 16.032213010403041 ], [ 74.044014733807046, 16.031163866551911 ], [ 74.050450794151971, 16.033044311677067 ], [ 74.051574741585398, 16.042825877878975 ], [ 74.060044764050204, 16.051076816125612 ], [ 74.077051659674183, 16.023307642383635 ], [ 74.091036225606317, 16.01473627214304 ], [ 74.09088689564841, 16.007692796745868 ], [ 74.062447327415668, 15.984266092881505 ], [ 74.055928266978924, 15.967906055275446 ], [ 74.045581553228473, 15.957115411397718 ], [ 74.051532426528468, 15.952064514240407 ], [ 74.050585879776506, 15.946125130940004 ], [ 74.059659663622753, 15.94182441182382 ], [ 74.073060478195842, 15.948779249398466 ], [ 74.093107553396479, 15.900105869140699 ], [ 74.087204621158548, 15.87446424196426 ], [ 74.092969109299986, 15.873076033705329 ], [ 74.030367047611733, 15.834640828219857 ], [ 74.034042601454274, 15.832730049010921 ], [ 74.030433165715067, 15.818843069154953 ], [ 74.034533803750023, 15.802699060761785 ], [ 74.066801112324015, 15.815171642729426 ], [ 74.065828353125383, 15.826117559287624 ], [ 74.074207328838796, 15.834479644790605 ], [ 74.102881496958702, 15.840861211891726 ], [ 74.108946538744078, 15.822683569874307 ], [ 74.145721895515194, 15.832884164928499 ], [ 74.140955845854975, 15.823388639809099 ], [ 74.158488349922621, 15.822724242908873 ], [ 74.153625075716946, 15.786820192318993 ], [ 74.172495278810203, 15.773810138578343 ], [ 74.19918135470526, 15.785374201617509 ], [ 74.208924866886264, 15.781125975204638 ], [ 74.201433372561539, 15.75862070670601 ], [ 74.189525544322265, 15.752122065747727 ], [ 74.161556596905001, 15.751294459239956 ], [ 74.150974936739431, 15.735807737086715 ], [ 74.12216561957284, 15.720731145536648 ], [ 74.13212988118741, 15.702403595835204 ], [ 74.125770897236677, 15.680967173176086 ], [ 74.108848085712069, 15.672693736162946 ], [ 74.088096471794913, 15.672472900151753 ], [ 74.094227531673084, 15.663078493244205 ], [ 74.118264514850836, 15.652031642327314 ], [ 74.113885507564419, 15.646127429676419 ], [ 74.094293705619478, 15.642367360957852 ], [ 74.063168987444584, 15.626380366801543 ], [ 74.031156080043388, 15.622611328358198 ], [ 74.020797190815429, 15.606085183698612 ], [ 73.993358543400333, 15.610638108864029 ], [ 73.979050525744057, 15.627125474819984 ], [ 73.967857801316939, 15.630577226491818 ], [ 73.961082967617926, 15.645558577383794 ], [ 73.967822342703556, 15.660250709608416 ], [ 73.962691115239451, 15.673258673234558 ], [ 73.963760468117286, 15.69232178387788 ], [ 73.959225528192974, 15.700057078647751 ], [ 73.94369517024333, 15.696936472420509 ], [ 73.952330550820449, 15.714401945734496 ], [ 73.941741147050664, 15.729190291177902 ], [ 73.938725295228295, 15.743332258945115 ], [ 73.875695054802662, 15.75128305062645 ], [ 73.873058507005027, 15.760877008231251 ], [ 73.880088838618875, 15.774320946804311 ], [ 73.866066285404159, 15.785341818853988 ], [ 73.867503526762505, 15.797029462915392 ], [ 73.863395904546422, 15.79878981393993 ], [ 73.855708058731707, 15.801016637913003 ], [ 73.847065415013518, 15.785798849546731 ], [ 73.852666565652299, 15.780919998530839 ], [ 73.843909093648946, 15.781127827044514 ], [ 73.838486605671463, 15.767563243286034 ], [ 73.829748264515288, 15.76432882416435 ], [ 73.826615302789477, 15.743361122858046 ], [ 73.818239053873143, 15.739470203446954 ], [ 73.809428338988653, 15.742030782661983 ], [ 73.797228419237612, 15.7342192845318 ], [ 73.793157939617615, 15.73722911728723 ], [ 73.784974042025254, 15.726125248564925 ], [ 73.74283616137572, 15.736574931029482 ], [ 73.720879706515319, 15.725665335257123 ], [ 73.706808981865052, 15.732423930671649 ], [ 73.695492280449784, 15.724020382315214 ], [ 73.687554206995586, 15.729884885201235 ], [ 73.676879032114826, 15.725892326759077 ], [ 73.663732255371812, 15.740493399137701 ], [ 73.649862048534573, 15.744899961921123 ], [ 73.66435422544599, 15.753101853378542 ], [ 73.656258020581944, 15.795760402144715 ], [ 73.636050167578119, 15.815443223673496 ], [ 73.639389746578885, 15.820509330162842 ], [ 73.626085674028531, 15.851767662858201 ], [ 73.620022657355008, 15.856329602236913 ], [ 73.613555282046576, 15.854768760115968 ], [ 73.586966728774641, 15.910614362830898 ], [ 73.569248893137214, 15.912950482581298 ], [ 73.567094815701651, 15.919415816551666 ], [ 73.535664886971958, 15.939164571657248 ], [ 73.53080114998761, 15.932322044142662 ], [ 73.518692555570667, 15.941340988227111 ], [ 73.510108821966412, 15.940459786041409 ], [ 73.502436751401433, 15.956079540906726 ], [ 73.504756963555295, 15.965312691063135 ], [ 73.489280276736466, 15.988491191996276 ], [ 73.490936956641534, 16.011130825708126 ], [ 73.484360946788868, 16.033712544257444 ], [ 73.466538387328455, 16.046032604943765 ], [ 73.467216272711767, 16.053727764372155 ], [ 73.456427852428064, 16.052679263323956 ], [ 73.454764110689084, 16.061939716456884 ], [ 73.464903633563111, 16.066976798941035 ], [ 73.458166915945725, 16.086034958965104 ], [ 73.464920552400727, 16.08693698868607 ], [ 73.458596573561252, 16.090957345624492 ], [ 73.457820432341919, 16.117589136760937 ], [ 73.439643531260501, 16.191333494889726 ], [ 73.435385330205861, 16.199759337221519 ], [ 73.429874499916608, 16.198895003164253 ], [ 73.427056723938435, 16.203654555852118 ], [ 73.415294774473224, 16.254617893631025 ], [ 73.418846694161658, 16.258075872253865 ], [ 73.414656773799891, 16.25818753816343 ], [ 73.403972253699422, 16.298260763335882 ], [ 73.39420081238805, 16.313181652777224 ], [ 73.393251762238805, 16.331934298618247 ], [ 73.386125095938937, 16.336456751988603 ], [ 73.390370562359863, 16.346671129490268 ], [ 73.3866803849549, 16.358423619967713 ], [ 73.36892009464836, 16.362925640235449 ], [ 73.37223417931817, 16.371000169670694 ], [ 73.366884316439382, 16.377893869143548 ], [ 73.371282728701928, 16.389563362558814 ], [ 73.365633817182854, 16.397399544271416 ], [ 73.366114641410263, 16.414799880482125 ], [ 73.357686416541199, 16.425018182240677 ], [ 73.358669672362026, 16.441660447113893 ], [ 73.346897094184541, 16.450365134287114 ], [ 73.343351541094535, 16.474157515812333 ], [ 73.333174496824782, 16.48582744551079 ], [ 73.32438549705239, 16.514616487803174 ], [ 73.316946399989476, 16.514184311121216 ], [ 73.316897791862445, 16.529826249279147 ], [ 73.310870637967724, 16.541439455835825 ], [ 73.314919543526557, 16.541582660196539 ], [ 73.319394634999611, 16.553410130322838 ], [ 73.333147938517797, 16.557359652355295 ], [ 73.327360584075848, 16.565898244443606 ], [ 73.344674009369754, 16.569651339345629 ], [ 73.346266027070129, 16.565094632778745 ], [ 73.356436403156707, 16.563442223585596 ], [ 73.356802818841231, 16.553288639775097 ], [ 73.346503705467825, 16.556304943937324 ], [ 73.349446012398545, 16.551151641873926 ], [ 73.344225773543059, 16.548767673002441 ], [ 73.351115937118848, 16.529292228346677 ], [ 73.36926334442002, 16.517868041100044 ], [ 73.394470543324871, 16.510435967042941 ], [ 73.415704216537492, 16.514687870024474 ], [ 73.433922917639421, 16.503710695521331 ], [ 73.466595860808525, 16.493680138009115 ], [ 73.497977008065277, 16.520389672510028 ], [ 73.510541600658996, 16.516716482681858 ], [ 73.525431806883148, 16.525140539637814 ], [ 73.535953206511863, 16.516278158314435 ], [ 73.544154479967858, 16.515394540281353 ], [ 73.565580838139027, 16.529688204519452 ], [ 73.578756639335481, 16.545402704527561 ], [ 73.591674670066041, 16.540638372833101 ], [ 73.600561683949124, 16.544461160421989 ], [ 73.612112292048209, 16.557029193764851 ], [ 73.614795630504133, 16.573904182463757 ], [ 73.622076802182562, 16.583120773678392 ], [ 73.627313597436213, 16.582793313145512 ], [ 73.635289603400153, 16.572130079718242 ], [ 73.632345910649093, 16.559192636936757 ], [ 73.636122277144352, 16.56350925710159 ], [ 73.647694086592054, 16.5631526397108 ], [ 73.648497810615495, 16.575618163155234 ], [ 73.656571824856854, 16.575055247903432 ], [ 73.665928337969248, 16.581226969852683 ], [ 73.661316017823438, 16.589085332820964 ], [ 73.670671587934336, 16.584068290925188 ], [ 73.67555125762162, 16.607939995035995 ], [ 73.690569011882985, 16.623865031122488 ], [ 73.700076787446392, 16.624264975947696 ], [ 73.709455863373449, 16.6031120534299 ], [ 73.731900967546949, 16.607996766247101 ], [ 73.741811849466998, 16.59983242549518 ], [ 73.767691707692421, 16.603263341891914 ], [ 73.769860230822758, 16.624792185259977 ], [ 73.760944511678233, 16.62956333503492 ], [ 73.753542077678844, 16.641796028520314 ], [ 73.76486603434266, 16.643745056937099 ], [ 73.768339556620006, 16.661606294897556 ], [ 73.772229793073436, 16.665348883037744 ] ], [ [ 73.691074732116363, 16.592523263019629 ], [ 73.678463549171227, 16.583957197466095 ], [ 73.693053691182797, 16.582798365203775 ], [ 73.698925907257205, 16.577810591962649 ], [ 73.706818958648071, 16.583652421756526 ], [ 73.705426240066316, 16.587471992426835 ], [ 73.693030318034246, 16.586368652280285 ], [ 73.691074732116363, 16.592523263019629 ] ] ] } },
{ "type": "Feature", "properties": { "District": "SOLAPUR" }, "geometry": { "type": "Polygon", "coordinates": [ [ [ 75.22885995602843, 18.540879535695318 ], [ 75.239261061648037, 18.540470504986995 ], [ 75.243420506211365, 18.526139865802012 ], [ 75.258902046400593, 18.508293499808008 ], [ 75.266456581636604, 18.508257605360271 ], [ 75.280636421272078, 18.519323681444842 ], [ 75.312978655127239, 18.519849812695792 ], [ 75.310017546345989, 18.508480639838293 ], [ 75.30344929537533, 18.508008070315569 ], [ 75.296368206438174, 18.496232614789893 ], [ 75.30318054738413, 18.478732670308236 ], [ 75.296587782637602, 18.45704532389815 ], [ 75.301210643853963, 18.430758353134955 ], [ 75.285140812975385, 18.418045939484994 ], [ 75.285728643236141, 18.405348702840726 ], [ 75.299255064295593, 18.399330996301476 ], [ 75.306622897380009, 18.389199722844399 ], [ 75.313955085703242, 18.395064234742019 ], [ 75.322796106094799, 18.393258734063735 ], [ 75.327792227148251, 18.384704185102027 ], [ 75.333447138092907, 18.389334104133546 ], [ 75.33633693066048, 18.380736492675098 ], [ 75.358311263548231, 18.36843913189168 ], [ 75.362868719844386, 18.356998613595191 ], [ 75.382160357903459, 18.343322487654767 ], [ 75.386970783669767, 18.327754626425119 ], [ 75.403256350248952, 18.328616964957241 ], [ 75.398148397319986, 18.32331391926067 ], [ 75.402487232751895, 18.316587142769404 ], [ 75.391538435867218, 18.307278616697026 ], [ 75.400521880740698, 18.296725606328231 ], [ 75.393247112530958, 18.286206033698406 ], [ 75.396500635666598, 18.281657284536163 ], [ 75.394403399602098, 18.263828153173375 ], [ 75.429318605955757, 18.261332146435404 ], [ 75.429058768544209, 18.24746262217155 ], [ 75.419725585112246, 18.238057749040866 ], [ 75.427514377164229, 18.231000020943767 ], [ 75.425724674798658, 18.215041216041428 ], [ 75.438367942794358, 18.205366392021467 ], [ 75.426011636509358, 18.184377728481085 ], [ 75.428857254165706, 18.174905483476561 ], [ 75.446049497410399, 18.172275472327694 ], [ 75.46186611723067, 18.159260874553496 ], [ 75.466006551850811, 18.164756440565974 ], [ 75.459268854205419, 18.165305029471483 ], [ 75.461145980369963, 18.170195442413114 ], [ 75.486510337468204, 18.173824233609977 ], [ 75.485981393304598, 18.15322067329965 ], [ 75.502600331920959, 18.155839580785759 ], [ 75.517691082787749, 18.144897098365515 ], [ 75.514518198296471, 18.139604880598213 ], [ 75.525406349211067, 18.130909025154502 ], [ 75.542438393981001, 18.149235749713956 ], [ 75.544069549873058, 18.177286306139969 ], [ 75.553659230497914, 18.189460466717684 ], [ 75.548566928571972, 18.204493197696181 ], [ 75.56121307447539, 18.20312251434175 ], [ 75.568476531085039, 18.235789853917879 ], [ 75.583417906710778, 18.245889467345545 ], [ 75.587574763817884, 18.254392935603775 ], [ 75.628586871192283, 18.242884531972074 ], [ 75.629697375510503, 18.265887580902174 ], [ 75.613813427535902, 18.271411823014816 ], [ 75.647276431536199, 18.329681093250802 ], [ 75.653379857541211, 18.333116567574343 ], [ 75.682468737806531, 18.323943368781102 ], [ 75.69654182172799, 18.327126092568012 ], [ 75.705207846173138, 18.338889353866445 ], [ 75.718042310739804, 18.337336843373123 ], [ 75.718946308401868, 18.346843422698353 ], [ 75.729765141079525, 18.361750989406847 ], [ 75.725180175368649, 18.386811584058481 ], [ 75.710781029185256, 18.390328025575485 ], [ 75.706444413054996, 18.396293920874271 ], [ 75.723651295480494, 18.433542076234662 ], [ 75.750320712709552, 18.435420780513358 ], [ 75.767991377805302, 18.450992638232623 ], [ 75.76240652905669, 18.440492706472373 ], [ 75.770780031050535, 18.40859441036044 ], [ 75.783028206779491, 18.400386673476842 ], [ 75.780151285733865, 18.396001946548694 ], [ 75.795640063900336, 18.388402256264023 ], [ 75.797286926531868, 18.380464399924815 ], [ 75.823819792423095, 18.379523738047517 ], [ 75.840196223310528, 18.364071393635758 ], [ 75.856789657813238, 18.362536401320764 ], [ 75.858316594192459, 18.35885664283413 ], [ 75.878644619176825, 18.365294062830266 ], [ 75.895211003625903, 18.358656202048149 ], [ 75.903336978341457, 18.327661842120449 ], [ 75.924320927861459, 18.303434381479512 ], [ 75.93017338205469, 18.27862198239097 ], [ 75.9287501651974, 18.258774005758827 ], [ 75.943405181506918, 18.24411540395462 ], [ 75.923280237325628, 18.193212276185964 ], [ 75.933878935713295, 18.191047756102066 ], [ 75.934057705503591, 18.183953558484621 ], [ 75.950798984358784, 18.172819171727667 ], [ 75.957092020846034, 18.161012553836475 ], [ 75.949855589547511, 18.139279171093552 ], [ 75.93788479680083, 18.126568130500516 ], [ 75.944069508839775, 18.119762561799714 ], [ 75.944971330458699, 18.107127143732061 ], [ 75.955323889833608, 18.100385361966048 ], [ 75.955590032961723, 18.085785572584157 ], [ 75.986659701502717, 18.088337015787538 ], [ 75.990255582138076, 18.069098993679972 ], [ 75.994177638996845, 18.069309584886973 ], [ 75.984439742945128, 18.053792487802529 ], [ 76.002628201787672, 18.056879933369959 ], [ 76.005596141665876, 18.050643120029207 ], [ 76.013829753724806, 18.053064922950945 ], [ 76.018724289848251, 18.042158975128789 ], [ 76.004076221632317, 18.028631635533319 ], [ 75.996387232705445, 17.995027125179572 ], [ 75.983294874277149, 17.993555863371665 ], [ 75.979714374532264, 17.97244631157842 ], [ 75.973987347179815, 17.971113076127278 ], [ 75.952260342802177, 17.978971019688647 ], [ 75.93016881297082, 17.973805351563076 ], [ 75.91781002643198, 17.97578021560351 ], [ 75.908686212093286, 17.988136025583248 ], [ 75.908402500515535, 18.003573257787689 ], [ 75.88384483055674, 18.004028668479879 ], [ 75.868075394035898, 18.011574491963927 ], [ 75.853055951475895, 18.009303838963415 ], [ 75.839602189734606, 17.981258264883458 ], [ 75.845066164237366, 17.977334010437488 ], [ 75.837023463533299, 17.948144565525389 ], [ 75.838085820177085, 17.932363453594583 ], [ 75.846279634006663, 17.931451919271858 ], [ 75.851256675163526, 17.922114993681298 ], [ 75.845945580739595, 17.903061653417723 ], [ 75.842187186072621, 17.902710562106087 ], [ 75.84469821354422, 17.891607888681552 ], [ 75.856137724744471, 17.868663776011552 ], [ 75.87244756787014, 17.85650376762726 ], [ 75.875014452448653, 17.846425132497654 ], [ 75.889490992720738, 17.844677108942093 ], [ 75.910984501704419, 17.832798340727269 ], [ 75.924741192841907, 17.833146748198018 ], [ 75.931810224212285, 17.851766117958093 ], [ 75.939327079931161, 17.852436240520934 ], [ 75.943028105689322, 17.844188814774043 ], [ 75.962180600261135, 17.831134935503535 ], [ 75.965981779009567, 17.818156427819343 ], [ 75.977439653303264, 17.82011165025677 ], [ 75.974875930716536, 17.841431107865546 ], [ 75.980564033072667, 17.843791051004242 ], [ 76.019801637174794, 17.828388894711264 ], [ 76.007806081505208, 17.800785154004963 ], [ 76.011258192461966, 17.787694104845095 ], [ 76.004899734784999, 17.786129116885895 ], [ 75.999488275094251, 17.756254681084641 ], [ 76.002652276374178, 17.750347325178957 ], [ 76.029542707686161, 17.765611629528866 ], [ 76.05350788309137, 17.76350991854838 ], [ 76.05954133587106, 17.769795263080137 ], [ 76.084498012916782, 17.777811504655464 ], [ 76.097283748258704, 17.777816067105999 ], [ 76.102655525970761, 17.765040426912851 ], [ 76.129325716617487, 17.767744556403194 ], [ 76.133447722736548, 17.755846295888524 ], [ 76.144066669768691, 17.75613901759484 ], [ 76.147401225649659, 17.734126297099252 ], [ 76.175170686984927, 17.729706293625991 ], [ 76.165275460885184, 17.714410518729352 ], [ 76.147106036995012, 17.716482214418104 ], [ 76.145893402516563, 17.699812719026507 ], [ 76.165039955796388, 17.700707888520018 ], [ 76.164700950732311, 17.693774571796425 ], [ 76.187904046811909, 17.683211925514179 ], [ 76.204540134781652, 17.689212615055727 ], [ 76.221929253117864, 17.687650758563102 ], [ 76.22264798850054, 17.699108196440253 ], [ 76.240145464033603, 17.697371772652286 ], [ 76.238476108228369, 17.705935286903269 ], [ 76.250119800836515, 17.705240830600072 ], [ 76.254424215179, 17.716977177575711 ], [ 76.267885717260313, 17.729543660640907 ], [ 76.294630094912904, 17.72978926519081 ], [ 76.315624703510679, 17.714841573104426 ], [ 76.316359808168244, 17.698120290012216 ], [ 76.338563358702473, 17.692746604263313 ], [ 76.356254063353219, 17.697852307949979 ], [ 76.363194428398288, 17.686606470062685 ], [ 76.378515475088662, 17.686664841365427 ], [ 76.378231017789602, 17.660813593709548 ], [ 76.403300484101294, 17.657236574172032 ], [ 76.412802537539363, 17.647741719725378 ], [ 76.429131585990447, 17.644556254141889 ], [ 76.419684931627032, 17.603710071600318 ], [ 76.381700610648139, 17.602249249968548 ], [ 76.377638012995874, 17.597873345971021 ], [ 76.350030490239192, 17.594099579452095 ], [ 76.331114825002473, 17.596218781491761 ], [ 76.333126958661666, 17.564986819502725 ], [ 76.340692515667328, 17.542474571805723 ], [ 76.362740381367345, 17.537372596224547 ], [ 76.367157573561215, 17.519895599780352 ], [ 76.364599700868595, 17.514969214367181 ], [ 76.346571849837275, 17.512579420210255 ], [ 76.34576457657721, 17.492529839669444 ], [ 76.374688449681429, 17.495649734508721 ], [ 76.375516126882957, 17.490219880104352 ], [ 76.350361303880206, 17.474175012944393 ], [ 76.330687299302866, 17.470193578735362 ], [ 76.333262471334905, 17.433901018488552 ], [ 76.371510400979076, 17.436423623893919 ], [ 76.36342654467505, 17.377668064744668 ], [ 76.409120541616772, 17.371387755721059 ], [ 76.412188658064537, 17.351067743786508 ], [ 76.396607768061415, 17.347103938051735 ], [ 76.383159923699694, 17.314525717506861 ], [ 76.354011677991068, 17.314316458554412 ], [ 76.345299242379497, 17.354448123081642 ], [ 76.31434413243835, 17.348389847559325 ], [ 76.317663427200998, 17.332375663626138 ], [ 76.276360435599443, 17.334574176222223 ], [ 76.272009136198449, 17.360591867625761 ], [ 76.250727525440013, 17.360432779762363 ], [ 76.250427975324484, 17.369680779302673 ], [ 76.24458167866365, 17.37153928154396 ], [ 76.242087117121599, 17.378837116409674 ], [ 76.22853043208913, 17.375843607192529 ], [ 76.229444867714477, 17.365205351077197 ], [ 76.196391954826296, 17.363666653507522 ], [ 76.170314748817759, 17.352624210709561 ], [ 76.17657877661361, 17.324614941472472 ], [ 76.179256320765532, 17.318574431444265 ], [ 76.183248162073824, 17.31943467366461 ], [ 76.176314990963036, 17.300787458511991 ], [ 76.165079387481356, 17.303334964112622 ], [ 76.162617846862091, 17.345220100071668 ], [ 76.141051598243777, 17.353490585491411 ], [ 76.118953345588622, 17.37050429063898 ], [ 76.099739772218484, 17.364650670629004 ], [ 76.089378698447035, 17.353133039978989 ], [ 76.093470564551907, 17.349351015846867 ], [ 76.087496608796513, 17.336508193817725 ], [ 76.079130026525064, 17.331602428445517 ], [ 76.072136109826985, 17.335314746686365 ], [ 76.060535216112527, 17.355307741706678 ], [ 76.014332364239678, 17.353533284009345 ], [ 75.998272346977572, 17.33796817528583 ], [ 75.96870713659527, 17.336467891673387 ], [ 75.930819417611048, 17.322572751511093 ], [ 75.910077536408082, 17.344518651682417 ], [ 75.890581856912746, 17.356522299004833 ], [ 75.894064083519083, 17.40119576310633 ], [ 75.884188442891585, 17.41795958216586 ], [ 75.876506083992922, 17.416143358060424 ], [ 75.875202892383328, 17.398085961274916 ], [ 75.860878135365567, 17.385594975233861 ], [ 75.851084063391895, 17.410525269420624 ], [ 75.830262825062107, 17.421811712981693 ], [ 75.821440660097508, 17.421222633369354 ], [ 75.813575245810682, 17.395720190645413 ], [ 75.813660135736725, 17.372759995453297 ], [ 75.806084059684551, 17.368022131742563 ], [ 75.792940532719129, 17.369697405243549 ], [ 75.772034618612608, 17.385744729812242 ], [ 75.765867582303812, 17.405304180054369 ], [ 75.753092747018442, 17.407132683658066 ], [ 75.733594755801462, 17.420093012220615 ], [ 75.712440670320419, 17.407933881607434 ], [ 75.690729418961936, 17.409473579411706 ], [ 75.683495967740029, 17.416923784277007 ], [ 75.675875889217181, 17.455943148846597 ], [ 75.658837622463409, 17.458057920843043 ], [ 75.648789528665148, 17.470327055863049 ], [ 75.632979680378369, 17.477214424729659 ], [ 75.627606640574243, 17.462766696252896 ], [ 75.621612436770775, 17.459246215928999 ], [ 75.613353168660339, 17.424741853943964 ], [ 75.606601068947754, 17.42037238206407 ], [ 75.613516307902159, 17.391915138390704 ], [ 75.606122784640448, 17.394478548362784 ], [ 75.574142606971449, 17.383299150869 ], [ 75.580845370733741, 17.35122300831928 ], [ 75.610025168389896, 17.345040312328646 ], [ 75.612087545106291, 17.325136288668045 ], [ 75.603459428673503, 17.304667726998144 ], [ 75.593004303170574, 17.303288959023138 ], [ 75.579592098360209, 17.292727144196633 ], [ 75.542367508585627, 17.276934888917179 ], [ 75.515447146583426, 17.2403628733597 ], [ 75.467209938289585, 17.244434243997034 ], [ 75.465791161087125, 17.251842697898063 ], [ 75.444309347475397, 17.254791360114119 ], [ 75.428504721046082, 17.267992228437691 ], [ 75.42091149952418, 17.265883864118507 ], [ 75.408330838390484, 17.239341977728685 ], [ 75.409574283560246, 17.229746750910344 ], [ 75.402228064154272, 17.21151066564622 ], [ 75.408849746326766, 17.190803812786655 ], [ 75.406758829624124, 17.184724207399729 ], [ 75.389088811777938, 17.190649055647583 ], [ 75.369950095514938, 17.19050255081336 ], [ 75.370551437997634, 17.217186630924726 ], [ 75.365649335951844, 17.236193821530552 ], [ 75.334778220609579, 17.23955083500762 ], [ 75.330244038883251, 17.218103116057289 ], [ 75.317015089640904, 17.220418397220826 ], [ 75.287181574636392, 17.215657577871337 ], [ 75.282828607535507, 17.195875158553388 ], [ 75.304592785811437, 17.169370246260957 ], [ 75.29622534861042, 17.1459809189911 ], [ 75.270274158514923, 17.148375219792079 ], [ 75.268250622674472, 17.183337146069853 ], [ 75.235387511630293, 17.178749289609502 ], [ 75.222236972857928, 17.183646149639202 ], [ 75.216843814056958, 17.20467285262151 ], [ 75.240186337658173, 17.218233581849439 ], [ 75.239349184685906, 17.23983701812848 ], [ 75.2472944874809, 17.255459208632793 ], [ 75.225270092925854, 17.254358047564452 ], [ 75.203843676956197, 17.264035850221049 ], [ 75.20450596215629, 17.270363653375803 ], [ 75.193646084651036, 17.268209029515802 ], [ 75.189973960361982, 17.250965157456708 ], [ 75.179732060345273, 17.235698880291451 ], [ 75.176571045818463, 17.240155025667175 ], [ 75.142977612338626, 17.24401388815356 ], [ 75.114187093930383, 17.23966200278484 ], [ 75.099184639509573, 17.244051346880713 ], [ 75.093780722240155, 17.25160908212268 ], [ 75.079596861256718, 17.247600140783227 ], [ 75.075137914348375, 17.233967746122001 ], [ 75.077705588029119, 17.22159192298275 ], [ 75.016169043215967, 17.224704850508694 ], [ 75.008810268996925, 17.209281025292512 ], [ 74.985138738475499, 17.204860978387003 ], [ 74.97671495480428, 17.192863697439794 ], [ 74.94362969208639, 17.204699620254271 ], [ 74.947272736015805, 17.197005060842148 ], [ 74.94187545648542, 17.198814230731983 ], [ 74.93966558010159, 17.192286050087318 ], [ 74.943903249744594, 17.194409208810978 ], [ 74.945958062963399, 17.189298480382309 ], [ 74.949585192946998, 17.192930814503875 ], [ 74.951905503574579, 17.185804152604128 ], [ 74.946473221221709, 17.184970481103242 ], [ 74.950013120683622, 17.173880215388746 ], [ 74.940976987154556, 17.169048779596014 ], [ 74.920924971729775, 17.165905412988696 ], [ 74.918607036111254, 17.173690626855791 ], [ 74.900389201543049, 17.176817314864977 ], [ 74.899434151974901, 17.183961963332482 ], [ 74.895587147822894, 17.176371402633158 ], [ 74.886533897587938, 17.181261924784678 ], [ 74.893550738382658, 17.183295187808262 ], [ 74.886037943230079, 17.189792579410447 ], [ 74.89476045824658, 17.191147861867147 ], [ 74.89454459121076, 17.195268347795682 ], [ 74.885739870233209, 17.195801742864873 ], [ 74.879969032812596, 17.188688063636288 ], [ 74.874593611917874, 17.194497670167113 ], [ 74.871270166185013, 17.190170014927563 ], [ 74.870979078909414, 17.197887162666625 ], [ 74.862492053029911, 17.196452875418721 ], [ 74.869393414440367, 17.202417907164911 ], [ 74.868824144304753, 17.210088279119642 ], [ 74.865057550226112, 17.205489686185516 ], [ 74.862456348873181, 17.211292605651678 ], [ 74.854116168768371, 17.202851876416116 ], [ 74.858360014202461, 17.208260815034791 ], [ 74.857354786495961, 17.211690358474083 ], [ 74.848330211475314, 17.20370024191266 ], [ 74.857344293039333, 17.215417761518101 ], [ 74.867077604843757, 17.21765330611267 ], [ 74.877057112186506, 17.212100237500902 ], [ 74.872332752083352, 17.219886219664559 ], [ 74.885224808522835, 17.220803332252306 ], [ 74.885546004661549, 17.235163227525881 ], [ 74.891593391377498, 17.23483539627664 ], [ 74.898064422079031, 17.241525968448961 ], [ 74.899511644978205, 17.263672522185633 ], [ 74.909024490350561, 17.275973546935443 ], [ 74.935244560583541, 17.275520220150568 ], [ 74.93668279460833, 17.285389309243261 ], [ 74.959774332155831, 17.293086979936259 ], [ 74.970438400356628, 17.326917599618081 ], [ 74.967974849691657, 17.341420138418339 ], [ 74.983358651555093, 17.355492141984321 ], [ 75.008319564717794, 17.3682051254128 ], [ 75.00145893414718, 17.389179247966293 ], [ 74.994427944897595, 17.392622726755921 ], [ 74.997769514133296, 17.406639337196985 ], [ 75.004744262727954, 17.413477008078114 ], [ 75.023260941289863, 17.40793528996155 ], [ 75.035141919627705, 17.418083371198144 ], [ 75.032586719606797, 17.444946136688639 ], [ 75.0416037348012, 17.468416431959088 ], [ 75.03904542447998, 17.48658287510186 ], [ 75.031733595127008, 17.495685471977279 ], [ 75.027119650523986, 17.495259199289666 ], [ 74.990070131218332, 17.475691100675853 ], [ 74.980258286392086, 17.46578841637097 ], [ 74.973404439028585, 17.466130750841998 ], [ 74.96057742709516, 17.491998401358131 ], [ 74.937089827914633, 17.509301449807424 ], [ 74.943149725584789, 17.521889083675187 ], [ 74.958968808128404, 17.522329983499805 ], [ 74.984098433284572, 17.53820660697065 ], [ 74.985120815220924, 17.544893359916195 ], [ 74.962468562378319, 17.562074495061221 ], [ 74.961860594329337, 17.59146401536405 ], [ 74.953077608323085, 17.58784548034383 ], [ 74.944345577890473, 17.590788333503848 ], [ 74.920476122084409, 17.576797299062413 ], [ 74.915439963683937, 17.580034844786333 ], [ 74.91492227061228, 17.601455756822745 ], [ 74.923716295031241, 17.619281762023455 ], [ 74.909034342959885, 17.620898658421424 ], [ 74.909035155876239, 17.629851733998425 ], [ 74.903162481343287, 17.632522232399779 ], [ 74.89100183367313, 17.659038158435667 ], [ 74.885738908076974, 17.682704869020419 ], [ 74.874251941882022, 17.681725842912442 ], [ 74.870687429562096, 17.691939292904138 ], [ 74.864101440401313, 17.694197209154598 ], [ 74.872208720797119, 17.724599324815362 ], [ 74.867512045511106, 17.731059952906094 ], [ 74.850210185748594, 17.724608771000383 ], [ 74.847617155182135, 17.732145935442592 ], [ 74.838524105283582, 17.727204622487449 ], [ 74.81472363048411, 17.753539482029367 ], [ 74.799444480237895, 17.761566192674007 ], [ 74.786389197009086, 17.761367242275512 ], [ 74.779169589183539, 17.776499864859765 ], [ 74.77392313627206, 17.7742053740605 ], [ 74.775108201791497, 17.770450944229427 ], [ 74.771496959283454, 17.772653121528975 ], [ 74.772237673791167, 17.768348806161612 ], [ 74.767548979462035, 17.769488740787097 ], [ 74.764323809596249, 17.761029066787696 ], [ 74.76330308145404, 17.765279816222542 ], [ 74.759601889121839, 17.762579630450876 ], [ 74.760775018298304, 17.768948783365172 ], [ 74.756811085325211, 17.762109538263552 ], [ 74.754417401143598, 17.770197561369546 ], [ 74.749207476929996, 17.76556986561776 ], [ 74.73761431600154, 17.767381807363794 ], [ 74.743672952360228, 17.771248850777425 ], [ 74.740667836729202, 17.77542827112288 ], [ 74.751407982239684, 17.772395645283474 ], [ 74.746152756975036, 17.778645498885776 ], [ 74.750705714845253, 17.786366521066505 ], [ 74.756136897770631, 17.774225437323633 ], [ 74.748387171511993, 17.791550868365121 ], [ 74.740935802882049, 17.788914832730935 ], [ 74.733582028791801, 17.795023002356384 ], [ 74.7284087345557, 17.792474154648161 ], [ 74.725799965250872, 17.797771819161227 ], [ 74.726813570295363, 17.79361571890562 ], [ 74.714954434310826, 17.786839375152471 ], [ 74.713282498762254, 17.796224528791967 ], [ 74.708186807789005, 17.788828755200011 ], [ 74.705835293257323, 17.792262169016286 ], [ 74.699405091521527, 17.790165606391071 ], [ 74.706578217390302, 17.796697358045055 ], [ 74.699605990781862, 17.793441486869988 ], [ 74.694113116670948, 17.797331221541292 ], [ 74.702787259496148, 17.798885299104672 ], [ 74.697767618146159, 17.804170901326547 ], [ 74.702015188512604, 17.806828289347965 ], [ 74.703872230905318, 17.810576209899562 ], [ 74.696972581664113, 17.804778582306241 ], [ 74.698363750595263, 17.813745634383462 ], [ 74.693216506395288, 17.805692623705607 ], [ 74.684536643240364, 17.812766808840273 ], [ 74.690062325578396, 17.816741510459256 ], [ 74.682470694105604, 17.818832767581757 ], [ 74.69471638605394, 17.821418886943139 ], [ 74.683504959599418, 17.826825069096234 ], [ 74.689733017167583, 17.830346885699239 ], [ 74.684028858061637, 17.828993828348704 ], [ 74.68274207579455, 17.834877179857955 ], [ 74.677620558766506, 17.835142462681212 ], [ 74.682676779157418, 17.83798132555113 ], [ 74.677909614547019, 17.840439248558937 ], [ 74.679427453176743, 17.850395854774135 ], [ 74.666676719193759, 17.856987549609077 ], [ 74.665487696363542, 17.864223203940664 ], [ 74.653536780190507, 17.863602321537009 ], [ 74.648583697332512, 17.850510814249748 ], [ 74.643590241540664, 17.848642929729465 ], [ 74.651962100613645, 17.844396518351118 ], [ 74.636519491891661, 17.841112836069438 ], [ 74.648494524475367, 17.838775898024494 ], [ 74.636058178168199, 17.837145914389765 ], [ 74.643147882132936, 17.830971246844392 ], [ 74.635625624852779, 17.829557140369463 ], [ 74.629313623722638, 17.840092846797951 ], [ 74.627463067801486, 17.831533142165206 ], [ 74.624031649592439, 17.837489154786056 ], [ 74.618874291055988, 17.829142785726777 ], [ 74.617448252801864, 17.834486277396209 ], [ 74.612701935537885, 17.833207716510852 ], [ 74.621147257701963, 17.84520425231354 ], [ 74.607063003168534, 17.845236499109006 ], [ 74.612276794925435, 17.853334559610214 ], [ 74.608539904654094, 17.858428070529023 ], [ 74.636072027153489, 17.873544633062195 ], [ 74.632243711776482, 17.894387907535037 ], [ 74.642721383765547, 17.915244507367959 ], [ 74.653197701122494, 17.919436851855441 ], [ 74.66730031853443, 17.978204406938346 ], [ 74.662327056957849, 18.003848959425891 ], [ 74.686811771902981, 18.020523963374742 ], [ 74.711238302735339, 18.029299410721524 ], [ 74.74188704031603, 18.026733201013364 ], [ 74.749417952400208, 18.016119304168004 ], [ 74.768102275627669, 18.023318091445272 ], [ 74.774203163623184, 18.010761423039671 ], [ 74.790314431952638, 18.008406469482058 ], [ 74.802623898635716, 17.996664134543735 ], [ 74.812450319806715, 18.000286268942546 ], [ 74.811724750659806, 18.009672330015245 ], [ 74.818829339161752, 18.015104031941139 ], [ 74.832236912401328, 17.993177187116302 ], [ 74.845075298845757, 17.996583724043184 ], [ 74.862087284122438, 17.992537972875006 ], [ 74.85851927127284, 17.970246778313399 ], [ 74.843117887381581, 17.952520148699712 ], [ 74.845876330595843, 17.945850762785611 ], [ 74.865778005904701, 17.952396298005539 ], [ 74.873504182817527, 17.943216862907331 ], [ 74.893798059367441, 17.93649832845129 ], [ 74.912875725707451, 17.94549034699293 ], [ 74.937104486630616, 17.941573858262551 ], [ 74.94283465515322, 17.936717980395329 ], [ 74.941202288682604, 17.924261793000927 ], [ 75.0189920040971, 17.908990109450706 ], [ 75.024033018932215, 17.895037063292506 ], [ 75.038596884783701, 17.906125599324476 ], [ 75.054105200559391, 17.905040530238757 ], [ 75.045006867733093, 17.919084927861586 ], [ 75.051001261386219, 17.927266492550039 ], [ 75.073979937148891, 17.917302511387199 ], [ 75.087858090753471, 17.926855585184999 ], [ 75.080145810308338, 17.935647746165987 ], [ 75.081922472670129, 17.94081187307296 ], [ 75.096887540898962, 17.946545754768625 ], [ 75.109918834112733, 17.937611970418075 ], [ 75.127159144198032, 17.952381141044661 ], [ 75.128810528947497, 17.960737013053564 ], [ 75.117023105471972, 17.965177611727576 ], [ 75.115743854273731, 17.970384750884186 ], [ 75.136059915217359, 17.971899157351142 ], [ 75.129140499856831, 17.978638686842118 ], [ 75.124739203598907, 17.996164233064732 ], [ 75.117282380534462, 18.001363771763032 ], [ 75.108636121299043, 17.99894879407999 ], [ 75.100359094970159, 17.976057912323501 ], [ 75.080938100502507, 17.98214294239714 ], [ 75.06894585501243, 17.979613234987674 ], [ 75.053125630440505, 17.952103818798722 ], [ 75.038469382631547, 17.949754341336298 ], [ 75.020141502260046, 17.966695042000453 ], [ 75.027765870824453, 17.989491252375057 ], [ 75.051586003130893, 18.02415818086245 ], [ 75.080623664294137, 18.039091039758979 ], [ 75.085394494557377, 18.056989636497757 ], [ 75.094725315688805, 18.069630602303221 ], [ 75.128726334425764, 18.07457215333374 ], [ 75.135824231603394, 18.092741531823311 ], [ 75.162362574470279, 18.108538100721908 ], [ 75.160923642360544, 18.117290501989729 ], [ 75.152052554722587, 18.121918909565164 ], [ 75.110306339438964, 18.117274357553903 ], [ 75.092156305255912, 18.122815755781623 ], [ 75.091882722746234, 18.148909421320134 ], [ 75.110337199284047, 18.187046586594128 ], [ 75.111930761105981, 18.205034717918718 ], [ 75.106114237934136, 18.219994375236595 ], [ 75.082514918206783, 18.218413186375095 ], [ 75.05808823692152, 18.199576449733321 ], [ 75.022745365588321, 18.189719917500199 ], [ 75.008430362155224, 18.209325222661185 ], [ 75.02354900648325, 18.23605257525686 ], [ 75.044072528014723, 18.254205088443062 ], [ 75.041821937473486, 18.262341109972457 ], [ 74.991370984395999, 18.240571110483774 ], [ 74.963101138816839, 18.251652530538546 ], [ 74.948767808809691, 18.266460505791354 ], [ 74.925233575985658, 18.259864317156524 ], [ 74.892104235075735, 18.259488250642946 ], [ 74.876415515770773, 18.249189556200854 ], [ 74.842483323318731, 18.245334379804415 ], [ 74.799166522796398, 18.277570588067164 ], [ 74.79635058797092, 18.294595644129551 ], [ 74.802960510358645, 18.302266719662832 ], [ 74.83293010301216, 18.295318346388132 ], [ 74.84206540670128, 18.298490447735592 ], [ 74.844417144027233, 18.308213605509465 ], [ 74.834132795808003, 18.320506580211738 ], [ 74.833404363134377, 18.335029006289741 ], [ 74.851694560810046, 18.329943697718871 ], [ 74.854899805670755, 18.334904376237727 ], [ 74.8644890736402, 18.336072039143147 ], [ 74.867346470104479, 18.352715571008059 ], [ 74.908052174153298, 18.356777624175731 ], [ 74.914682803300224, 18.378625108087281 ], [ 74.949726428132948, 18.388286230925257 ], [ 74.966215741537482, 18.385541584074769 ], [ 74.979099984616681, 18.399795486822789 ], [ 75.005387232805447, 18.403339680638613 ], [ 75.015444280854766, 18.436714264740736 ], [ 75.050167955810466, 18.429679650203557 ], [ 75.058260696326712, 18.419335824609256 ], [ 75.079442716656743, 18.42341407692037 ], [ 75.080539950004578, 18.428426022500382 ], [ 75.090227535132911, 18.431339459373056 ], [ 75.090518619120459, 18.451344731717356 ], [ 75.104723231695885, 18.489592761141928 ], [ 75.121987035945978, 18.492472907557513 ], [ 75.132984873188761, 18.525830787306305 ], [ 75.15825234030406, 18.519875758793422 ], [ 75.181979616551914, 18.530526298454685 ], [ 75.201627347032343, 18.531318460982714 ], [ 75.213499388633466, 18.554071240033146 ], [ 75.22885995602843, 18.540879535695318 ] ], [ [ 75.603759833642684, 18.145514861630542 ], [ 75.602432480701736, 18.159208124144588 ], [ 75.5883743846328, 18.152839542063806 ], [ 75.593576265000536, 18.146087875301291 ], [ 75.603759833642684, 18.145514861630542 ] ], [ [ 75.604610302597408, 18.159913189179829 ], [ 75.605427927360836, 18.153998239205233 ], [ 75.607161504742507, 18.145748444593192 ], [ 75.614405290296929, 18.150604987304337 ], [ 75.611767231675543, 18.16101751285451 ], [ 75.604610302597408, 18.159913189179829 ] ] ] } },
{ "type": "Feature", "properties": { "District": "SUB URBAN MUMBAI" }, "geometry": { "type": "Polygon", "coordinates": [ [ [ 72.839762665422242, 19.268417023164755 ], [ 72.865881938582064, 19.266810218459916 ], [ 72.888330903010626, 19.249806569001922 ], [ 72.905879785297969, 19.246653125634641 ], [ 72.906026181899776, 19.237756242942368 ], [ 72.91779983373867, 19.223953667553005 ], [ 72.920301185884938, 19.213492810919412 ], [ 72.930724590436199, 19.208595207984487 ], [ 72.937900279134496, 19.211086678524548 ], [ 72.934062557278423, 19.191132029853684 ], [ 72.966203859701579, 19.177923929050127 ], [ 72.972576608830579, 19.162210638011565 ], [ 72.98112935918401, 19.155607935138313 ], [ 72.965700055833878, 19.099926616503652 ], [ 72.966089619840517, 19.069288151495059 ], [ 72.976460863689482, 19.038623209013227 ], [ 72.956048427902218, 18.987792512807903 ], [ 72.889321268954816, 18.979425866419053 ], [ 72.879840971810836, 18.99077773111566 ], [ 72.885724549312471, 19.012073229414788 ], [ 72.877384867041258, 19.024832202340207 ], [ 72.881476392280774, 19.036484937812148 ], [ 72.879225801982798, 19.047641255059471 ], [ 72.866871536109841, 19.053004220560624 ], [ 72.838398634027527, 19.047901602893379 ], [ 72.831780536049834, 19.053246332414457 ], [ 72.817013394163894, 19.041474097960528 ], [ 72.824448742234821, 19.055843466890469 ], [ 72.822992435954873, 19.080045112815803 ], [ 72.82798167008923, 19.077390157054438 ], [ 72.83322333874338, 19.084831053186814 ], [ 72.825890905447366, 19.084731986704657 ], [ 72.821092531289608, 19.118320523754189 ], [ 72.828696733513851, 19.116619926088404 ], [ 72.80444427162324, 19.140739441999965 ], [ 72.806077600648436, 19.146652795319302 ], [ 72.811555495058968, 19.144772811127559 ], [ 72.806845677743325, 19.151450687920953 ], [ 72.800507943643979, 19.139553505146505 ], [ 72.795525934569525, 19.141393877244099 ], [ 72.796994777097481, 19.134487121601573 ], [ 72.786073018307334, 19.133520792699557 ], [ 72.789691962122404, 19.14733169521584 ], [ 72.781642275470986, 19.167884589985764 ], [ 72.794862523300736, 19.174697061528764 ], [ 72.795440222797211, 19.195331523325976 ], [ 72.781725967154628, 19.194333714920951 ], [ 72.786197425301438, 19.20448551955111 ], [ 72.779999453416067, 19.208574713223541 ], [ 72.781429729857408, 19.218088331516423 ], [ 72.775575900070521, 19.22719088911202 ], [ 72.780495971653465, 19.23282526183467 ], [ 72.783839484232786, 19.265069341913328 ], [ 72.799724679140198, 19.262549705905816 ], [ 72.8126905227045, 19.249760546380305 ], [ 72.824015610263373, 19.245961559446666 ], [ 72.838505389278595, 19.253154456553982 ], [ 72.839762665422242, 19.268417023164755 ] ] ] } },
{ "type": "Feature", "properties": { "District": "THANE" }, "geometry": { "type": "Polygon", "coordinates": [ [ [ 73.475672888627301, 19.731483264852461 ], [ 73.518991930809449, 19.707510248148779 ], [ 73.514559790597545, 19.698692336977842 ], [ 73.528546392230524, 19.697728125566627 ], [ 73.528268819474448, 19.689229226205718 ], [ 73.544126713071492, 19.657903868457904 ], [ 73.559585800861441, 19.644367713473905 ], [ 73.563284019186355, 19.618478452069414 ], [ 73.575469783175691, 19.618400227237732 ], [ 73.581207515122216, 19.612954110000441 ], [ 73.574922003659296, 19.602157821444941 ], [ 73.583645841525865, 19.606499755153749 ], [ 73.606341883153007, 19.594963553711874 ], [ 73.614000959050927, 19.595482144544103 ], [ 73.61814179589112, 19.586321531719147 ], [ 73.61437545030013, 19.576740482623137 ], [ 73.617702623870642, 19.5813344860927 ], [ 73.628461705060701, 19.568501384764851 ], [ 73.622608781667608, 19.542078973057986 ], [ 73.631911844342753, 19.541654694248983 ], [ 73.632919322866286, 19.532707687175506 ], [ 73.63913203188477, 19.539148449018345 ], [ 73.656927164080557, 19.536836737070587 ], [ 73.664566736916441, 19.512115517323945 ], [ 73.675183426453046, 19.509491894306972 ], [ 73.679621011051836, 19.51875738562433 ], [ 73.689793245105577, 19.506475624184588 ], [ 73.686286286868039, 19.500146195823152 ], [ 73.707988590589167, 19.496054149465635 ], [ 73.713511476750682, 19.484426564897959 ], [ 73.695847503593285, 19.478710248473426 ], [ 73.694828058679505, 19.469793660703747 ], [ 73.684784778087447, 19.466154542756342 ], [ 73.684601969466271, 19.444802279864433 ], [ 73.693140418135471, 19.433565821814788 ], [ 73.703195033022766, 19.434551845158506 ], [ 73.707879892026, 19.427679084501296 ], [ 73.710697855269544, 19.43169213459683 ], [ 73.730716955710037, 19.430231264594642 ], [ 73.72898498999885, 19.42200235965306 ], [ 73.735921043546824, 19.407542717968536 ], [ 73.7514056549972, 19.407252355179001 ], [ 73.753055224922605, 19.397048777775055 ], [ 73.769948173373507, 19.392012276474691 ], [ 73.771440562429234, 19.386475248105221 ], [ 73.777982116238789, 19.387241139901768 ], [ 73.794744316801726, 19.342740610821231 ], [ 73.793251058368554, 19.333787102918883 ], [ 73.787459653759811, 19.338204475304131 ], [ 73.779064725818131, 19.335856949728797 ], [ 73.771708146787276, 19.342375599506703 ], [ 73.770153926012028, 19.331554060371598 ], [ 73.750453128329895, 19.327404841672816 ], [ 73.747157015789327, 19.318147705062238 ], [ 73.743396293744738, 19.324232016296001 ], [ 73.746866741059378, 19.337233818991024 ], [ 73.709420462012702, 19.324907808114936 ], [ 73.701863339588272, 19.312702478980359 ], [ 73.686862614445843, 19.315131391683199 ], [ 73.681671231121541, 19.307471791148181 ], [ 73.669264456327397, 19.305167413996084 ], [ 73.672933487876861, 19.30110739890393 ], [ 73.667473338629691, 19.291430639147837 ], [ 73.673480275421994, 19.290244151957879 ], [ 73.680521701259309, 19.273885848264335 ], [ 73.690173628932243, 19.268685059656391 ], [ 73.693267312908063, 19.251469601704525 ], [ 73.685392832976959, 19.242322391238069 ], [ 73.658342425538819, 19.239334880998978 ], [ 73.629973401186021, 19.205712104951754 ], [ 73.62269250489129, 19.216458082274904 ], [ 73.608653352213125, 19.210608892459906 ], [ 73.606374039291751, 19.190495841186561 ], [ 73.596916761458957, 19.195659656330179 ], [ 73.583841411259229, 19.190284634324875 ], [ 73.575849518378206, 19.194365152135681 ], [ 73.566981766263865, 19.190060624226387 ], [ 73.566146389249383, 19.184601285151476 ], [ 73.545829108690654, 19.187092981330878 ], [ 73.544507423621965, 19.177127378479025 ], [ 73.536293546522401, 19.177041684582779 ], [ 73.542582266340091, 19.158827547578543 ], [ 73.532841178207036, 19.153549762527856 ], [ 73.534188367278389, 19.145643451031226 ], [ 73.542550163329707, 19.140538557834553 ], [ 73.542435958331922, 19.120255547684874 ], [ 73.523085423306725, 19.1312178281492 ], [ 73.490510303635119, 19.127946242362725 ], [ 73.486520574334335, 19.12325829692643 ], [ 73.477753873463854, 19.133148342617243 ], [ 73.46744477545144, 19.135482633162042 ], [ 73.457257217506111, 19.131397320503797 ], [ 73.44617091408054, 19.134036568812995 ], [ 73.430634775005444, 19.126380677690609 ], [ 73.404549062223083, 19.134690994939699 ], [ 73.372290991337593, 19.126691130386373 ], [ 73.358385654530338, 19.130772354243934 ], [ 73.326336400204468, 19.119674612076611 ], [ 73.31622955505668, 19.107633600844089 ], [ 73.307428314541397, 19.106934114478577 ], [ 73.322006667912092, 19.086989043133606 ], [ 73.313955277156992, 19.076904797127682 ], [ 73.305879156199836, 19.078440193726038 ], [ 73.297630013313224, 19.07231805794482 ], [ 73.297782820252792, 19.083440519700929 ], [ 73.281643118331971, 19.087364999780863 ], [ 73.26422420896867, 19.072226533742164 ], [ 73.26407274560971, 19.066266979998943 ], [ 73.250739234303083, 19.061772573795409 ], [ 73.234862485513304, 19.06855671181561 ], [ 73.230506396426591, 19.087959228196461 ], [ 73.212826966504892, 19.099390998044935 ], [ 73.194077761131481, 19.127455791464477 ], [ 73.179407847171987, 19.115938353877173 ], [ 73.182145899118041, 19.105824354319921 ], [ 73.152676019991233, 19.113533225806762 ], [ 73.143411289400831, 19.127449222845392 ], [ 73.130346872391243, 19.108669182193218 ], [ 73.117874214041919, 19.106735725960164 ], [ 73.111031212258524, 19.111119262582765 ], [ 73.09966482769407, 19.106165800793672 ], [ 73.094393871419555, 19.114802511543456 ], [ 73.077447978095151, 19.114366584413649 ], [ 73.047525827152057, 19.099818124819038 ], [ 73.043231555406834, 19.054534261939445 ], [ 73.049349161788058, 19.043488400879792 ], [ 73.046547110624445, 19.020571372935311 ], [ 73.049633955460138, 19.015972888811401 ], [ 73.043693481896042, 19.007393854143469 ], [ 72.998148300548422, 18.98700069273039 ], [ 72.956048427902218, 18.987792512807903 ], [ 72.976460863689482, 19.038623209013227 ], [ 72.966089619840517, 19.069288151495059 ], [ 72.965700055833878, 19.099926616503652 ], [ 72.98112935918401, 19.155607935138313 ], [ 72.972576608830579, 19.162210638011565 ], [ 72.966203859701579, 19.177923929050127 ], [ 72.934062557278423, 19.191132029853684 ], [ 72.937900279134496, 19.211086678524548 ], [ 72.930724590436199, 19.208595207984487 ], [ 72.920301185884938, 19.213492810919412 ], [ 72.91779983373867, 19.223953667553005 ], [ 72.906026181899776, 19.237756242942368 ], [ 72.905879785297969, 19.246653125634641 ], [ 72.888330903010626, 19.249806569001922 ], [ 72.857809815420751, 19.268875077971497 ], [ 72.839762665422242, 19.268417023164755 ], [ 72.838505389278595, 19.253154456553982 ], [ 72.824015610263373, 19.245961559446666 ], [ 72.8126905227045, 19.249760546380305 ], [ 72.799724679140198, 19.262549705905816 ], [ 72.783839484232786, 19.265069341913328 ], [ 72.778654964408531, 19.278924844810039 ], [ 72.784380248316921, 19.283333556040901 ], [ 72.785859104089951, 19.306379966024394 ], [ 72.795026620460618, 19.31503034815508 ], [ 72.815719483624065, 19.314477252395889 ], [ 72.830849475125191, 19.328520982274426 ], [ 72.860288272135506, 19.326162373994261 ], [ 72.871610072283019, 19.322015508757616 ], [ 72.902243463653946, 19.289686224354988 ], [ 72.937142160154309, 19.28932527092309 ], [ 72.943137044409866, 19.297095151251263 ], [ 72.955214459086832, 19.300333791111175 ], [ 72.944929930695707, 19.312875638233589 ], [ 72.941895125691261, 19.332238529191709 ], [ 72.949272303270632, 19.379270455150483 ], [ 72.962205037237979, 19.38559364269863 ], [ 72.959900846439012, 19.398770962754487 ], [ 72.976971768742303, 19.398675525517429 ], [ 72.981021380885181, 19.413744397287157 ], [ 72.986998123752429, 19.412115707813413 ], [ 73.020452852749443, 19.446847925117158 ], [ 72.99393392257987, 19.466761144274706 ], [ 72.995484207559613, 19.478808289476763 ], [ 72.988456453783513, 19.489850903342976 ], [ 72.999936159159446, 19.495944854876107 ], [ 73.003580819407887, 19.503626685491852 ], [ 73.017152648641641, 19.507013788900128 ], [ 73.027497104361785, 19.49116647787903 ], [ 73.036276084572918, 19.49728672102589 ], [ 73.048118174766401, 19.493171783773835 ], [ 73.057086060231967, 19.478980080454093 ], [ 73.072616368862882, 19.479179929465971 ], [ 73.100463337053313, 19.495618586630169 ], [ 73.133106304155163, 19.501168071 ], [ 73.129565917784134, 19.510892964886697 ], [ 73.133375222300415, 19.516678789174989 ], [ 73.168011979071977, 19.522471069942654 ], [ 73.179416175663079, 19.537836187893561 ], [ 73.207901818746436, 19.556499581886843 ], [ 73.211060282591944, 19.562386377307075 ], [ 73.20405956100322, 19.569715122888194 ], [ 73.204329080961656, 19.579095809790079 ], [ 73.194483145417593, 19.600017298308707 ], [ 73.227062427791452, 19.603097026162331 ], [ 73.234030051254194, 19.616572876399182 ], [ 73.247307554973517, 19.610278094319845 ], [ 73.256109710005916, 19.631796068265214 ], [ 73.276841488987515, 19.62431117841869 ], [ 73.283663129529472, 19.626266488839111 ], [ 73.279451697143386, 19.639467064161639 ], [ 73.267470940251854, 19.651901561400773 ], [ 73.272427727380631, 19.654476326691491 ], [ 73.271040995848551, 19.667149989460754 ], [ 73.275398967650005, 19.668480462653996 ], [ 73.283737603244631, 19.691086584199542 ], [ 73.30136173267806, 19.689464257348479 ], [ 73.310840152215732, 19.673612209233657 ], [ 73.319325133545519, 19.673553754464173 ], [ 73.330814281365789, 19.695138106277309 ], [ 73.349035570422728, 19.695251687029515 ], [ 73.358831134362802, 19.686884052617092 ], [ 73.376449542598223, 19.688393095179855 ], [ 73.381060464855608, 19.690655283686457 ], [ 73.382563555202921, 19.700077284150652 ], [ 73.386274432292794, 19.695497435032706 ], [ 73.403969327604912, 19.701098482708609 ], [ 73.414853106527119, 19.697444925775152 ], [ 73.414647648912563, 19.708726029621946 ], [ 73.429851581744231, 19.702144916309688 ], [ 73.433419510134726, 19.710764432829517 ], [ 73.439212747919299, 19.708641885236652 ], [ 73.445986948844663, 19.717193883151459 ], [ 73.455091992373411, 19.714411004937858 ], [ 73.456591375279942, 19.72351008522406 ], [ 73.464935907288762, 19.718362690405897 ], [ 73.475503044853752, 19.723774120702398 ], [ 73.475672888627301, 19.731483264852461 ] ] ] } },
{ "type": "Feature", "properties": { "District": "WARDHA" }, "geometry": { "type": "Polygon", "coordinates": [ [ [ 78.095833023889526, 21.354287231784934 ], [ 78.103084639996027, 21.356500535976323 ], [ 78.123606320253216, 21.347008329791684 ], [ 78.148507322116998, 21.343151143637414 ], [ 78.155833463100791, 21.331619962928446 ], [ 78.211385002789896, 21.333817340316255 ], [ 78.232083318069201, 21.3273912071169 ], [ 78.249598176214505, 21.331237405771187 ], [ 78.253939864175138, 21.325498465262037 ], [ 78.257284593083583, 21.329961093740195 ], [ 78.294161735146773, 21.293131336211985 ], [ 78.312645801871071, 21.294577255294623 ], [ 78.303449946942564, 21.275495006292786 ], [ 78.310928071409492, 21.268087217514871 ], [ 78.321000921080341, 21.273194388609124 ], [ 78.327785087355196, 21.271266872125388 ], [ 78.32457899082533, 21.255782000846747 ], [ 78.331395211183349, 21.250007682202458 ], [ 78.35835248017716, 21.252683519952921 ], [ 78.375360683992895, 21.242052176988093 ], [ 78.411930518212287, 21.23921090659897 ], [ 78.416593861984424, 21.229000100413359 ], [ 78.430102213815758, 21.225989013329674 ], [ 78.44528160866183, 21.236003401643032 ], [ 78.470406004689707, 21.215980792581455 ], [ 78.477130051505156, 21.219744512028615 ], [ 78.478394315801353, 21.213054159154911 ], [ 78.519801483590129, 21.174412967534018 ], [ 78.518503085865731, 21.162824906480449 ], [ 78.530281293825624, 21.140324971629816 ], [ 78.552837917555379, 21.12575121824284 ], [ 78.554951953974452, 21.1167727064866 ], [ 78.584724788391384, 21.116635977416735 ], [ 78.590182494402569, 21.109611963948172 ], [ 78.599326733616294, 21.108068547852486 ], [ 78.594474302576316, 21.097570597612567 ], [ 78.598044731878957, 21.096487023840933 ], [ 78.597211384477816, 21.089640312455991 ], [ 78.610626410062665, 21.088365771541433 ], [ 78.607043434885639, 21.069616975603697 ], [ 78.626617695572023, 21.066467323089139 ], [ 78.629300377565585, 21.05773107352816 ], [ 78.643536157111953, 21.058373274320129 ], [ 78.649632563723173, 21.051889842930397 ], [ 78.649169456580026, 21.035576375566801 ], [ 78.675643676222663, 21.03608069711456 ], [ 78.686263179743065, 21.020885172712848 ], [ 78.710361535141089, 21.013950139274804 ], [ 78.716000511302553, 21.004101929706554 ], [ 78.726573134904072, 21.004168616543627 ], [ 78.729436516251653, 20.994575028829825 ], [ 78.723795270888871, 20.98851164792109 ], [ 78.724350648070782, 20.968846342600933 ], [ 78.7318334746234, 20.959590955722796 ], [ 78.733208537718085, 20.946304282916522 ], [ 78.748476586982662, 20.944583146893883 ], [ 78.739632242660164, 20.939547445537169 ], [ 78.752772813666553, 20.923414285683798 ], [ 78.766462445075646, 20.920444331176075 ], [ 78.769624712243626, 20.912235234518366 ], [ 78.782287235329619, 20.911240769937567 ], [ 78.773024337169332, 20.904090069721548 ], [ 78.785634313203687, 20.890101283909392 ], [ 78.817193041728274, 20.880725355124667 ], [ 78.828597103673161, 20.894559399241469 ], [ 78.850968023010296, 20.886240524912949 ], [ 78.847428836547166, 20.878620255752487 ], [ 78.860038259964767, 20.874520200237658 ], [ 78.860644369687293, 20.841621707291836 ], [ 78.874006402141916, 20.829927064951377 ], [ 78.878039272920518, 20.829789202481766 ], [ 78.883605505487893, 20.843601772036394 ], [ 78.91285250470429, 20.835991872679951 ], [ 78.911880461912602, 20.822449293887928 ], [ 78.916783534169454, 20.819540503580271 ], [ 78.911861295883014, 20.808495501918774 ], [ 78.92440851036811, 20.798126380154045 ], [ 78.945385494510376, 20.793737468233655 ], [ 78.944470326548341, 20.782056670680621 ], [ 78.940934500159159, 20.781339487616794 ], [ 78.942431652618382, 20.76665752156099 ], [ 78.953009750498566, 20.768208737139997 ], [ 78.958657414959916, 20.760049593413967 ], [ 78.974748195209798, 20.755240312432555 ], [ 78.996077360675855, 20.756042311754079 ], [ 78.997381013497105, 20.74482196500912 ], [ 79.011659595566172, 20.747796141832094 ], [ 79.015598341447799, 20.739829795555782 ], [ 79.034678106276829, 20.738111534944807 ], [ 79.036268085667416, 20.741746532657565 ], [ 79.050255272677134, 20.737658226235759 ], [ 79.051826078908149, 20.729149937326437 ], [ 79.072514095518827, 20.726681222652402 ], [ 79.072959996841945, 20.719227892492082 ], [ 79.085756636978587, 20.716806006239725 ], [ 79.089991425383786, 20.711225864886359 ], [ 79.103365955443209, 20.715685304487408 ], [ 79.109142561025891, 20.702319458193163 ], [ 79.105214236719547, 20.687940280085456 ], [ 79.142762433201611, 20.679048753971617 ], [ 79.147364994304098, 20.653621725686861 ], [ 79.170705809528471, 20.645590464232281 ], [ 79.168638731342412, 20.626999144586673 ], [ 79.179230749109308, 20.619061479908403 ], [ 79.184046937191653, 20.621265826095964 ], [ 79.188898306091588, 20.599156770520146 ], [ 79.205200911368038, 20.601431681985996 ], [ 79.219780215381789, 20.590707368108376 ], [ 79.222357261044465, 20.57312682624514 ], [ 79.217638029727112, 20.55261135350079 ], [ 79.194251144758226, 20.539077292964237 ], [ 79.181014704480006, 20.512375567399189 ], [ 79.169788935773283, 20.514301734051305 ], [ 79.166005039127867, 20.492735182322722 ], [ 79.157774544325207, 20.478144982971159 ], [ 79.152555876780013, 20.482716769553161 ], [ 79.139785711410227, 20.482192509061694 ], [ 79.132501634924324, 20.457067187290392 ], [ 79.119753536813406, 20.45126648804861 ], [ 79.101645974449127, 20.457573203201196 ], [ 79.096180380772893, 20.463921644237754 ], [ 79.061967759105585, 20.469114871492582 ], [ 79.05191110419203, 20.466497223344515 ], [ 79.043450475443308, 20.478005360988188 ], [ 79.022950497742073, 20.48333964997267 ], [ 79.000396504314196, 20.450839494516387 ], [ 78.987346054315267, 20.465750779514089 ], [ 78.981623001676496, 20.458838777791829 ], [ 78.966868388765661, 20.46049631235946 ], [ 78.965725876990675, 20.445906568714079 ], [ 78.953189596381563, 20.428789896871635 ], [ 78.909620611905268, 20.431568200703634 ], [ 78.898839503588178, 20.437599982227713 ], [ 78.884774658009448, 20.427852791039236 ], [ 78.857058745210992, 20.421074557894304 ], [ 78.842320174987492, 20.434282903345675 ], [ 78.834254490581728, 20.425555896413186 ], [ 78.85204204459157, 20.415402127429019 ], [ 78.843428069044549, 20.406517669650448 ], [ 78.821956930436997, 20.405346583887383 ], [ 78.816382606071585, 20.39141689305885 ], [ 78.825828336461385, 20.36288221934997 ], [ 78.819939087978852, 20.350062842269601 ], [ 78.830601265407637, 20.336292584482266 ], [ 78.830532135164745, 20.321545427013458 ], [ 78.805276079965481, 20.310258145714212 ], [ 78.798773577289964, 20.2995619837254 ], [ 78.776201025635615, 20.300706455548454 ], [ 78.766527931355228, 20.295134164752596 ], [ 78.74939758818752, 20.297864123128981 ], [ 78.738256298322867, 20.293789668774675 ], [ 78.729047411890988, 20.306732551863714 ], [ 78.706144162680189, 20.312252099148846 ], [ 78.708246941441956, 20.349814329907709 ], [ 78.689332081654399, 20.359217708584033 ], [ 78.688597281713797, 20.370674474804229 ], [ 78.663199112377157, 20.395974089048984 ], [ 78.659081967519569, 20.411920777626136 ], [ 78.645479227415024, 20.420224375248427 ], [ 78.648322903682484, 20.434469616950558 ], [ 78.619306625398522, 20.435580997779386 ], [ 78.611988003244008, 20.444859387791031 ], [ 78.606214479366443, 20.431563923270165 ], [ 78.580206890955125, 20.433135095349193 ], [ 78.563772302227292, 20.439596499066269 ], [ 78.535695368459031, 20.466300012671187 ], [ 78.535159363280741, 20.480553572619197 ], [ 78.521435500484401, 20.492071744866902 ], [ 78.521430821122593, 20.501194730538007 ], [ 78.508547854409002, 20.523148475169975 ], [ 78.474125932840678, 20.52816432807596 ], [ 78.450438937322005, 20.512895539673778 ], [ 78.433557588345039, 20.51949393657398 ], [ 78.409925501112596, 20.511943591645963 ], [ 78.385099227485156, 20.519869736473261 ], [ 78.380159161946807, 20.528523107896813 ], [ 78.36787570250398, 20.533778359967695 ], [ 78.355565327376326, 20.529037671230341 ], [ 78.333390791298896, 20.545425681818898 ], [ 78.297953166380225, 20.55561394280647 ], [ 78.293743015965461, 20.560681330833678 ], [ 78.279985657334251, 20.560239581138571 ], [ 78.274659781363098, 20.570594216785146 ], [ 78.263295148037699, 20.578490891404574 ], [ 78.256816391010247, 20.597852260252388 ], [ 78.259474098812561, 20.601887459693607 ], [ 78.251680285727957, 20.614884915149741 ], [ 78.253272333859357, 20.635112498933132 ], [ 78.248665990177386, 20.64549487909748 ], [ 78.270244197592973, 20.668300696090437 ], [ 78.266857528327876, 20.680453962702178 ], [ 78.276566779097053, 20.688502409019037 ], [ 78.277214882460569, 20.698587815424467 ], [ 78.28485860856695, 20.700407637108682 ], [ 78.28971891399901, 20.709472712827186 ], [ 78.294386975126443, 20.708279202020812 ], [ 78.293828374146003, 20.698864372906293 ], [ 78.299798733731393, 20.702356132861446 ], [ 78.299729894178782, 20.71510412151353 ], [ 78.31168755196029, 20.738024076109173 ], [ 78.304823280285149, 20.74530642831753 ], [ 78.308551015421457, 20.75589030896154 ], [ 78.305960221377916, 20.76445843489762 ], [ 78.292365390243916, 20.776905848409111 ], [ 78.293495943224926, 20.799975310221409 ], [ 78.297150501434231, 20.81119153126885 ], [ 78.309802776200868, 20.812519539879432 ], [ 78.317220912241382, 20.820359397538923 ], [ 78.311764143742877, 20.833741450954353 ], [ 78.292380190784087, 20.827916661268159 ], [ 78.292755776001655, 20.840355964383864 ], [ 78.279373561085549, 20.843395922412533 ], [ 78.275523346242451, 20.861286960406314 ], [ 78.262692249155691, 20.87149770475245 ], [ 78.257476805714717, 20.886810735140088 ], [ 78.223193182721602, 20.899668166835312 ], [ 78.213200827615736, 20.908598305305627 ], [ 78.208493032749672, 20.900117887298151 ], [ 78.182939026040202, 20.903735909017819 ], [ 78.173987184239309, 20.915240261668238 ], [ 78.176417962931055, 20.92283210322903 ], [ 78.1698044070679, 20.92971459274775 ], [ 78.1682373258474, 20.941874710072931 ], [ 78.142805348307604, 20.952971435763281 ], [ 78.148664658755848, 20.966276244422581 ], [ 78.148259812838589, 20.984746403389625 ], [ 78.13561137872604, 21.001207019594439 ], [ 78.134947889858438, 21.010263717137097 ], [ 78.144711912514765, 21.023477610717364 ], [ 78.13620352342771, 21.038179795541751 ], [ 78.145091115034134, 21.040714108804757 ], [ 78.149719739661109, 21.048077170551732 ], [ 78.146570972876304, 21.057791769853651 ], [ 78.150489986169077, 21.0755574036504 ], [ 78.144684835505558, 21.103261256526451 ], [ 78.132386805027423, 21.105016922460788 ], [ 78.12834453793198, 21.114446661431899 ], [ 78.143500917677045, 21.139876464667605 ], [ 78.091563639175874, 21.179514130778319 ], [ 78.098590416221825, 21.18878670536953 ], [ 78.096777265154699, 21.198871599130388 ], [ 78.070822041990169, 21.22132049061209 ], [ 78.071820887024046, 21.236370669275722 ], [ 78.058151644248653, 21.239573692058265 ], [ 78.052240812603543, 21.257236505360481 ], [ 78.061577201970124, 21.27745025920785 ], [ 78.076019190334065, 21.276461237414885 ], [ 78.08046364574912, 21.281585685827491 ], [ 78.079586103975359, 21.289389575439436 ], [ 78.068896216458924, 21.298367077133921 ], [ 78.079351791373767, 21.327312659000203 ], [ 78.074249518318553, 21.353785534760679 ], [ 78.085654476293115, 21.359267664710643 ], [ 78.095833023889526, 21.354287231784934 ] ] ] } },
{ "type": "Feature", "properties": { "District": "WASHIM" }, "geometry": { "type": "MultiPolygon", "coordinates": [ [ [ [ 77.577885943350267, 20.726915675759916 ], [ 77.590771090729078, 20.726410890144997 ], [ 77.59822288738593, 20.718370133318359 ], [ 77.634018419499156, 20.712884862978527 ], [ 77.631391500026439, 20.701454942606709 ], [ 77.637933561450367, 20.694382063825486 ], [ 77.63210821875424, 20.671495225716409 ], [ 77.636197278967884, 20.670046527595652 ], [ 77.634665802780574, 20.658228969436767 ], [ 77.653991739500782, 20.661870882414284 ], [ 77.648276796934169, 20.648690850148196 ], [ 77.659715813775477, 20.646191845947762 ], [ 77.658639945249959, 20.636466986775279 ], [ 77.648085900464807, 20.621968141826912 ], [ 77.647090952065739, 20.604660000621902 ], [ 77.628072757714904, 20.566603062346257 ], [ 77.650404347572803, 20.563982829223669 ], [ 77.642933293299691, 20.531692764244049 ], [ 77.653638959322635, 20.531256644632712 ], [ 77.668794122076562, 20.539984094911212 ], [ 77.690711925661958, 20.534007967069364 ], [ 77.685752463505963, 20.519392535643998 ], [ 77.667192477808513, 20.517140343289327 ], [ 77.66216118632704, 20.500180865374059 ], [ 77.653380637124812, 20.497886888708383 ], [ 77.654031316953166, 20.480639056728172 ], [ 77.642859091663482, 20.450335638266658 ], [ 77.613578288464325, 20.461028094196433 ], [ 77.612368679263227, 20.455638548358845 ], [ 77.605520872124089, 20.455913014043727 ], [ 77.59627257318094, 20.448190405612873 ], [ 77.601546697033172, 20.446199097639461 ], [ 77.604004261546891, 20.436951243325701 ], [ 77.590191392468597, 20.429225066433229 ], [ 77.595760397463323, 20.412339460319622 ], [ 77.581420072505267, 20.41526710153833 ], [ 77.571931622456106, 20.387874520642967 ], [ 77.578887544461438, 20.372252597850029 ], [ 77.568747760804953, 20.359953489870747 ], [ 77.567471300414894, 20.329629303301481 ], [ 77.584357097399163, 20.326961118416925 ], [ 77.587915225530111, 20.306463949631571 ], [ 77.594798686731394, 20.303049193704041 ], [ 77.594326967989886, 20.280728494466576 ], [ 77.610256912861033, 20.27883169035703 ], [ 77.610332695852691, 20.264085132617357 ], [ 77.633507986460401, 20.261410487531496 ], [ 77.643593084585362, 20.2505904644079 ], [ 77.665433928466896, 20.247398836327903 ], [ 77.652690386002874, 20.214674631660895 ], [ 77.657791241827894, 20.207270721300684 ], [ 77.655777767708315, 20.200404900117139 ], [ 77.644252788834095, 20.186948025294154 ], [ 77.649544375058014, 20.185753601795046 ], [ 77.65262405633257, 20.171685267124513 ], [ 77.663005644972529, 20.173595343231504 ], [ 77.679465022113433, 20.166687995250019 ], [ 77.673774895973068, 20.147690391752679 ], [ 77.682125327923941, 20.14099041240188 ], [ 77.670351714102068, 20.119854570154924 ], [ 77.668943970793933, 20.101935631501547 ], [ 77.656720366053733, 20.097715210086651 ], [ 77.655271564617976, 20.080003630541761 ], [ 77.640475670323994, 20.073718646886125 ], [ 77.640230370252894, 20.060709836919589 ], [ 77.629987244989437, 20.045292371658821 ], [ 77.607593533433487, 20.035942778681331 ], [ 77.596186715364041, 20.037850621013888 ], [ 77.580672303319119, 20.028832014205587 ], [ 77.56835719767956, 20.042772702946696 ], [ 77.554904537379855, 20.047456246629533 ], [ 77.550198306175275, 20.065509985915053 ], [ 77.540091011780333, 20.069937503787799 ], [ 77.524823431827087, 20.098088347755152 ], [ 77.498688038369252, 20.08508957754691 ], [ 77.494411345494598, 20.078758181521103 ], [ 77.485611005082788, 20.077327913741847 ], [ 77.479267642572211, 20.084433423245816 ], [ 77.459478485571822, 20.069362951144036 ], [ 77.383451776000612, 20.086495436157527 ], [ 77.364843979517218, 20.098331416545552 ], [ 77.369161366380112, 20.089051136710431 ], [ 77.356200614012451, 20.077256401190734 ], [ 77.352434171996649, 20.064315248586794 ], [ 77.372597289856429, 20.046886053513347 ], [ 77.354112465932417, 20.020204402798186 ], [ 77.355339481030271, 20.014103559662555 ], [ 77.340834899055153, 20.008408640089854 ], [ 77.337209070899775, 19.974638666896098 ], [ 77.324641568517364, 19.973613522161862 ], [ 77.321935932194336, 19.959249511486437 ], [ 77.303805533188651, 19.965332156630399 ], [ 77.299069275025914, 19.943865383023567 ], [ 77.284397745333806, 19.937082972091041 ], [ 77.28355426382555, 19.912699780448875 ], [ 77.271156769480598, 19.919578349483224 ], [ 77.266289180026448, 19.897638792611104 ], [ 77.255805443292303, 19.901620213894571 ], [ 77.239080520728209, 19.889687555417623 ], [ 77.233921960746969, 19.897100981272871 ], [ 77.245624319165003, 19.905499195742024 ], [ 77.237987072740978, 19.912676838790226 ], [ 77.238221523278384, 19.934530850356403 ], [ 77.235258813402766, 19.938674837426742 ], [ 77.210734274081133, 19.937999840804306 ], [ 77.205492060774077, 19.942114006012527 ], [ 77.208385438607962, 19.968982245253901 ], [ 77.214886985334729, 19.973319469426642 ], [ 77.20294242140092, 19.990191433249972 ], [ 77.177858700620149, 19.979758237099166 ], [ 77.169483587189788, 19.96450852555569 ], [ 77.154094277224615, 19.965908885025442 ], [ 77.136169030674296, 19.952675602092569 ], [ 77.133614731944363, 19.941885079359924 ], [ 77.11407932636466, 19.939946192234437 ], [ 77.102295670694019, 19.931467488080962 ], [ 77.092996868491369, 19.935231292909471 ], [ 77.093096621056162, 19.943705211061804 ], [ 77.082579483003599, 19.955542392772845 ], [ 77.084671772675449, 19.96399786131138 ], [ 77.070792404032517, 19.972201178663735 ], [ 77.070420609780427, 19.981607952314004 ], [ 77.062772523391473, 19.985212004249281 ], [ 77.061628200400193, 19.993887553107193 ], [ 77.042059170755451, 19.999034589504124 ], [ 77.034135235022532, 20.00932713302138 ], [ 77.012450821390004, 20.002399885697915 ], [ 76.994954945535923, 20.017629484472874 ], [ 76.988348239891138, 19.998066299840254 ], [ 76.972400263913698, 19.996414563519394 ], [ 76.961891825962539, 19.987282522569171 ], [ 76.922347199655476, 19.975866685036461 ], [ 76.900461677427941, 19.96425545102667 ], [ 76.89538096395971, 19.949133455254358 ], [ 76.859835071854633, 19.961537051255402 ], [ 76.837284731274934, 19.963908651234714 ], [ 76.821358709461236, 19.929199113040287 ], [ 76.772289119991257, 19.93577546329864 ], [ 76.76540139116581, 19.904405758947277 ], [ 76.747148442004871, 19.912306258345673 ], [ 76.740266210131111, 19.873311156214985 ], [ 76.721317560877637, 19.869447731104167 ], [ 76.692948655920617, 19.874000627331124 ], [ 76.691945366587888, 19.859614662336764 ], [ 76.681203066703901, 19.846991215618139 ], [ 76.661657188187164, 19.853248198829821 ], [ 76.647128347903831, 19.867001354497887 ], [ 76.65878708663557, 19.885704776469712 ], [ 76.654386798961696, 19.900508013490306 ], [ 76.633239427121936, 19.899311777628959 ], [ 76.624308251342697, 19.889536396109463 ], [ 76.610981024868067, 19.893093735595308 ], [ 76.613648290247227, 19.906742093233877 ], [ 76.606740380926638, 19.924797386589926 ], [ 76.628389524054043, 19.925489001641512 ], [ 76.636463057122427, 19.93367533028286 ], [ 76.634509886103103, 19.956381677258101 ], [ 76.645360473975671, 19.96488895313562 ], [ 76.659062886603067, 19.96438420841686 ], [ 76.660813380477833, 19.976588149500568 ], [ 76.645500377758296, 19.98466053430008 ], [ 76.658357506477685, 20.001871626768995 ], [ 76.663099720543613, 20.047559120490252 ], [ 76.624028833859668, 20.051252494869249 ], [ 76.630461083615728, 20.082208083351826 ], [ 76.634089389644998, 20.080675792167106 ], [ 76.632827852046788, 20.074395541216361 ], [ 76.648458095349824, 20.069563681472413 ], [ 76.651898314233918, 20.091388827439967 ], [ 76.660237839001638, 20.097224458838543 ], [ 76.658108974529839, 20.113446258825928 ], [ 76.668928333664738, 20.126108511486528 ], [ 76.696464265587636, 20.121675698528822 ], [ 76.757420144542436, 20.131111740504455 ], [ 76.762171940113262, 20.161328197274376 ], [ 76.748289710050472, 20.165427963825099 ], [ 76.746782054922505, 20.206724039802179 ], [ 76.768275953728406, 20.209357995957291 ], [ 76.784703311229791, 20.203216926174768 ], [ 76.794851410775578, 20.218287934634077 ], [ 76.810926493942986, 20.219329958147139 ], [ 76.824267062941047, 20.241969793929883 ], [ 76.820795752601725, 20.261362465556864 ], [ 76.826076300701374, 20.269734284998737 ], [ 76.820111782961916, 20.279886352634225 ], [ 76.832313830872678, 20.282762951813041 ], [ 76.83775791086731, 20.296046612844403 ], [ 76.858250014239275, 20.299370974241356 ], [ 76.868696639085925, 20.2778622011657 ], [ 76.872837695828323, 20.275229475618474 ], [ 76.880208884370248, 20.279704715736631 ], [ 76.880811032144592, 20.294164689834602 ], [ 76.908833102408579, 20.313111428422779 ], [ 76.891548790862942, 20.317020966203959 ], [ 76.904777873115123, 20.344482547664704 ], [ 76.916708415813744, 20.351347841457144 ], [ 76.919468951245776, 20.359636133430094 ], [ 76.931992395748068, 20.357039217061313 ], [ 76.93617240456075, 20.370612066205634 ], [ 76.953309360881022, 20.363467470276653 ], [ 76.977985085700809, 20.37034845776969 ], [ 76.974464532135045, 20.380373019938535 ], [ 76.98103728378095, 20.380086017766189 ], [ 76.981124224952964, 20.387781112154091 ], [ 76.989349082178734, 20.39447857353267 ], [ 76.995305382685899, 20.393545656503417 ], [ 76.991011734274991, 20.404343904987254 ], [ 76.993579788293459, 20.409041384280883 ], [ 77.003506085478676, 20.414750180250802 ], [ 77.014481175394025, 20.412714950939122 ], [ 77.013677027621441, 20.431725246277743 ], [ 77.022314232816683, 20.449919120542141 ], [ 77.059024154582474, 20.445371801074447 ], [ 77.059658916728196, 20.439435112164141 ], [ 77.047105027350199, 20.419307153238339 ], [ 77.050945412948167, 20.407421771450391 ], [ 77.045334223051611, 20.386550674288475 ], [ 77.062457929367866, 20.381357342878268 ], [ 77.081152632624224, 20.388945289488067 ], [ 77.074503534670328, 20.393611304976286 ], [ 77.073136077923778, 20.40147587700757 ], [ 77.079611460210458, 20.423857964127983 ], [ 77.104935016120251, 20.410971721740157 ], [ 77.115892879000612, 20.407998534830195 ], [ 77.120211503262439, 20.411101114248535 ], [ 77.121111064463051, 20.402771533611634 ], [ 77.130396274944715, 20.398894865612625 ], [ 77.13191314378976, 20.39039591780146 ], [ 77.136483761942898, 20.391408847397287 ], [ 77.142056813276099, 20.380151952534046 ], [ 77.152096750380821, 20.39256422499772 ], [ 77.151519966845896, 20.39913853966609 ], [ 77.185066643527719, 20.398408513726945 ], [ 77.195094222902753, 20.409190732493659 ], [ 77.197244207514444, 20.422220024343851 ], [ 77.182862061722886, 20.431728906042757 ], [ 77.185550628260771, 20.44738454654221 ], [ 77.225171843728432, 20.447412128675978 ], [ 77.229571770573941, 20.473394591182466 ], [ 77.246789664191951, 20.472368462337606 ], [ 77.246814923687353, 20.459740519298546 ], [ 77.266302098839191, 20.458603592612583 ], [ 77.277707516479708, 20.42363412871698 ], [ 77.284560046183216, 20.41833254558049 ], [ 77.293790424328961, 20.420709299732422 ], [ 77.298034336224617, 20.445866947398233 ], [ 77.313834893244859, 20.452313783740717 ], [ 77.325476624862219, 20.450315996725298 ], [ 77.326310853980274, 20.464813492761021 ], [ 77.333209735328069, 20.472567908233511 ], [ 77.343426951405931, 20.471635924445799 ], [ 77.34412310466108, 20.480537981312157 ], [ 77.324826957057212, 20.487032121812664 ], [ 77.327476454390123, 20.49797421148854 ], [ 77.368052660667487, 20.496529873565702 ], [ 77.367928454081152, 20.48002513817152 ], [ 77.381633185995156, 20.48314580458171 ], [ 77.388981021990418, 20.501696689457642 ], [ 77.395666181004287, 20.525440524835716 ], [ 77.368327890765244, 20.52548825620201 ], [ 77.364409584456638, 20.518190231645004 ], [ 77.336337186362243, 20.525784021619895 ], [ 77.341223784919336, 20.547428601838064 ], [ 77.335379683212153, 20.548648976809233 ], [ 77.339442972850293, 20.575264474980656 ], [ 77.362083475638144, 20.567635573866792 ], [ 77.365670172708931, 20.58338308254708 ], [ 77.395678508543, 20.579810105088995 ], [ 77.399443846204306, 20.585316676971036 ], [ 77.40925933482913, 20.587073814100094 ], [ 77.414359780883828, 20.6020285382133 ], [ 77.410868334943871, 20.606919940498567 ], [ 77.43103403659255, 20.612295393653003 ], [ 77.467071296853362, 20.610911012798255 ], [ 77.464772285184992, 20.628550108317 ], [ 77.438563761860166, 20.642549807914932 ], [ 77.43842180341268, 20.653164622533101 ], [ 77.430886864750249, 20.662257705031937 ], [ 77.452615136184448, 20.656859270005395 ], [ 77.453821567403082, 20.664683172040565 ], [ 77.461361398755955, 20.665869892984382 ], [ 77.469157996077953, 20.65691450519034 ], [ 77.484682715407786, 20.657106191748323 ], [ 77.481012052412453, 20.682045032012855 ], [ 77.493075334599297, 20.682885401031655 ], [ 77.503990351700821, 20.664853823931047 ], [ 77.510842209701295, 20.664411698557004 ], [ 77.513853143269969, 20.681691519246794 ], [ 77.543243863959376, 20.678276249182485 ], [ 77.539561294849761, 20.696534870405372 ], [ 77.523512098591809, 20.697312052992153 ], [ 77.526238232402747, 20.701184230483918 ], [ 77.563434906343176, 20.701050737081964 ], [ 77.565278463083459, 20.707489451119365 ], [ 77.573044880200101, 20.70537242355018 ], [ 77.577885943350267, 20.726915675759916 ] ] ], [ [ [ 77.633801190554777, 20.754250170991217 ], [ 77.631466863475453, 20.738071192913882 ], [ 77.625561922881616, 20.737257937014107 ], [ 77.623404935298169, 20.730046351711728 ], [ 77.6121290494969, 20.730749687262225 ], [ 77.619817156544855, 20.757033399072029 ], [ 77.633801190554777, 20.754250170991217 ] ] ] ] } },
{ "type": "Feature", "properties": { "District": "YAVATMAL" }, "geometry": { "type": "Polygon", "coordinates": [ [ [ 78.275126183473247, 20.696304194494374 ], [ 78.277236151960025, 20.689675332272444 ], [ 78.266857528327876, 20.680453962702178 ], [ 78.270244197592973, 20.668300696090437 ], [ 78.248665990177386, 20.64549487909748 ], [ 78.253272333859357, 20.635112498933132 ], [ 78.251680285727957, 20.614884915149741 ], [ 78.259474098812561, 20.601887459693607 ], [ 78.256816391010247, 20.597852260252388 ], [ 78.263295148037699, 20.578490891404574 ], [ 78.274659781363098, 20.570594216785146 ], [ 78.279985657334251, 20.560239581138571 ], [ 78.293743015965461, 20.560681330833678 ], [ 78.297953166380225, 20.55561394280647 ], [ 78.333390791298896, 20.545425681818898 ], [ 78.355565327376326, 20.529037671230341 ], [ 78.36787570250398, 20.533778359967695 ], [ 78.380159161946807, 20.528523107896813 ], [ 78.385099227485156, 20.519869736473261 ], [ 78.409925501112596, 20.511943591645963 ], [ 78.433557588345039, 20.51949393657398 ], [ 78.450438937322005, 20.512895539673778 ], [ 78.474125932840678, 20.52816432807596 ], [ 78.508547854409002, 20.523148475169975 ], [ 78.521430821122593, 20.501194730538007 ], [ 78.521435500484401, 20.492071744866902 ], [ 78.535159363280741, 20.480553572619197 ], [ 78.535695368459031, 20.466300012671187 ], [ 78.563772302227292, 20.439596499066269 ], [ 78.580206890955125, 20.433135095349193 ], [ 78.606214479366443, 20.431563923270165 ], [ 78.611988003244008, 20.444859387791031 ], [ 78.619306625398522, 20.435580997779386 ], [ 78.648322903682484, 20.434469616950558 ], [ 78.645479227415024, 20.420224375248427 ], [ 78.659081967519569, 20.411920777626136 ], [ 78.663199112377157, 20.395974089048984 ], [ 78.688597281713797, 20.370674474804229 ], [ 78.689332081654399, 20.359217708584033 ], [ 78.708246941441956, 20.349814329907709 ], [ 78.707674477702355, 20.311140795657913 ], [ 78.729047411890988, 20.306732551863714 ], [ 78.736824325253721, 20.293835322004806 ], [ 78.74939758818752, 20.297864123128981 ], [ 78.766527931355228, 20.295134164752596 ], [ 78.776201025635615, 20.300706455548454 ], [ 78.799749674664284, 20.299347639344507 ], [ 78.819441236874155, 20.278479635708383 ], [ 78.812041404692209, 20.260300011637757 ], [ 78.81795686464487, 20.250615182627328 ], [ 78.858091437896647, 20.254079020057699 ], [ 78.894831131561304, 20.249564564573294 ], [ 78.908332545859622, 20.255177746871858 ], [ 78.919975493555, 20.254291563421639 ], [ 78.922740592408104, 20.238484129761627 ], [ 78.937465026626811, 20.229388488049146 ], [ 78.93946369755362, 20.220314914662463 ], [ 78.962314910219533, 20.207862145066656 ], [ 78.954591265533267, 20.194982258950176 ], [ 78.957696372758889, 20.183765968318639 ], [ 78.953694246993805, 20.17223089539505 ], [ 78.97277135979607, 20.162681817917711 ], [ 78.981203042313439, 20.1499722352692 ], [ 78.969453478525054, 20.14419584354204 ], [ 78.970202733024095, 20.127551747346324 ], [ 78.999804214884165, 20.126603907540019 ], [ 79.020673512810475, 20.111007585678777 ], [ 79.032984863538132, 20.095042756550079 ], [ 79.047495612213424, 20.087024230215121 ], [ 79.045214469855878, 20.068594058416139 ], [ 79.058669223575592, 20.066053999595052 ], [ 79.067902712842795, 20.070239969614601 ], [ 79.082045043935011, 20.024847739432076 ], [ 79.107619639581685, 20.008680655852778 ], [ 79.111751105953687, 19.99093104824966 ], [ 79.101882476462876, 19.990139505893957 ], [ 79.092030799413749, 19.982310605614018 ], [ 79.108978300347133, 19.970604785626467 ], [ 79.102412368734505, 19.957758914735507 ], [ 79.089024883415078, 19.948243133293413 ], [ 79.091113139916445, 19.917644512969304 ], [ 79.101007719626466, 19.917563744074684 ], [ 79.111738620858887, 19.905395805788253 ], [ 79.14907462675427, 19.894878744044135 ], [ 79.133690851276327, 19.867617492780191 ], [ 79.118267042726345, 19.861247319163628 ], [ 79.111838701886739, 19.850578222332906 ], [ 79.09789023340204, 19.842188255987335 ], [ 79.08923899218928, 19.842443623734418 ], [ 79.085728213132342, 19.830296911324425 ], [ 79.071943873809829, 19.81793270944242 ], [ 79.043295258708326, 19.822053654539932 ], [ 79.023734812970929, 19.800446848217 ], [ 79.002516660308302, 19.807514859339992 ], [ 78.968420208563728, 19.807047348998903 ], [ 78.954990846514761, 19.800897756873777 ], [ 78.937643773513074, 19.778731339513254 ], [ 78.938922090357138, 19.771015977085703 ], [ 78.949450188364466, 19.762223691412878 ], [ 78.949040132124779, 19.750504882858738 ], [ 78.924477097524473, 19.748461709500464 ], [ 78.900677345876304, 19.737340125354521 ], [ 78.879847997423468, 19.748263691816341 ], [ 78.878338457927669, 19.767210197029176 ], [ 78.856282266677709, 19.771304368346133 ], [ 78.825878265766917, 19.755144105689869 ], [ 78.816919006004198, 19.761832653590243 ], [ 78.804351739247323, 19.756252866266966 ], [ 78.7823659845983, 19.778409699231272 ], [ 78.771122680889846, 19.779383344795246 ], [ 78.756371012411535, 19.772505382982544 ], [ 78.738869576873881, 19.783177590937221 ], [ 78.73002441844983, 19.780226177969553 ], [ 78.719709824721406, 19.766539945383947 ], [ 78.706094467122938, 19.772303117764455 ], [ 78.698954974373478, 19.788557407473402 ], [ 78.655049996064861, 19.800191208762261 ], [ 78.642742793786994, 19.807807023639821 ], [ 78.618986679273419, 19.809979872730679 ], [ 78.603565857171603, 19.81836502780012 ], [ 78.572287382168454, 19.815845730898939 ], [ 78.549477631413637, 19.824251309140674 ], [ 78.515265341996923, 19.819021403316537 ], [ 78.508952329767723, 19.812050057164658 ], [ 78.507222882292865, 19.797548373533239 ], [ 78.490238149452821, 19.792684456333166 ], [ 78.472459038633943, 19.817338268708067 ], [ 78.453885407708682, 19.812948561558798 ], [ 78.431678625610218, 19.814876349368571 ], [ 78.400282189421048, 19.834027651353452 ], [ 78.385982893931711, 19.846090226722954 ], [ 78.380671277856138, 19.880436197043235 ], [ 78.336879422368952, 19.8830034783232 ], [ 78.328762119295959, 19.887154803579644 ], [ 78.324649853759198, 19.897373227596038 ], [ 78.33411596649357, 19.905724649622869 ], [ 78.326356773359478, 19.91659068890311 ], [ 78.283204537366885, 19.905731171637353 ], [ 78.275687378604147, 19.875360908335658 ], [ 78.252020897800364, 19.865706085518916 ], [ 78.243919450311694, 19.871913207759199 ], [ 78.241167764803592, 19.883952104358766 ], [ 78.256319712630571, 19.903559933168058 ], [ 78.250671009670754, 19.924348959849297 ], [ 78.234615348724674, 19.911278925552896 ], [ 78.216543942771878, 19.908916809864944 ], [ 78.204288231660428, 19.89842436867383 ], [ 78.188861893984395, 19.896301490719633 ], [ 78.178918168725474, 19.904028212177511 ], [ 78.142430061331325, 19.910548318615369 ], [ 78.12713107451529, 19.894286404020235 ], [ 78.106573761437204, 19.890808344057163 ], [ 78.074955738518284, 19.895706799364032 ], [ 78.054819644349763, 19.923416520667903 ], [ 78.033106192185429, 19.919851234531681 ], [ 78.014579319773873, 19.907705047418794 ], [ 77.998905300614496, 19.911401863557142 ], [ 77.967503987613483, 19.905489428514993 ], [ 77.95238418426041, 19.908877565428529 ], [ 77.93605730704202, 19.891816397895592 ], [ 77.903558074545373, 19.881284009546235 ], [ 77.874092153100065, 19.846339560203926 ], [ 77.869910950336802, 19.820736070704427 ], [ 77.848257290855145, 19.798063015000231 ], [ 77.85182086764226, 19.785136772747034 ], [ 77.863419020256686, 19.774072009222557 ], [ 77.859227079000775, 19.746643671543982 ], [ 77.866625214997157, 19.741520481763413 ], [ 77.876498968586617, 19.744053764545633 ], [ 77.889846821565143, 19.725914521716479 ], [ 77.897656826676396, 19.733216819420978 ], [ 77.914187997859742, 19.729029229759014 ], [ 77.930226774240268, 19.738522124398017 ], [ 77.947280901536217, 19.730018669230802 ], [ 77.963185358558491, 19.706600592036605 ], [ 77.980151857291958, 19.699891129488289 ], [ 77.980995999212524, 19.680969642971242 ], [ 77.989849111789013, 19.673166317571603 ], [ 78.000457985038764, 19.672627875991544 ], [ 78.030789914093717, 19.69250060171515 ], [ 78.048671695492871, 19.690068348089991 ], [ 78.056238041389719, 19.674830232530791 ], [ 78.055863841031993, 19.662612392491845 ], [ 78.070502071852374, 19.659407852641547 ], [ 78.08016597652724, 19.640930676515424 ], [ 78.087338410247341, 19.636991297591074 ], [ 78.096201973464844, 19.638332384084553 ], [ 78.098241223450614, 19.649044915652592 ], [ 78.105338905286786, 19.655975390508978 ], [ 78.123702844788284, 19.650799639993579 ], [ 78.130310902849615, 19.664506728998749 ], [ 78.178471296854724, 19.650158601910586 ], [ 78.196494805303701, 19.615731146994669 ], [ 78.189795552126768, 19.596759487024535 ], [ 78.191655403017336, 19.587171379103395 ], [ 78.184858089864889, 19.576228940161073 ], [ 78.188167892969219, 19.558346550874063 ], [ 78.151401018260444, 19.545185142860788 ], [ 78.123095887422579, 19.550034708513493 ], [ 78.119350043453707, 19.544582958988265 ], [ 78.134375008010892, 19.529761408591749 ], [ 78.1345157091082, 19.518649697682395 ], [ 78.122960731235068, 19.510276056901596 ], [ 78.110923662451341, 19.481861173915195 ], [ 78.095471312644264, 19.483927285397165 ], [ 78.067538977500007, 19.458588890861243 ], [ 78.023725688163637, 19.489710282828355 ], [ 78.015314200604465, 19.480922858620822 ], [ 78.015018527003434, 19.455783272203004 ], [ 77.993678020213224, 19.454197201602319 ], [ 77.983009067265641, 19.463987837866693 ], [ 77.988550085458172, 19.475241503667615 ], [ 77.975323243838432, 19.492948947534344 ], [ 77.972609871097063, 19.507387595598434 ], [ 77.953765698141083, 19.511922787257017 ], [ 77.938974220747639, 19.497438317491671 ], [ 77.935174734449674, 19.504696046122412 ], [ 77.914404843719993, 19.517654830958417 ], [ 77.906432795014979, 19.534284466891648 ], [ 77.889736307780638, 19.519882171120788 ], [ 77.887319273376249, 19.505963760280991 ], [ 77.880661712684699, 19.502078090065879 ], [ 77.876862444265129, 19.515370816467858 ], [ 77.859360031145215, 19.522428583198039 ], [ 77.842465399163018, 19.51095838679597 ], [ 77.842009430851817, 19.487855780588088 ], [ 77.827525612800713, 19.482713458835477 ], [ 77.824840888200342, 19.477595771200601 ], [ 77.846388127439496, 19.453104649680942 ], [ 77.837608429641449, 19.44947720820722 ], [ 77.831218210140435, 19.43904122429996 ], [ 77.818466295251454, 19.441173641425152 ], [ 77.806800932154289, 19.464538349228665 ], [ 77.800250752363553, 19.460677382383906 ], [ 77.798702819290526, 19.450038591747358 ], [ 77.786724367703286, 19.449559038835154 ], [ 77.750841924703707, 19.430897056650071 ], [ 77.740828689682075, 19.437782309787277 ], [ 77.727150379631411, 19.43446270761735 ], [ 77.696334105002776, 19.43965905803481 ], [ 77.695387733188412, 19.457261855598723 ], [ 77.709776713027651, 19.468493089954066 ], [ 77.711923745636511, 19.477917386762158 ], [ 77.723487582027019, 19.474457027230184 ], [ 77.739533770235724, 19.48443839212112 ], [ 77.734180940153919, 19.496738977555939 ], [ 77.746956988420067, 19.50446342440258 ], [ 77.750813108624683, 19.513468391131944 ], [ 77.74513814811786, 19.525706812445975 ], [ 77.728178752021648, 19.532268961052154 ], [ 77.705762503587621, 19.522142473772846 ], [ 77.706241176493677, 19.533212446823665 ], [ 77.697774763423126, 19.538953873180429 ], [ 77.674171136452784, 19.539035856376934 ], [ 77.631174058384914, 19.553650152177752 ], [ 77.633886812887809, 19.558182921372364 ], [ 77.648706529615978, 19.558177080753936 ], [ 77.637662642656352, 19.594722804801634 ], [ 77.643835412540383, 19.607654149956282 ], [ 77.638312284900891, 19.610398925876076 ], [ 77.627479603003479, 19.606445909534592 ], [ 77.626525247709353, 19.623528543162717 ], [ 77.612970550332463, 19.628953315346148 ], [ 77.616518504100966, 19.638204829789167 ], [ 77.60591734366615, 19.640740692122606 ], [ 77.606398424468679, 19.648619304942084 ], [ 77.598054756907132, 19.642298741840449 ], [ 77.59377328740473, 19.650678833602989 ], [ 77.582844223733616, 19.65059977510748 ], [ 77.579068551647637, 19.657266791436143 ], [ 77.571852790031485, 19.650503362357313 ], [ 77.554657164817201, 19.650930430168916 ], [ 77.551941697690438, 19.661570642624426 ], [ 77.541277856897025, 19.66047827949912 ], [ 77.537085838475349, 19.669572613788603 ], [ 77.504115237764793, 19.673689283639533 ], [ 77.499742046460597, 19.678981243554389 ], [ 77.482800240466105, 19.677188725289206 ], [ 77.475485123203725, 19.683480417915543 ], [ 77.460103276480964, 19.68163591649596 ], [ 77.442394591875015, 19.692251585480548 ], [ 77.449456724439273, 19.70049580098695 ], [ 77.43870097194997, 19.725177295662718 ], [ 77.414421387383356, 19.736808905691824 ], [ 77.410303523479612, 19.745496450159372 ], [ 77.393426592009064, 19.728085654906689 ], [ 77.384399726346345, 19.725815358603271 ], [ 77.376492384988367, 19.748142887908379 ], [ 77.383183833973945, 19.766093028549104 ], [ 77.400942043768268, 19.766684900813996 ], [ 77.404566743803755, 19.774602923300765 ], [ 77.400858082719722, 19.781283678811022 ], [ 77.377646746115673, 19.786849226474541 ], [ 77.384192132872883, 19.809912536714982 ], [ 77.391013926859202, 19.813970210497416 ], [ 77.38768849894862, 19.823140091509586 ], [ 77.367025834020069, 19.826094158518952 ], [ 77.35376657180943, 19.817354677360793 ], [ 77.344030478290222, 19.825361547078607 ], [ 77.341495759935057, 19.836231957684831 ], [ 77.360835254112686, 19.836334015305138 ], [ 77.35174319627049, 19.849826483024081 ], [ 77.364033286364403, 19.858893589789112 ], [ 77.344865254614533, 19.863907898237578 ], [ 77.346031464560042, 19.876479674010579 ], [ 77.332522191654633, 19.87811419839073 ], [ 77.325453105455679, 19.887361090178473 ], [ 77.295281564196799, 19.884328127321105 ], [ 77.293539886192178, 19.895278606620494 ], [ 77.312217569426991, 19.894089285987956 ], [ 77.31292034453223, 19.914142644625322 ], [ 77.306617301655223, 19.914390385744699 ], [ 77.292805402731389, 19.903462578348787 ], [ 77.283947479181506, 19.905868348146925 ], [ 77.284397745333806, 19.937082972091041 ], [ 77.299069275025914, 19.943865383023567 ], [ 77.303805533188651, 19.965332156630399 ], [ 77.321935932194336, 19.959249511486437 ], [ 77.324641568517364, 19.973613522161862 ], [ 77.337209070899775, 19.974638666896098 ], [ 77.340834899055153, 20.008408640089854 ], [ 77.355339481030271, 20.014103559662555 ], [ 77.354112465932417, 20.020204402798186 ], [ 77.372597289856429, 20.046886053513347 ], [ 77.352434171996649, 20.064315248586794 ], [ 77.356200614012451, 20.077256401190734 ], [ 77.369161366380112, 20.089051136710431 ], [ 77.364843979517218, 20.098331416545552 ], [ 77.383451776000612, 20.086495436157527 ], [ 77.459478485571822, 20.069362951144036 ], [ 77.479267642572211, 20.084433423245816 ], [ 77.485611005082788, 20.077327913741847 ], [ 77.494411345494598, 20.078758181521103 ], [ 77.498688038369252, 20.08508957754691 ], [ 77.524823431827087, 20.098088347755152 ], [ 77.540091011780333, 20.069937503787799 ], [ 77.550198306175275, 20.065509985915053 ], [ 77.554904537379855, 20.047456246629533 ], [ 77.56835719767956, 20.042772702946696 ], [ 77.580672303319119, 20.028832014205587 ], [ 77.596186715364041, 20.037850621013888 ], [ 77.607593533433487, 20.035942778681331 ], [ 77.629987244989437, 20.045292371658821 ], [ 77.640230370252894, 20.060709836919589 ], [ 77.640475670323994, 20.073718646886125 ], [ 77.655271564617976, 20.080003630541761 ], [ 77.656720366053733, 20.097715210086651 ], [ 77.668943970793933, 20.101935631501547 ], [ 77.670351714102068, 20.119854570154924 ], [ 77.682125327923941, 20.14099041240188 ], [ 77.673774895973068, 20.147690391752679 ], [ 77.679465022113433, 20.166687995250019 ], [ 77.663005644972529, 20.173595343231504 ], [ 77.65262405633257, 20.171685267124513 ], [ 77.649544375058014, 20.185753601795046 ], [ 77.644252788834095, 20.186948025294154 ], [ 77.655777767708315, 20.200404900117139 ], [ 77.657791241827894, 20.207270721300684 ], [ 77.652690386002874, 20.214674631660895 ], [ 77.665433928466896, 20.247398836327903 ], [ 77.643593084585362, 20.2505904644079 ], [ 77.633507986460401, 20.261410487531496 ], [ 77.610332695852691, 20.264085132617357 ], [ 77.610256912861033, 20.27883169035703 ], [ 77.594326967989886, 20.280728494466576 ], [ 77.594798686731394, 20.303049193704041 ], [ 77.587915225530111, 20.306463949631571 ], [ 77.584357097399163, 20.326961118416925 ], [ 77.567471300414894, 20.329629303301481 ], [ 77.567335182033716, 20.345180310004913 ], [ 77.568747760804953, 20.359953489870747 ], [ 77.578887544461438, 20.372252597850029 ], [ 77.571869191113294, 20.385807024419368 ], [ 77.573865511147162, 20.400669890348983 ], [ 77.583942101578245, 20.417261320556854 ], [ 77.595760397463323, 20.412339460319622 ], [ 77.590191392468597, 20.429225066433229 ], [ 77.603698784653588, 20.435617364928817 ], [ 77.601546697033172, 20.446199097639461 ], [ 77.59627257318094, 20.448190405612873 ], [ 77.605520872124089, 20.455913014043727 ], [ 77.612368679263227, 20.455638548358845 ], [ 77.613578288464325, 20.461028094196433 ], [ 77.642859091663482, 20.450335638266658 ], [ 77.654031316953166, 20.480639056728172 ], [ 77.653380637124812, 20.497886888708383 ], [ 77.66216118632704, 20.500180865374059 ], [ 77.667192477808513, 20.517140343289327 ], [ 77.685752463505963, 20.519392535643998 ], [ 77.689653571970126, 20.524125032202363 ], [ 77.690711925661958, 20.534007967069364 ], [ 77.668794122076562, 20.539984094911212 ], [ 77.653638959322635, 20.531256644632712 ], [ 77.642933293299691, 20.531692764244049 ], [ 77.650404347572803, 20.563982829223669 ], [ 77.659208976538636, 20.563944577414393 ], [ 77.666173575923182, 20.57972737269812 ], [ 77.691003010170974, 20.577581603023756 ], [ 77.690820126145155, 20.570831018374449 ], [ 77.704352078512045, 20.564940504472652 ], [ 77.741235653068216, 20.561325913589013 ], [ 77.751189201677946, 20.545294177974892 ], [ 77.780098688937244, 20.538125666805431 ], [ 77.791386273800555, 20.560500265681274 ], [ 77.804793915434615, 20.564431778973852 ], [ 77.810718074533469, 20.584751163976904 ], [ 77.839602423210408, 20.564935845664838 ], [ 77.847775755135544, 20.570662696997537 ], [ 77.846202025957894, 20.588009755398886 ], [ 77.867428960954911, 20.595465874677078 ], [ 77.867644456805323, 20.611558034094035 ], [ 77.877946297165479, 20.610121661185421 ], [ 77.885957842460272, 20.624966250827818 ], [ 77.894802862952034, 20.625828963102947 ], [ 77.917539580391733, 20.607499957613285 ], [ 77.913825084560614, 20.590888160804578 ], [ 77.918474458158826, 20.587040809746536 ], [ 77.911589128390645, 20.567355296894387 ], [ 77.925023020868025, 20.566685645651933 ], [ 77.922290962155287, 20.559991125410011 ], [ 77.924701839531465, 20.559134770615294 ], [ 77.933153042122541, 20.577691829838624 ], [ 77.944963031118888, 20.581545686025144 ], [ 77.946622675811028, 20.57782431495238 ], [ 77.950682184367977, 20.579675006617862 ], [ 77.950174390155865, 20.574931209242674 ], [ 77.974496353843222, 20.589064716833473 ], [ 77.977767403296411, 20.605289971985322 ], [ 77.990011675991596, 20.613085255464181 ], [ 77.99543143606553, 20.624605264162838 ], [ 78.021112397867896, 20.626755528129721 ], [ 78.018984020283213, 20.63039996362091 ], [ 78.026435127943572, 20.633243257213991 ], [ 78.019077566758639, 20.640970848979634 ], [ 78.027430776591814, 20.658377280437328 ], [ 78.036644120478812, 20.659342280075094 ], [ 78.036582140533497, 20.66590050470025 ], [ 78.065525195552482, 20.672964001074885 ], [ 78.078709637945678, 20.664056551285434 ], [ 78.083807333935738, 20.672095734684 ], [ 78.088667754894814, 20.672050734779987 ], [ 78.099524537145371, 20.666335878430871 ], [ 78.09330664311193, 20.641504073298876 ], [ 78.110674961270462, 20.640204670925531 ], [ 78.112422174708215, 20.647814844836692 ], [ 78.129388642062807, 20.647449403582065 ], [ 78.132141000104355, 20.653836278824961 ], [ 78.124462604307709, 20.659444387592835 ], [ 78.127183189229072, 20.663092512573357 ], [ 78.156898161923721, 20.656768404165181 ], [ 78.157746134444324, 20.667218708017913 ], [ 78.179270868207851, 20.66780297029198 ], [ 78.182208136845233, 20.677999336038393 ], [ 78.205901085564506, 20.674460926436574 ], [ 78.211673337734297, 20.692322308989016 ], [ 78.228239162847402, 20.692892584476308 ], [ 78.240686612439305, 20.684327921609309 ], [ 78.255217006628286, 20.683598558973269 ], [ 78.258895662027257, 20.697990896387182 ], [ 78.275126183473247, 20.696304194494374 ] ] ] } }
]
}
