{
"type": "FeatureCollection",
"name": "maharashtra_state",
"crs": { "type": "name", "properties": { "name": "urn:ogc:def:crs:OGC:1.3:CRS84" } },
"features": [
{ "type": "Feature", "properties": { "STATE": "MAHARASHTRA", "State_LGD": 27, "Shape_Leng": 5531548.4340899996, "Shape_Area": 30963350.706, "Area_km2": 309633.50705999997 }, "geometry": { "type": "MultiPolygon", "coordinates": [ [ [ [ 73.285482361366945, 16.989505731760456 ], [ 73.285542765173915, 16.989324603226155 ], [ 73.285426212261612, 16.989353235256804 ], [ 73.285482361366945, 16.989505731760456 ] ] ], [ [ [ 73.119221532406328, 17.765985364532092 ], [ 73.11968777537102, 17.766160901531581 ], [ 73.119475190279957, 17.765520368953872 ], [ 73.119221532406328, 17.765985364532092 ] ] ], [ [ [ 73.101272119183761, 17.804713141444896 ], [ 73.101362247187481, 17.804056474195715 ], [ 73.101116752931958, 17.804638744247281 ], [ 73.101272119183761, 17.804713141444896 ] ] ], [ [ [ 74.443685809184998, 22.022407696476741 ], [ 74.438736403597119, 22.020842402763897 ], [ 74.443867783127004, 22.0166319635041 ], [ 74.443627788045461, 22.011172658116337 ], [ 74.452190433699229, 22.004228490875565 ], [ 74.447409329868663, 22.000631809678698 ], [ 74.442340747809979, 22.0031807432044 ], [ 74.432330607571927, 21.999403508965269 ], [ 74.438149648974203, 21.997337627299693 ], [ 74.438815142744943, 21.990893690272188 ], [ 74.441463138537912, 21.990039321409956 ], [ 74.438832679541008, 21.987173078037682 ], [ 74.439389631683042, 21.976723951875815 ], [ 74.44469041497625, 21.975479881379112 ], [ 74.444508758217196, 21.970386366461838 ], [ 74.453377669579936, 21.961938430703452 ], [ 74.461093679561259, 21.961446896651079 ], [ 74.463846161030702, 21.966069281691421 ], [ 74.469719039475848, 21.967095679415767 ], [ 74.469099090143615, 21.959636200461954 ], [ 74.481587846916753, 21.959172700589832 ], [ 74.482034748608214, 21.95475170739898 ], [ 74.488730364851307, 21.956169394661419 ], [ 74.49047377585886, 21.951232835817663 ], [ 74.484670864714047, 21.945813454526707 ], [ 74.489078400835425, 21.943412872849933 ], [ 74.495218470925678, 21.946808715283098 ], [ 74.499999893516446, 21.939303912687521 ], [ 74.508389132927249, 21.937339499878473 ], [ 74.512560537644816, 21.931892162027889 ], [ 74.509225532600325, 21.920637202557838 ], [ 74.512655695384908, 21.915600142047435 ], [ 74.524210400116132, 21.910581999400044 ], [ 74.522795935881717, 21.899088980213886 ], [ 74.513638464362458, 21.889966024737809 ], [ 74.510005088902886, 21.829273981927251 ], [ 74.500212000337825, 21.80651738192871 ], [ 74.498210649097345, 21.790088694717067 ], [ 74.513952199197945, 21.765687821984198 ], [ 74.508968618625488, 21.750000855159577 ], [ 74.512044741940528, 21.745213333426122 ], [ 74.511066631217346, 21.73530516909193 ], [ 74.505588193451857, 21.726306144280368 ], [ 74.513858272548987, 21.718608177718956 ], [ 74.533233453172826, 21.716886141081751 ], [ 74.547367310497208, 21.719602685494213 ], [ 74.557513307324612, 21.704271937854784 ], [ 74.554900708887715, 21.690859075730906 ], [ 74.557559815501946, 21.687401378255615 ], [ 74.554159087794957, 21.685729254508498 ], [ 74.554204710034355, 21.681362357523255 ], [ 74.579868503659341, 21.683326800988034 ], [ 74.583857254376284, 21.673298347368991 ], [ 74.582081619522583, 21.664989049462434 ], [ 74.617511285363875, 21.660469783164515 ], [ 74.62240484959932, 21.656794062516283 ], [ 74.664129991079008, 21.652526731545617 ], [ 74.664881877483708, 21.647297169928482 ], [ 74.677469020061267, 21.645428740124899 ], [ 74.675454486815099, 21.64472488789702 ], [ 74.683963283109676, 21.6395020658505 ], [ 74.687461432995534, 21.631589077854173 ], [ 74.693180482874851, 21.632806249478246 ], [ 74.700746024523411, 21.627578364359152 ], [ 74.734122752559998, 21.620722935916326 ], [ 74.775355357557828, 21.615486113289947 ], [ 74.782873916649706, 21.610690321524203 ], [ 74.789882090723268, 21.612756487574487 ], [ 74.798082805620808, 21.609919550301306 ], [ 74.802174726454226, 21.615398743293724 ], [ 74.808106017503547, 21.612230900144787 ], [ 74.812320767011769, 21.613844382784528 ], [ 74.812853318924169, 21.610778337456072 ], [ 74.819587265212405, 21.608697887069273 ], [ 74.828858263702614, 21.609793323640009 ], [ 74.831325287622249, 21.618293224651431 ], [ 74.856680338896567, 21.62659718667409 ], [ 74.862763801595747, 21.634455048622218 ], [ 74.865377313302176, 21.628557633566491 ], [ 74.87180524697439, 21.631822797307336 ], [ 74.8780309316125, 21.628517254346608 ], [ 74.887334584219929, 21.631592633662283 ], [ 74.90168331425987, 21.629238013471316 ], [ 74.91033488498887, 21.614574263528734 ], [ 74.979228504102011, 21.595237570537904 ], [ 75.015340559470346, 21.575229474248193 ], [ 75.015021225344981, 21.56967738389919 ], [ 75.053315444648234, 21.564824491644394 ], [ 75.086648923197828, 21.515849943517566 ], [ 75.089208290713984, 21.516761861720223 ], [ 75.088458582878147, 21.5008800984346 ], [ 75.097449995656177, 21.488189710039212 ], [ 75.107164780607633, 21.462694943239843 ], [ 75.125830095746082, 21.449261230300269 ], [ 75.170120686391385, 21.431571096216981 ], [ 75.179993072830882, 21.430552092681605 ], [ 75.206924871983745, 21.412716940945622 ], [ 75.218915441235609, 21.408339531292889 ], [ 75.23465065736417, 21.414579694096741 ], [ 75.254840481297023, 21.401889167296591 ], [ 75.264215476238306, 21.407404887360649 ], [ 75.280172691088168, 21.40723414268248 ], [ 75.295325724449768, 21.413573193851629 ], [ 75.301100355341504, 21.409936042243793 ], [ 75.298577919392329, 21.401223917592358 ], [ 75.300125872872727, 21.391696044967702 ], [ 75.296240284124195, 21.390231128506588 ], [ 75.298740237375355, 21.385567270785938 ], [ 75.307854651293468, 21.392787666891266 ], [ 75.315407641912969, 21.387926917771001 ], [ 75.331935291059082, 21.391355117876454 ], [ 75.351603444838005, 21.390826061821059 ], [ 75.357161921526483, 21.400865320129153 ], [ 75.375408614022192, 21.390493480264972 ], [ 75.382438380915119, 21.379542432122417 ], [ 75.397924843062924, 21.379875233884782 ], [ 75.40778613287506, 21.387378856817293 ], [ 75.420399848940363, 21.387823054486997 ], [ 75.426129107470757, 21.391005107890933 ], [ 75.440152742030179, 21.38446122733642 ], [ 75.449331290933131, 21.390409140753214 ], [ 75.457545825921372, 21.387451907717242 ], [ 75.467943463128933, 21.39044507593286 ], [ 75.475747271437925, 21.386575114682568 ], [ 75.497546552697443, 21.387513224398631 ], [ 75.512010650814943, 21.382093441445395 ], [ 75.520054371830312, 21.387016428393263 ], [ 75.535023960613827, 21.37357232765569 ], [ 75.541376714529704, 21.373411914645605 ], [ 75.543724326052157, 21.368527981788631 ], [ 75.55592611487927, 21.379032870274784 ], [ 75.558274462713811, 21.378519027555793 ], [ 75.557167968487178, 21.373221639536343 ], [ 75.562147082687929, 21.376289742010144 ], [ 75.565773540770692, 21.374141608774959 ], [ 75.578953885415672, 21.376484857500564 ], [ 75.57124038496238, 21.381463596545018 ], [ 75.587337346745159, 21.389230968297309 ], [ 75.599206690100772, 21.385651745930065 ], [ 75.60693955542763, 21.391844086334654 ], [ 75.607294564037446, 21.38894604552431 ], [ 75.610511246986206, 21.390704116608923 ], [ 75.616318152842098, 21.388092227202911 ], [ 75.616665933814502, 21.381765469290901 ], [ 75.623025467285856, 21.375023480368458 ], [ 75.636408442392252, 21.377421796147381 ], [ 75.641273591872363, 21.37487587165101 ], [ 75.646606749261608, 21.378738665229495 ], [ 75.657724846703417, 21.378772883139639 ], [ 75.670090308607087, 21.374579339957744 ], [ 75.684802027067349, 21.380246824589673 ], [ 75.687614719800948, 21.384084038750821 ], [ 75.703238672204776, 21.388074063344021 ], [ 75.715755701349437, 21.387977483050033 ], [ 75.718766756292013, 21.384358583503321 ], [ 75.728470849195759, 21.388683647823061 ], [ 75.751129794954721, 21.384661313430058 ], [ 75.755136006811242, 21.379380638490861 ], [ 75.777021640079596, 21.384515923474702 ], [ 75.802734886257554, 21.384569407094091 ], [ 75.813040918543336, 21.379059554243391 ], [ 75.833363732004841, 21.376636529318322 ], [ 75.84139432782564, 21.384540963915807 ], [ 75.843318566169927, 21.381953663944348 ], [ 75.853159029208769, 21.383377801294085 ], [ 75.862460126277426, 21.379924244130724 ], [ 75.869778673182765, 21.38640492635724 ], [ 75.870352406376938, 21.391227890027579 ], [ 75.890030319839539, 21.394708846676888 ], [ 75.894186486912616, 21.39129440341981 ], [ 75.903236997381356, 21.391704131647053 ], [ 75.910658147540119, 21.382574498025839 ], [ 75.963059716805574, 21.389709877334255 ], [ 75.986615601507921, 21.368772829306888 ], [ 76.030499141488278, 21.365331329269189 ], [ 76.04897616876211, 21.349720439968287 ], [ 76.096599312337361, 21.371769485530123 ], [ 76.121466122982923, 21.323369313694066 ], [ 76.129740380674392, 21.286704633049695 ], [ 76.14292794346737, 21.286234215539814 ], [ 76.14663066025112, 21.267871985136427 ], [ 76.151159267255011, 21.267993419240828 ], [ 76.154293734974928, 21.257701210832622 ], [ 76.157184478404247, 21.259610782520344 ], [ 76.159361124779693, 21.255974996338015 ], [ 76.157327238027236, 21.25138722888358 ], [ 76.153868533729195, 21.251934366443265 ], [ 76.151426090574333, 21.243525385630594 ], [ 76.141560710012499, 21.240988746307224 ], [ 76.142036153492313, 21.228163477354965 ], [ 76.165659075289128, 21.221615891730643 ], [ 76.158635172730669, 21.213588088789091 ], [ 76.163263172049469, 21.213130944204867 ], [ 76.163343352961022, 21.206506090092752 ], [ 76.171924700622768, 21.205302692616296 ], [ 76.171614450494559, 21.198957896869761 ], [ 76.166288706503451, 21.199722441007236 ], [ 76.165207536820347, 21.190469547821792 ], [ 76.173060586524628, 21.188570827887592 ], [ 76.176395988095877, 21.18399521237691 ], [ 76.171464003679418, 21.179539362046629 ], [ 76.171686186120084, 21.166560396238044 ], [ 76.166288440902832, 21.169505500464936 ], [ 76.133864045953189, 21.169411603400484 ], [ 76.133334753220396, 21.17595533358822 ], [ 76.129260693471096, 21.175821784300517 ], [ 76.11158252765253, 21.166769483178197 ], [ 76.113480342078745, 21.155393954717201 ], [ 76.128375032052929, 21.152648546275593 ], [ 76.142468423331223, 21.135152847933817 ], [ 76.141009412545799, 21.129706766629788 ], [ 76.137149360326688, 21.131888281445114 ], [ 76.135406751158996, 21.129214921423166 ], [ 76.131629058266185, 21.132801113360173 ], [ 76.137928088096587, 21.119853127734139 ], [ 76.153818174028274, 21.108050859337059 ], [ 76.158616574531948, 21.109400268622043 ], [ 76.163481011878389, 21.104883303547176 ], [ 76.170887099397433, 21.103933060717917 ], [ 76.170436513405562, 21.093880634536639 ], [ 76.173851682975823, 21.089675222714057 ], [ 76.168427469658269, 21.085671059421003 ], [ 76.167400764513502, 21.079484396026245 ], [ 76.180642741308887, 21.080311470972475 ], [ 76.192477530017939, 21.086697408885968 ], [ 76.224658280944496, 21.084979004182163 ], [ 76.230579133785326, 21.0883263554176 ], [ 76.260384995652885, 21.090583010413432 ], [ 76.272632669215511, 21.088739262639411 ], [ 76.28013163012352, 21.07068852538977 ], [ 76.299847010967596, 21.073841482379102 ], [ 76.338584754289485, 21.071519658463899 ], [ 76.351415992971766, 21.076986271637615 ], [ 76.37476648869054, 21.072553106702049 ], [ 76.384235564055558, 21.076292036229255 ], [ 76.382431280972085, 21.079620359112489 ], [ 76.390332812848442, 21.085766389665867 ], [ 76.413194416692619, 21.088422422272696 ], [ 76.410695742330503, 21.10243629821241 ], [ 76.437827201555052, 21.100468277660021 ], [ 76.441049267807117, 21.106202613275151 ], [ 76.455559990073624, 21.108070317274692 ], [ 76.451764796263703, 21.12124984184819 ], [ 76.456416187190271, 21.125014042642533 ], [ 76.458143911421118, 21.133277324135577 ], [ 76.469445941982769, 21.133664267976929 ], [ 76.474391399225041, 21.136976331105636 ], [ 76.468231021399973, 21.138352516540987 ], [ 76.466553734411818, 21.142657235491885 ], [ 76.478726064138584, 21.147391905581117 ], [ 76.480657017902331, 21.182163701608719 ], [ 76.493373105915978, 21.193944357199598 ], [ 76.497903357470051, 21.191280214120933 ], [ 76.502596064804465, 21.193211745213063 ], [ 76.502537590093439, 21.18745644206469 ], [ 76.507202291642457, 21.188722898872459 ], [ 76.508331070618183, 21.193026502445903 ], [ 76.530256745465394, 21.181932408908636 ], [ 76.560694336158562, 21.198624046247318 ], [ 76.567262408905094, 21.199394353331442 ], [ 76.599552137643869, 21.190749671936338 ], [ 76.613877296240346, 21.193216789524229 ], [ 76.62348868373104, 21.185038857634453 ], [ 76.637218052093232, 21.20271392638433 ], [ 76.634811227234522, 21.219102400010218 ], [ 76.641830326292123, 21.237133801775226 ], [ 76.649678167718307, 21.244683550805469 ], [ 76.661642567645472, 21.240707267519991 ], [ 76.66289907184705, 21.275964911628634 ], [ 76.662692434383459, 21.280678771538742 ], [ 76.653488162707063, 21.293524545344688 ], [ 76.621747301994617, 21.332291360396855 ], [ 76.682823110949826, 21.37840630407889 ], [ 76.739508770947253, 21.410557201578815 ], [ 76.737926706967642, 21.422203666365338 ], [ 76.741019213685107, 21.428180252585431 ], [ 76.738386493852673, 21.429686977111334 ], [ 76.744428064781388, 21.439865272400155 ], [ 76.761810656473727, 21.452304186425167 ], [ 76.784019947831283, 21.462373530841216 ], [ 76.787847657896407, 21.477491619199355 ], [ 76.793769814700767, 21.479645760525603 ], [ 76.795609161825325, 21.489582823184207 ], [ 76.787672103822757, 21.497587189523806 ], [ 76.787759939643436, 21.501141285442692 ], [ 76.78072895885947, 21.505591734012341 ], [ 76.772897442965132, 21.505715179685858 ], [ 76.763443681714605, 21.520767421896402 ], [ 76.768810101878657, 21.526572790810903 ], [ 76.781368073707128, 21.529304713026033 ], [ 76.789326473189178, 21.536378532569803 ], [ 76.781743792670156, 21.55157524832892 ], [ 76.781412485186934, 21.564720931673648 ], [ 76.795262131017708, 21.593910790371464 ], [ 76.832905863961514, 21.588954268902722 ], [ 76.839404984711891, 21.59331383390629 ], [ 76.844711141305922, 21.607499054898017 ], [ 76.854486581090569, 21.613315026139535 ], [ 76.885693912303026, 21.600084191672476 ], [ 76.901617013654956, 21.59684393734943 ], [ 76.908632595219558, 21.602746772107849 ], [ 76.912887608335382, 21.611763158179066 ], [ 76.95323290838175, 21.642134290784131 ], [ 76.972372329487683, 21.651345733485797 ], [ 76.976407789531279, 21.657378146689688 ], [ 77.006564294209582, 21.679139854375677 ], [ 77.062464991769119, 21.707176186982021 ], [ 77.073218676991232, 21.719454034819975 ], [ 77.07921797327019, 21.719938630675919 ], [ 77.086538446495979, 21.714422938952726 ], [ 77.129573489360766, 21.722242861700558 ], [ 77.139187574980824, 21.719808356702096 ], [ 77.147715201278501, 21.712523029116717 ], [ 77.165122765178751, 21.71073782389805 ], [ 77.169637194516653, 21.714285674764611 ], [ 77.169601716545614, 21.722246299914911 ], [ 77.176033745272832, 21.725754714424063 ], [ 77.191452568273704, 21.720751621331559 ], [ 77.188131788300481, 21.701710845855093 ], [ 77.210424377891641, 21.689645142642259 ], [ 77.212876636840321, 21.695006214440021 ], [ 77.218831972303221, 21.69394559144262 ], [ 77.227749174938779, 21.699528286746023 ], [ 77.22691086363676, 21.716792617957982 ], [ 77.261882432904429, 21.712292868778754 ], [ 77.271876368908167, 21.728142985457676 ], [ 77.287216982814343, 21.72192179972517 ], [ 77.291136493534481, 21.732848628786307 ], [ 77.284217961044803, 21.736903557752086 ], [ 77.287294564070194, 21.744718587058866 ], [ 77.280259393960094, 21.749083028429929 ], [ 77.279730734548025, 21.754215908572672 ], [ 77.280467205249664, 21.758579609190996 ], [ 77.289887928202873, 21.760344913193176 ], [ 77.299356800057836, 21.755960159848154 ], [ 77.315794663854049, 21.756571354640666 ], [ 77.324425519822569, 21.752742886055284 ], [ 77.345684115279141, 21.757778455932449 ], [ 77.359030207027899, 21.754148646680065 ], [ 77.404174111529784, 21.752423398367124 ], [ 77.456293037733261, 21.760213622274261 ], [ 77.47909410216532, 21.769986863283052 ], [ 77.483366351068952, 21.765948054920177 ], [ 77.477953916686715, 21.76283024079768 ], [ 77.479467238626853, 21.754146721970493 ], [ 77.490506526375697, 21.746984232746897 ], [ 77.502586186543112, 21.745928127680788 ], [ 77.504538975577859, 21.739441446685866 ], [ 77.511956505242111, 21.732201265021306 ], [ 77.519706435525308, 21.725236533302617 ], [ 77.525551470256545, 21.724314773863419 ], [ 77.524021278166629, 21.712617802214528 ], [ 77.54210328996227, 21.706138762026406 ], [ 77.550970774799737, 21.68078138858419 ], [ 77.561097582069479, 21.667301206785247 ], [ 77.564166062247139, 21.641884684206676 ], [ 77.575517007707788, 21.620639181050677 ], [ 77.572678432877368, 21.615975880000779 ], [ 77.57696417124518, 21.577285236439234 ], [ 77.574124754218801, 21.564686244599926 ], [ 77.577114792583899, 21.555170632200845 ], [ 77.582137275068064, 21.553777615962666 ], [ 77.595292276201832, 21.559431451644034 ], [ 77.608737914387518, 21.548186631124143 ], [ 77.61148163642153, 21.538820626089802 ], [ 77.596768352775442, 21.527112967080793 ], [ 77.575227626625548, 21.526458460686612 ], [ 77.547143634436139, 21.536717739276209 ], [ 77.521298013291684, 21.540970501264169 ], [ 77.505188811821654, 21.551672528650347 ], [ 77.473965349192426, 21.549524733970291 ], [ 77.454886193478174, 21.553842581057221 ], [ 77.456321629697314, 21.546232422418985 ], [ 77.450091008762058, 21.541676696910002 ], [ 77.440048566456042, 21.544781667219745 ], [ 77.4255574170149, 21.537740366469208 ], [ 77.422522259365152, 21.532562332024167 ], [ 77.422305775448066, 21.517479916922095 ], [ 77.443321613403782, 21.48725244615661 ], [ 77.442193376252106, 21.48061667732637 ], [ 77.438740627510313, 21.478649379404882 ], [ 77.442187259721891, 21.469910790654872 ], [ 77.459818470266015, 21.466618211131852 ], [ 77.473598057089433, 21.454446539369073 ], [ 77.471653327084852, 21.436125441929619 ], [ 77.47660224291235, 21.431789069799265 ], [ 77.487509400259498, 21.406217872862886 ], [ 77.488057520343446, 21.374358709598631 ], [ 77.514523768363972, 21.375939625856642 ], [ 77.516705170753937, 21.384019465776117 ], [ 77.523288878504786, 21.38893535962147 ], [ 77.524730931647198, 21.402931770181802 ], [ 77.531719211218231, 21.419146051065077 ], [ 77.542693860658389, 21.411145157895884 ], [ 77.548294814444958, 21.411308955782577 ], [ 77.547655467042532, 21.405321061792922 ], [ 77.561461274651933, 21.396456588000913 ], [ 77.562519833358579, 21.39040779675598 ], [ 77.559672521170938, 21.390552059125184 ], [ 77.556775828994489, 21.383637573288112 ], [ 77.563496470155812, 21.369309551128179 ], [ 77.573426113957836, 21.370925576057154 ], [ 77.585276463502311, 21.36678528295489 ], [ 77.587111107470577, 21.362839557353212 ], [ 77.59182370296071, 21.365040639895497 ], [ 77.605125902322456, 21.362443464084929 ], [ 77.607848206022283, 21.364937327556895 ], [ 77.604965581718702, 21.390734555862682 ], [ 77.613896504890661, 21.392048262584925 ], [ 77.61725659471351, 21.38712480582257 ], [ 77.643259675693088, 21.386915525709959 ], [ 77.649359681239616, 21.392065458703748 ], [ 77.653127091524453, 21.391456506060148 ], [ 77.65592467448181, 21.386138546983368 ], [ 77.666483557218825, 21.384048235661751 ], [ 77.66438061345761, 21.374507901214876 ], [ 77.669908475440167, 21.368923474459109 ], [ 77.67866059117091, 21.376905041042743 ], [ 77.691991489272837, 21.39756499682753 ], [ 77.697076104948962, 21.392714552045028 ], [ 77.695174615952524, 21.378756847449758 ], [ 77.697407054381998, 21.374300916886963 ], [ 77.704698473646559, 21.37699817651222 ], [ 77.707392860012092, 21.375047486649311 ], [ 77.709988546217559, 21.357447151102249 ], [ 77.737107645367018, 21.362202347740133 ], [ 77.750041171767606, 21.382827459647345 ], [ 77.76122303528264, 21.385173532706546 ], [ 77.763882556048614, 21.38140009525814 ], [ 77.79676753444646, 21.389010645990584 ], [ 77.801154854070219, 21.409595063619651 ], [ 77.822619261519421, 21.407331502321 ], [ 77.856796244790232, 21.388516756510473 ], [ 77.883846054182683, 21.384171373242271 ], [ 77.883274018095506, 21.376038326920028 ], [ 77.907004506777426, 21.377844922418962 ], [ 77.927586432886841, 21.385993324492713 ], [ 77.941188809357627, 21.385771621208598 ], [ 77.942593770914698, 21.396608645370225 ], [ 77.965118747945127, 21.402205076249157 ], [ 77.984730785650783, 21.40319210385562 ], [ 78.001274042592641, 21.414691203086623 ], [ 78.030088898856008, 21.422139044768112 ], [ 78.046021534851221, 21.433980010464023 ], [ 78.066055456489536, 21.437966749131366 ], [ 78.083181516180844, 21.446023552949704 ], [ 78.098727646668181, 21.458649073680462 ], [ 78.125867548817851, 21.469839103042538 ], [ 78.176214174493055, 21.499754949796394 ], [ 78.174474217451333, 21.507979814491279 ], [ 78.182630428359275, 21.511747600337547 ], [ 78.171250652215022, 21.525584616019437 ], [ 78.175502251904831, 21.528101290194574 ], [ 78.174206258729043, 21.54725636842733 ], [ 78.181886711683134, 21.557343078603704 ], [ 78.223278971469171, 21.553157254261826 ], [ 78.239576834975466, 21.563069052549679 ], [ 78.248049154387004, 21.562323149940212 ], [ 78.273855859689249, 21.569254835376189 ], [ 78.260296313028476, 21.579658556262903 ], [ 78.261372238946464, 21.586735456804504 ], [ 78.266475377760599, 21.591732576533357 ], [ 78.275224779126319, 21.591816356925445 ], [ 78.281146237971782, 21.585239535669533 ], [ 78.302971568337185, 21.583741891256018 ], [ 78.303951675758697, 21.570452500271308 ], [ 78.307050456664143, 21.569573430115607 ], [ 78.326605485373577, 21.575004007580084 ], [ 78.342749804034284, 21.589055500198931 ], [ 78.34542032817896, 21.581757272458088 ], [ 78.355419664558156, 21.573321671613481 ], [ 78.363061667161162, 21.57520380970357 ], [ 78.377801251822376, 21.583729662225778 ], [ 78.381615445972898, 21.592037515467009 ], [ 78.372637325898452, 21.613445065950675 ], [ 78.386898684670527, 21.614793866463444 ], [ 78.392133395688688, 21.614007661670843 ], [ 78.395092725494919, 21.607608510234314 ], [ 78.40691903637186, 21.608785305032374 ], [ 78.416569928525263, 21.601106418612847 ], [ 78.427187503962756, 21.599206778509853 ], [ 78.419059904548476, 21.579850238443228 ], [ 78.418714360059994, 21.570787238876196 ], [ 78.425361825705238, 21.569927293975397 ], [ 78.427887670039794, 21.559427442895572 ], [ 78.424238045749718, 21.544436262245561 ], [ 78.434640427150711, 21.534087186694673 ], [ 78.429792232193932, 21.527671965839698 ], [ 78.438460690584463, 21.517847055661488 ], [ 78.432050554188777, 21.514440042359706 ], [ 78.436500685675369, 21.499504184620889 ], [ 78.444496749136633, 21.501715252166676 ], [ 78.449654561938701, 21.495518226158413 ], [ 78.457093298826933, 21.496067764729951 ], [ 78.460682834707526, 21.503478343519284 ], [ 78.475224968271291, 21.500968044449547 ], [ 78.475703832154167, 21.505708468814603 ], [ 78.486852030628853, 21.505532711332112 ], [ 78.495033687147512, 21.517249428304023 ], [ 78.5006073548454, 21.517085838584986 ], [ 78.504720709733547, 21.526793190956127 ], [ 78.511644942263771, 21.528690113300151 ], [ 78.530760589350663, 21.523260495478279 ], [ 78.540668403609345, 21.523717286646296 ], [ 78.560016198711367, 21.513276398685225 ], [ 78.570145156381741, 21.514255442928423 ], [ 78.567851362034659, 21.505792107497676 ], [ 78.585335167550767, 21.486721664368993 ], [ 78.594751426955085, 21.488477013228056 ], [ 78.600979240849981, 21.485401002821657 ], [ 78.608773220260559, 21.489060200786696 ], [ 78.619970075421264, 21.478256106616488 ], [ 78.628684017394107, 21.475680200931993 ], [ 78.643427775386627, 21.48551729697947 ], [ 78.667122141966516, 21.477085649977212 ], [ 78.670936305489946, 21.480093534379602 ], [ 78.688910154753358, 21.481970817720715 ], [ 78.688494446696808, 21.477944764803304 ], [ 78.701668107492054, 21.476315741471037 ], [ 78.699841002487943, 21.473805607315537 ], [ 78.707375058783285, 21.473910306086331 ], [ 78.707558119225695, 21.470634723661806 ], [ 78.728465870249565, 21.462292996193099 ], [ 78.733426545952724, 21.469692990503376 ], [ 78.745588287994693, 21.47018687753118 ], [ 78.744950099578645, 21.481006483626569 ], [ 78.750848517987265, 21.492983918229974 ], [ 78.766873348957319, 21.489035109170217 ], [ 78.766598065790362, 21.482803116302584 ], [ 78.776129717842281, 21.464583302927608 ], [ 78.780148632271192, 21.478873553304474 ], [ 78.786632732240719, 21.479337752108762 ], [ 78.789981760662258, 21.48639311283257 ], [ 78.795994058712125, 21.485538100111466 ], [ 78.800256920686891, 21.49015518174879 ], [ 78.815156341148054, 21.490639892547389 ], [ 78.81557254557201, 21.487695682143965 ], [ 78.81978966317476, 21.48725916698044 ], [ 78.829752293745116, 21.49017033619316 ], [ 78.841048431670217, 21.487002840771776 ], [ 78.851908885015902, 21.489718693714895 ], [ 78.85586477469117, 21.494618879469574 ], [ 78.868033913269841, 21.494077880439455 ], [ 78.867633489529666, 21.491309701559199 ], [ 78.871517734935267, 21.489688687399646 ], [ 78.890836587324941, 21.485262478155136 ], [ 78.895180779206001, 21.498276494687083 ], [ 78.899258571486129, 21.500461606235117 ], [ 78.923062595532869, 21.487446452449486 ], [ 78.936692363869895, 21.485766655013659 ], [ 78.940253295650606, 21.507865931295335 ], [ 78.944392721992969, 21.515875187434826 ], [ 78.935430366662274, 21.522834743388543 ], [ 78.927427179038659, 21.52224866378031 ], [ 78.925931029428796, 21.532686933304745 ], [ 78.929871216659052, 21.540360631134106 ], [ 78.906797543361435, 21.553259066449101 ], [ 78.918167703970383, 21.561141054390561 ], [ 78.927918541077503, 21.559575773557079 ], [ 78.931863276155752, 21.561760103335359 ], [ 78.93194162018348, 21.564519237854174 ], [ 78.913750721068538, 21.570985368997796 ], [ 78.916518756238659, 21.584930462877161 ], [ 78.914352106193661, 21.588986163651366 ], [ 78.927673777165907, 21.590201676355548 ], [ 78.929968164792726, 21.592838113955928 ], [ 78.943931772125239, 21.592146634478887 ], [ 78.947424310768184, 21.59671659799421 ], [ 78.965120527312891, 21.604888865847727 ], [ 78.974259240403228, 21.612797838097649 ], [ 78.975521877637192, 21.617637858220046 ], [ 78.987145025071939, 21.615964955272474 ], [ 78.998012293981702, 21.618573534066446 ], [ 79.002911526777098, 21.606422685654042 ], [ 79.012368971046243, 21.599446180156868 ], [ 79.041881231151734, 21.604733840941098 ], [ 79.058250405353476, 21.60151239877025 ], [ 79.076465313506574, 21.605395854783449 ], [ 79.088509880252047, 21.603953234811343 ], [ 79.08965291763505, 21.597570205374485 ], [ 79.093958158036571, 21.598112150768536 ], [ 79.093360486887377, 21.60160512466301 ], [ 79.102998163249282, 21.601488708012518 ], [ 79.107206377919439, 21.605026730145838 ], [ 79.102070790115434, 21.609229568820052 ], [ 79.100527309542429, 21.617603424620349 ], [ 79.112105560127759, 21.623913311246827 ], [ 79.130344412659937, 21.625806991551066 ], [ 79.134524670292592, 21.633208552013063 ], [ 79.143300396017722, 21.636964054329034 ], [ 79.148236897289337, 21.650874914195022 ], [ 79.148312866678737, 21.661174909421916 ], [ 79.224020436825867, 21.648803789428481 ], [ 79.224111516586177, 21.655429475839082 ], [ 79.231305713143925, 21.656980890042519 ], [ 79.231180536823388, 21.670351021115607 ], [ 79.221818560438123, 21.677037504033606 ], [ 79.220859342780827, 21.692869227650441 ], [ 79.226787614743316, 21.70368293576616 ], [ 79.237368429549292, 21.713405955245218 ], [ 79.230856116553184, 21.71875034448615 ], [ 79.23118579770906, 21.722284006035331 ], [ 79.268068965943414, 21.715413810096777 ], [ 79.277908841575609, 21.709370449732017 ], [ 79.280505967750003, 21.701724355888963 ], [ 79.290588334858683, 21.692544150835662 ], [ 79.318256306684631, 21.688512651288807 ], [ 79.322236017403, 21.685233583134359 ], [ 79.324550676989318, 21.687966155878396 ], [ 79.342894924133034, 21.683960998995236 ], [ 79.354270357060514, 21.684834405896076 ], [ 79.352368066701416, 21.678057370203522 ], [ 79.374653150479887, 21.678411143768251 ], [ 79.392487105029829, 21.674119688790881 ], [ 79.400439676266174, 21.676773832281476 ], [ 79.402706477804543, 21.682214899702373 ], [ 79.410123334351425, 21.684746750905269 ], [ 79.415661779848861, 21.691163240054404 ], [ 79.42219784010301, 21.691822329098237 ], [ 79.435248784872783, 21.682827924340369 ], [ 79.4494952492024, 21.682061795005932 ], [ 79.460734604823585, 21.687553286413074 ], [ 79.480717177519395, 21.677842881981789 ], [ 79.496206100258291, 21.674224969900436 ], [ 79.496212076841658, 21.665411596256245 ], [ 79.506763790898532, 21.645667981972231 ], [ 79.504265551458573, 21.641100882069495 ], [ 79.507767930789086, 21.634347812412532 ], [ 79.516101706498873, 21.631377498853283 ], [ 79.517231027646304, 21.625747163652683 ], [ 79.516616686836286, 21.620847192332743 ], [ 79.507131462726946, 21.62132404045358 ], [ 79.503713048830107, 21.614593195954292 ], [ 79.510998120604143, 21.604880353735748 ], [ 79.512028424941917, 21.58397336937465 ], [ 79.52864006922799, 21.579350492914077 ], [ 79.542507653744039, 21.568226777288256 ], [ 79.543927034151366, 21.559521085235566 ], [ 79.537517898392267, 21.548752403105837 ], [ 79.540610712794617, 21.542680125238331 ], [ 79.565813912806334, 21.547635789736756 ], [ 79.58137792560791, 21.541295884270376 ], [ 79.618504335841337, 21.557260197216973 ], [ 79.639594091310258, 21.552969573969644 ], [ 79.652053377978262, 21.555984729014199 ], [ 79.658374208478733, 21.563746132006759 ], [ 79.660935957049006, 21.576895447013953 ], [ 79.675431085067117, 21.582297082269921 ], [ 79.689547684951634, 21.580955415894103 ], [ 79.699069722467783, 21.592900119556866 ], [ 79.718156896039986, 21.59305778750501 ], [ 79.737628594549165, 21.603856261148394 ], [ 79.754301946751909, 21.595494295267056 ], [ 79.792070685559622, 21.586589748044638 ], [ 79.821507945034384, 21.561543872412354 ], [ 79.831249119330536, 21.546924809126921 ], [ 79.850702622620261, 21.540823150963828 ], [ 79.863132368103436, 21.530795135384896 ], [ 79.882244529190132, 21.526216573624747 ], [ 79.891244625805641, 21.518186630870655 ], [ 79.897002780501467, 21.524377109379461 ], [ 79.918464854617724, 21.524544508402776 ], [ 79.922186489465972, 21.541802922843477 ], [ 79.935900477914032, 21.556244436811681 ], [ 79.948208688172087, 21.554171036721517 ], [ 79.971482786031018, 21.557717651428366 ], [ 79.988700103350993, 21.536925225393304 ], [ 79.996805812459442, 21.53361865268861 ], [ 80.004100356701429, 21.535458332861612 ], [ 80.032865402823461, 21.556213991890161 ], [ 80.066686298537519, 21.554202369060732 ], [ 80.090125282703269, 21.574552585454988 ], [ 80.101236165269512, 21.589990483854386 ], [ 80.11606236773639, 21.593253076278547 ], [ 80.119708948531681, 21.609879014554661 ], [ 80.127862109307515, 21.611585611639022 ], [ 80.144111696970356, 21.605779859759959 ], [ 80.154616987493171, 21.606471028028821 ], [ 80.169087031528164, 21.622141358490808 ], [ 80.187627416496568, 21.628542897502875 ], [ 80.192778276713739, 21.635450508448304 ], [ 80.208827976279053, 21.635232896068725 ], [ 80.214518629205301, 21.630165058791704 ], [ 80.217456871727322, 21.633432729300047 ], [ 80.216894614671617, 21.625647978682586 ], [ 80.221478561105357, 21.620969918597318 ], [ 80.245842774204704, 21.620489272007276 ], [ 80.253447171216749, 21.624754494126453 ], [ 80.270138721119807, 21.616060673906318 ], [ 80.28129538455525, 21.596048201739919 ], [ 80.29406974673627, 21.593324760366183 ], [ 80.298061674538062, 21.575810147806489 ], [ 80.318233177053941, 21.577118114014688 ], [ 80.327754432993402, 21.571401789168352 ], [ 80.331907359786641, 21.560933852796644 ], [ 80.339307801014073, 21.555077306463755 ], [ 80.330677251375164, 21.551180583338787 ], [ 80.331311997343008, 21.547542183974016 ], [ 80.344335906293011, 21.538667687786376 ], [ 80.360147676394803, 21.534464731988486 ], [ 80.377194917349343, 21.522246583070356 ], [ 80.384772662742407, 21.499742100503315 ], [ 80.383973355298906, 21.490099093394626 ], [ 80.392105986015366, 21.486704705880474 ], [ 80.390422921435885, 21.479407527597751 ], [ 80.397216849660168, 21.47158546422574 ], [ 80.409062667654268, 21.467367840800708 ], [ 80.418701843058102, 21.442596525864452 ], [ 80.42215511593075, 21.440539503684086 ], [ 80.404601609115502, 21.42502392611015 ], [ 80.408565061828909, 21.418419944295813 ], [ 80.396035152832567, 21.408107156075239 ], [ 80.406759329765279, 21.381704910076962 ], [ 80.412235979476407, 21.376717499507539 ], [ 80.44863171108689, 21.372053862315916 ], [ 80.451744203236302, 21.378063259240012 ], [ 80.449730307791285, 21.38731900875004 ], [ 80.45755687642405, 21.402684270880929 ], [ 80.476465297673954, 21.394897533391784 ], [ 80.481089133794924, 21.400942733291828 ], [ 80.48419122896496, 21.395337082699864 ], [ 80.500968844958081, 21.398506093301485 ], [ 80.508415228324438, 21.390820978918796 ], [ 80.515005889568187, 21.391760198818439 ], [ 80.517124977122123, 21.395198073760746 ], [ 80.523931498576133, 21.391223884632293 ], [ 80.527622438324713, 21.394870456560902 ], [ 80.531801504784511, 21.382065831493417 ], [ 80.539202222157414, 21.382706483816406 ], [ 80.543162423067969, 21.370705326379909 ], [ 80.558408300216783, 21.367338736037429 ], [ 80.560743215849371, 21.363645635999298 ], [ 80.563876243208398, 21.364969941164389 ], [ 80.57018968633578, 21.357516473944962 ], [ 80.565413783849962, 21.353992429725874 ], [ 80.566699340458811, 21.345652122202949 ], [ 80.572773950900597, 21.342804636686928 ], [ 80.581371919807239, 21.346988748997649 ], [ 80.589470915422993, 21.343716611992061 ], [ 80.589344149355881, 21.333598529934317 ], [ 80.597792858793724, 21.331547903914711 ], [ 80.599196108405081, 21.327122594206376 ], [ 80.607862234642596, 21.323858663819948 ], [ 80.611158561915047, 21.327611658591028 ], [ 80.621337883582811, 21.320368728199579 ], [ 80.644910895860775, 21.328040056955427 ], [ 80.651913822961504, 21.327130223369224 ], [ 80.662427037970261, 21.334625636420636 ], [ 80.681563677532651, 21.313567158451935 ], [ 80.677273099565468, 21.296015259613622 ], [ 80.669966495891714, 21.29115827740608 ], [ 80.661505221383067, 21.291313889647498 ], [ 80.659079315849425, 21.281948409101645 ], [ 80.65071315557374, 21.277375578154729 ], [ 80.648789179502657, 21.262161455873251 ], [ 80.643835321005852, 21.251472899423039 ], [ 80.623116545706196, 21.240091819997726 ], [ 80.613782460668816, 21.226566247900116 ], [ 80.587582273205726, 21.222096282267671 ], [ 80.577903016065022, 21.217492139582749 ], [ 80.569768077740378, 21.205811454385511 ], [ 80.559468827942027, 21.202104721229894 ], [ 80.541439705255016, 21.20108976095861 ], [ 80.529629169614083, 21.205333050356938 ], [ 80.517757765411517, 21.192812264599642 ], [ 80.514986531733115, 21.183028928096764 ], [ 80.50258601687527, 21.185319062893726 ], [ 80.478611066106637, 21.170684090923174 ], [ 80.464261271534355, 21.175027647605937 ], [ 80.458753525089065, 21.150052692719335 ], [ 80.44471246150141, 21.121960574305831 ], [ 80.458194060860563, 21.113870809116644 ], [ 80.447802617112757, 21.112421483534586 ], [ 80.446470610538526, 21.104799067097133 ], [ 80.43914724698179, 21.096560304105388 ], [ 80.446292200247541, 21.084124841895616 ], [ 80.446522893597916, 21.073412749769194 ], [ 80.449662598469644, 21.069184346908507 ], [ 80.44718186956554, 21.06326045426999 ], [ 80.453931352197401, 21.05306470653904 ], [ 80.452644253580587, 21.038830777778667 ], [ 80.449498871634432, 21.030323974455175 ], [ 80.440118209834225, 21.028083366202718 ], [ 80.439230411873339, 21.021838025406769 ], [ 80.424185861690134, 21.008863979290812 ], [ 80.443772482161961, 20.994040696914155 ], [ 80.44535323260574, 20.970628738412469 ], [ 80.454695611593195, 20.952795112522402 ], [ 80.454716387050723, 20.946594474384842 ], [ 80.461745709546875, 20.93983954791166 ], [ 80.463633384626064, 20.929248334125845 ], [ 80.519070023132684, 20.929823147055057 ], [ 80.546130096181713, 20.934846047082626 ], [ 80.546275746390421, 20.931991922637405 ], [ 80.542027396496081, 20.930215101356129 ], [ 80.541776098897003, 20.923915085511176 ], [ 80.556115756027054, 20.889197018442729 ], [ 80.555039667295659, 20.846582414498663 ], [ 80.561813189498409, 20.82436551297841 ], [ 80.558590777222761, 20.811579092015034 ], [ 80.54917479633454, 20.796062205453484 ], [ 80.551663462526548, 20.76403451614167 ], [ 80.562759868111129, 20.74732463219306 ], [ 80.560010278929809, 20.726200156865495 ], [ 80.565152746009787, 20.710788215101637 ], [ 80.581802685614278, 20.697411558620296 ], [ 80.587651536922479, 20.684699743461543 ], [ 80.580125160522385, 20.672919607247692 ], [ 80.559467431655392, 20.670907839924617 ], [ 80.544909012061012, 20.660284047108263 ], [ 80.521293644597819, 20.657277308909855 ], [ 80.498454366885724, 20.639422973206045 ], [ 80.494202305065471, 20.626670736831361 ], [ 80.496749725017182, 20.602396086186275 ], [ 80.502841995630135, 20.593820945668803 ], [ 80.5044138358369, 20.583353382641079 ], [ 80.521541986968629, 20.580446907834002 ], [ 80.538838072830131, 20.584995151915937 ], [ 80.557830866417987, 20.594343193052957 ], [ 80.564393324151141, 20.603617460164418 ], [ 80.58076740500546, 20.608364461892979 ], [ 80.601407666517829, 20.608793045845342 ], [ 80.61230644568154, 20.600506740868489 ], [ 80.63186627163121, 20.59838888260191 ], [ 80.61734825864086, 20.585752410448528 ], [ 80.625554157974733, 20.578133534837953 ], [ 80.621075003950821, 20.574425605448106 ], [ 80.620955162524922, 20.570062883243626 ], [ 80.625865756902499, 20.56845511847429 ], [ 80.626585011941941, 20.563812391995093 ], [ 80.624307226379557, 20.555773397537539 ], [ 80.618433347226897, 20.555290037157619 ], [ 80.615268955696692, 20.549897449604376 ], [ 80.621315580446193, 20.532798899609759 ], [ 80.617955078409395, 20.525450790910011 ], [ 80.620884289012764, 20.52589345173886 ], [ 80.617322730947677, 20.515171619771699 ], [ 80.619324839692339, 20.505766404034372 ], [ 80.614711560351139, 20.49255989458614 ], [ 80.612595377804141, 20.461929959490394 ], [ 80.602174191307341, 20.44996060719831 ], [ 80.613641963527456, 20.434980951193197 ], [ 80.608133104198799, 20.424145764473142 ], [ 80.600094813859869, 20.418011597683797 ], [ 80.591481510132951, 20.393070755680775 ], [ 80.596584538994023, 20.383835644391407 ], [ 80.610748548160103, 20.375061994529723 ], [ 80.60948463684386, 20.369854490209953 ], [ 80.61590284861839, 20.359909819998329 ], [ 80.615108367555649, 20.351793806624922 ], [ 80.626352106459393, 20.332626415781139 ], [ 80.622368466179594, 20.325409182146092 ], [ 80.610523761321019, 20.318403669510317 ], [ 80.588083863554758, 20.317917175975161 ], [ 80.559198838647418, 20.308510103556493 ], [ 80.549575930285414, 20.308957888234012 ], [ 80.546044284098244, 20.306034214857565 ], [ 80.543499140667365, 20.293527069099873 ], [ 80.522559734164645, 20.273539944668453 ], [ 80.518817025772137, 20.266166897659133 ], [ 80.48991132154805, 20.27826160467858 ], [ 80.479132017652788, 20.278296628314738 ], [ 80.466938928390618, 20.276122470914228 ], [ 80.447209069027494, 20.26246348370411 ], [ 80.436895276984473, 20.26116638371057 ], [ 80.416780711252031, 20.248817029631539 ], [ 80.395259466136707, 20.245009003661686 ], [ 80.39519141230447, 20.237010361213311 ], [ 80.404834864718111, 20.218730822163643 ], [ 80.422051256307157, 20.206799019627944 ], [ 80.421005092498575, 20.196172005771157 ], [ 80.400686507074454, 20.189717630608843 ], [ 80.396589373793589, 20.173896927191802 ], [ 80.388538324046337, 20.165198980219266 ], [ 80.401817651928837, 20.147244315818398 ], [ 80.433378480837533, 20.135330315392373 ], [ 80.455448368085669, 20.137928334784863 ], [ 80.454653435646136, 20.14525450119563 ], [ 80.46014674568589, 20.150938195403057 ], [ 80.48508297530681, 20.143874048849248 ], [ 80.505594504269098, 20.144439185179174 ], [ 80.512410805025866, 20.135844273747004 ], [ 80.530671454045802, 20.131722342922615 ], [ 80.540340644125749, 20.122847765760277 ], [ 80.552072474941298, 20.117961538914834 ], [ 80.551932986030181, 20.109325867214775 ], [ 80.544002955479115, 20.09563739299217 ], [ 80.554905697538146, 20.079685118224671 ], [ 80.556811659868757, 20.071876717113238 ], [ 80.549314751663601, 20.055248324329728 ], [ 80.550984424291812, 20.041636049779903 ], [ 80.546967125198833, 20.017949536816314 ], [ 80.542564944324823, 20.010770719633651 ], [ 80.549851829061367, 20.00081032927476 ], [ 80.549600502521258, 19.985971461817257 ], [ 80.537639270107263, 19.973793669861045 ], [ 80.535802263669069, 19.965528866895248 ], [ 80.539390508414954, 19.962555317168736 ], [ 80.53720855570883, 19.959309627834863 ], [ 80.53890176716321, 19.951891861899139 ], [ 80.531639653999292, 19.948565334686897 ], [ 80.529894435810164, 19.93946732425491 ], [ 80.52361938820593, 19.933785415938548 ], [ 80.504744104845699, 19.928545921084421 ], [ 80.488747168957843, 19.930607351122486 ], [ 80.480733008377555, 19.934371030864309 ], [ 80.479123932234685, 19.944001444084886 ], [ 80.473164314566418, 19.950945149709835 ], [ 80.466031817264536, 19.948184840546094 ], [ 80.452155589223466, 19.957604015842819 ], [ 80.430147533976537, 19.940637766183556 ], [ 80.411252758606466, 19.938493863090649 ], [ 80.412573699712311, 19.924636794128059 ], [ 80.407953725611222, 19.912714240461074 ], [ 80.413883065664038, 19.907451130849982 ], [ 80.450380517058932, 19.896330031108072 ], [ 80.4686237013632, 19.907564423696574 ], [ 80.474142730664695, 19.903810201929332 ], [ 80.491426568350818, 19.902013327907682 ], [ 80.499584517571066, 19.890842115970592 ], [ 80.505824509391886, 19.870649757059169 ], [ 80.486287154814192, 19.863593576938989 ], [ 80.482534433976923, 19.858808089774723 ], [ 80.484169183184562, 19.85422771200561 ], [ 80.478689776716053, 19.839321845558793 ], [ 80.471902798695766, 19.835559401662078 ], [ 80.469079275812916, 19.82702165808718 ], [ 80.440721101547297, 19.810333799891829 ], [ 80.429675159105059, 19.80714421734659 ], [ 80.421584993657362, 19.813399760960181 ], [ 80.401624257212816, 19.817037980545933 ], [ 80.407688256298528, 19.80600441356664 ], [ 80.401698216329692, 19.79620072389034 ], [ 80.404877692800468, 19.793718330540056 ], [ 80.424162336789493, 19.799161139832307 ], [ 80.439488618284912, 19.796058492427857 ], [ 80.44929679965928, 19.789771239650221 ], [ 80.464258327453464, 19.795775050975649 ], [ 80.468030542687899, 19.788824912142367 ], [ 80.480830095536817, 19.781293013169243 ], [ 80.482663045769115, 19.772736485310418 ], [ 80.489028969177454, 19.770410388032005 ], [ 80.49130505131744, 19.775291873756171 ], [ 80.489993098184129, 19.790146341852445 ], [ 80.484967940742209, 19.802477227406591 ], [ 80.47565253591597, 19.803618219934453 ], [ 80.46887768027247, 19.810446720624032 ], [ 80.48058128277718, 19.827505788299828 ], [ 80.520206391641764, 19.831718094255113 ], [ 80.54620372637936, 19.818321544485816 ], [ 80.547557382163092, 19.794897187785065 ], [ 80.542611933717055, 19.779923168788777 ], [ 80.552607005373915, 19.765560511032309 ], [ 80.571458374428545, 19.759226540763116 ], [ 80.582063280560831, 19.750817779215943 ], [ 80.5841965255362, 19.747374841371041 ], [ 80.581410389441672, 19.745995323738246 ], [ 80.586466854456603, 19.741135989868845 ], [ 80.605718874564829, 19.736734297875238 ], [ 80.61105784373531, 19.738171283576399 ], [ 80.621104091501991, 19.733031168167447 ], [ 80.626760472418297, 19.72578473590508 ], [ 80.640131402079263, 19.725305627957443 ], [ 80.650199575608553, 19.71143289797255 ], [ 80.672216262082941, 19.700715940620782 ], [ 80.674250139583123, 19.684413106294407 ], [ 80.662617362785724, 19.622481830493999 ], [ 80.665332097626177, 19.611879169265933 ], [ 80.670271416743205, 19.609319227530086 ], [ 80.719447474594148, 19.615375616893125 ], [ 80.733078162452927, 19.60630317413122 ], [ 80.740845934190062, 19.606230873889761 ], [ 80.768361997720334, 19.587948535295485 ], [ 80.767033119269627, 19.574913658989548 ], [ 80.775108878032071, 19.562511916798009 ], [ 80.781133761445531, 19.563746888500933 ], [ 80.789442373445979, 19.560417662218317 ], [ 80.816153827346071, 19.571196851759915 ], [ 80.823959539104933, 19.566721369392848 ], [ 80.834777505213395, 19.566743607057553 ], [ 80.839459667214498, 19.559412049730909 ], [ 80.839400574240784, 19.549210516991689 ], [ 80.843696659907337, 19.53845371374079 ], [ 80.84967491780877, 19.534497707408221 ], [ 80.849898022666679, 19.528905655094043 ], [ 80.856207428759248, 19.523002786241882 ], [ 80.87313902862509, 19.518700670039834 ], [ 80.883686846628166, 19.52617091575339 ], [ 80.894964875410821, 19.519624789724926 ], [ 80.892940207880883, 19.502299744632708 ], [ 80.897684317809478, 19.480448720620608 ], [ 80.894879023977097, 19.469644303728991 ], [ 80.875369430867323, 19.445984761320741 ], [ 80.864369450531584, 19.444029936181078 ], [ 80.842423644468781, 19.446908040027758 ], [ 80.812527075424924, 19.432756136363125 ], [ 80.795849833926979, 19.432264823966854 ], [ 80.799323405829924, 19.42272032194936 ], [ 80.804289842028737, 19.419460594151804 ], [ 80.804473100319441, 19.411953038154284 ], [ 80.812227269091409, 19.406364169977849 ], [ 80.816648106041058, 19.397151304178607 ], [ 80.81733060236148, 19.38390679360111 ], [ 80.849053648195593, 19.369737894469864 ], [ 80.852852651703969, 19.363899946695774 ], [ 80.846077659891307, 19.355253345322822 ], [ 80.810073758542075, 19.336211916572584 ], [ 80.806094143833974, 19.327511371846608 ], [ 80.790221160863965, 19.323596453377075 ], [ 80.774212442237712, 19.31357822437235 ], [ 80.759736218547346, 19.295843069459231 ], [ 80.75913748106143, 19.291027494387549 ], [ 80.750957376806795, 19.287758634893567 ], [ 80.743127583556287, 19.289020265031883 ], [ 80.738316384599344, 19.285456005495792 ], [ 80.726563172118119, 19.287176113632167 ], [ 80.710759618434764, 19.281756399822292 ], [ 80.68969921079497, 19.286975190237992 ], [ 80.688648939394739, 19.295172230246919 ], [ 80.693153625648094, 19.315546377479603 ], [ 80.686132445492589, 19.326733879533293 ], [ 80.67989685189302, 19.330332049830332 ], [ 80.654050191549032, 19.322810995126815 ], [ 80.648357928109576, 19.315717340534004 ], [ 80.636493557979236, 19.313330318816977 ], [ 80.631511960164218, 19.307169484520116 ], [ 80.623290932212967, 19.305724193760117 ], [ 80.612543453575228, 19.309518026669185 ], [ 80.607894382108682, 19.318230816392877 ], [ 80.607655677112263, 19.326126379216202 ], [ 80.59003107851143, 19.351770987134298 ], [ 80.58822336220608, 19.370258322488336 ], [ 80.591796497093483, 19.375914083093878 ], [ 80.580957950586807, 19.397886541829273 ], [ 80.575925119162747, 19.402356966569645 ], [ 80.562478507479824, 19.399100733965717 ], [ 80.544173427035275, 19.383876129753723 ], [ 80.520330940801514, 19.34776955147473 ], [ 80.506810484408732, 19.342417815182223 ], [ 80.495744477026278, 19.343231601049059 ], [ 80.484169193658047, 19.339706705833301 ], [ 80.477049217134052, 19.329922660366837 ], [ 80.457362557969205, 19.288340816133065 ], [ 80.454735026950047, 19.274994447527316 ], [ 80.448409680569952, 19.26663171622031 ], [ 80.429869850987771, 19.254076646563224 ], [ 80.395501940723619, 19.246468371395 ], [ 80.389028605619131, 19.237968117418276 ], [ 80.383934110589948, 19.215022187745383 ], [ 80.394345037261374, 19.196370746281698 ], [ 80.393844875095354, 19.18779757844467 ], [ 80.387659182425026, 19.180507735793032 ], [ 80.347886604748354, 19.160116525764682 ], [ 80.34778333219235, 19.152360816156712 ], [ 80.340683467892163, 19.146207479867876 ], [ 80.333078935897419, 19.145523827137335 ], [ 80.327430697532535, 19.135110751442987 ], [ 80.339618958315555, 19.100111045172639 ], [ 80.327921943578204, 19.095049376776732 ], [ 80.331143906516374, 19.081349596647833 ], [ 80.329667694992153, 19.070106706981704 ], [ 80.297339163993144, 19.049005896082331 ], [ 80.305162141880245, 19.027349691374265 ], [ 80.303126811741109, 19.022163321197141 ], [ 80.273408502110314, 18.993179392511998 ], [ 80.274309607468524, 18.971186132049738 ], [ 80.269124778362894, 18.948674598634252 ], [ 80.270250561889995, 18.939875894153079 ], [ 80.276199842115602, 18.929765396788795 ], [ 80.299789984210094, 18.91111617029237 ], [ 80.316105867930133, 18.888762218711022 ], [ 80.326192526262446, 18.88089628062281 ], [ 80.349260073140826, 18.847799120940536 ], [ 80.354310730343883, 18.826456215529014 ], [ 80.351413629079431, 18.816292206868454 ], [ 80.322995366112394, 18.798967707042848 ], [ 80.314011642682658, 18.79992713869029 ], [ 80.299936540836981, 18.794447165627442 ], [ 80.291489959481538, 18.783471431514975 ], [ 80.288374233001576, 18.773780664654559 ], [ 80.275920462255783, 18.766108764442119 ], [ 80.256707279288648, 18.769982478505689 ], [ 80.247696679845447, 18.764196750400725 ], [ 80.244750534841401, 18.756607444205461 ], [ 80.259737359272521, 18.742321132884705 ], [ 80.272417959001132, 18.723505227837443 ], [ 80.252232498506174, 18.706806675528917 ], [ 80.230398094809004, 18.701805961258859 ], [ 80.219334349575476, 18.707917360942414 ], [ 80.212771705858088, 18.705717739854578 ], [ 80.200428293832914, 18.692559761892362 ], [ 80.196569018528706, 18.680795451828754 ], [ 80.178704498721658, 18.683267658045626 ], [ 80.16862284566885, 18.699709369304962 ], [ 80.157707995987678, 18.700979757842966 ], [ 80.148463907414225, 18.693086395967782 ], [ 80.140016791721038, 18.693000170581186 ], [ 80.128555799341711, 18.687433262231377 ], [ 80.124377112432455, 18.681359035745604 ], [ 80.118121870112702, 18.680516792659393 ], [ 80.099042993032768, 18.694481687050803 ], [ 80.088506636144672, 18.707277625205307 ], [ 80.074585640826996, 18.710516560608614 ], [ 80.064620584025988, 18.723262632399614 ], [ 80.052796951902778, 18.725058817533807 ], [ 80.041414024937637, 18.742991080077612 ], [ 80.038683059924679, 18.752972812097479 ], [ 80.024983977013406, 18.754939569638267 ], [ 80.018544284196537, 18.770382977034775 ], [ 80.000993024494079, 18.776066223746867 ], [ 79.993050840645168, 18.769934044052285 ], [ 79.964154099725022, 18.773825002341216 ], [ 79.949487292075517, 18.78914943345465 ], [ 79.924116694551415, 18.806901144421698 ], [ 79.91403057006346, 18.82380669569687 ], [ 79.919105207891519, 18.833815044570827 ], [ 79.947642250357731, 18.850182161437552 ], [ 79.958512936765146, 18.85942389134328 ], [ 79.961605031214901, 18.866626602964445 ], [ 79.953613741274808, 18.904504524181853 ], [ 79.957415835246181, 18.922792110008288 ], [ 79.9570464710241, 18.942875316946896 ], [ 79.941622986146996, 18.992089195310129 ], [ 79.940378743972573, 19.032013089165787 ], [ 79.937066499466638, 19.042694415380495 ], [ 79.928917064817185, 19.049194323893314 ], [ 79.920628144177272, 19.049714064135589 ], [ 79.899219294936628, 19.040243708200066 ], [ 79.877036643160878, 19.038798641933365 ], [ 79.871102776549819, 19.041016936907731 ], [ 79.865997452067191, 19.054202819304514 ], [ 79.858429572130191, 19.102416227348204 ], [ 79.861461418859733, 19.112260893650667 ], [ 79.873751606608366, 19.124051794762348 ], [ 79.925323603607154, 19.151592736028469 ], [ 79.94566854872717, 19.168936594398176 ], [ 79.94528304949462, 19.179140901139345 ], [ 79.925453419479055, 19.21063892657758 ], [ 79.924742344156854, 19.227299254620743 ], [ 79.936355199157163, 19.264126947852585 ], [ 79.950566280341235, 19.289044223095608 ], [ 79.965872440234222, 19.303038741742853 ], [ 79.959080494708246, 19.335940225799416 ], [ 79.967965595820459, 19.35663117197814 ], [ 79.971826921315071, 19.381557287391949 ], [ 79.979614954484887, 19.390325506526004 ], [ 79.972394024139874, 19.416212406058207 ], [ 79.947608697142343, 19.449678879980038 ], [ 79.948215405022594, 19.460600442440359 ], [ 79.944819483578286, 19.469814403439671 ], [ 79.932410866820788, 19.476544393016791 ], [ 79.914503399214141, 19.49603827146187 ], [ 79.901964412093378, 19.50090165712869 ], [ 79.880853678874587, 19.503568683584536 ], [ 79.864583949686448, 19.510513651078892 ], [ 79.848173115736543, 19.526534508687082 ], [ 79.84563830902259, 19.532796669294807 ], [ 79.828418920490918, 19.543405649991662 ], [ 79.814463827417057, 19.575698469186229 ], [ 79.798583356400016, 19.581966614974178 ], [ 79.778606550749814, 19.59966649987107 ], [ 79.743080008882714, 19.608626251421715 ], [ 79.708999704401435, 19.584478292085638 ], [ 79.65828730910026, 19.579714238033347 ], [ 79.627919502632594, 19.573170822392097 ], [ 79.614137840042929, 19.559677256235013 ], [ 79.602965800695472, 19.514550781115688 ], [ 79.596153969366853, 19.507277322424883 ], [ 79.584044089432922, 19.509131159072535 ], [ 79.552932373967053, 19.524168599132221 ], [ 79.548387250320999, 19.531623735278703 ], [ 79.545379756101497, 19.550695170821601 ], [ 79.539927213492959, 19.554661262453202 ], [ 79.518610819633182, 19.543109248970399 ], [ 79.520809111058824, 19.534885856071718 ], [ 79.518588597679809, 19.520182827188457 ], [ 79.50225549090267, 19.511635192542371 ], [ 79.498387230858924, 19.50569486378015 ], [ 79.482631997421436, 19.506280227005892 ], [ 79.471424890332983, 19.500191724764711 ], [ 79.468961556546631, 19.509573805059269 ], [ 79.433334147142588, 19.53725659720979 ], [ 79.422559917079511, 19.538042737988128 ], [ 79.422998850303358, 19.530159097582516 ], [ 79.420472995230938, 19.529758233666865 ], [ 79.405318703246891, 19.535667473761261 ], [ 79.385677343039134, 19.558330525661511 ], [ 79.372752886010204, 19.560989768480194 ], [ 79.365730028491228, 19.576331394783882 ], [ 79.31844411531209, 19.576723379183044 ], [ 79.318537120542302, 19.567700879470049 ], [ 79.313930551913813, 19.566420805980915 ], [ 79.3098517172903, 19.571512523630108 ], [ 79.306840493586662, 19.59655601663458 ], [ 79.284362463626195, 19.595523401931999 ], [ 79.272949226792349, 19.598839602875159 ], [ 79.251097717430795, 19.615870492876557 ], [ 79.243557070475518, 19.616688943740698 ], [ 79.238643248804962, 19.606170695040408 ], [ 79.244412839477377, 19.594866098404264 ], [ 79.253124262744336, 19.593287158797125 ], [ 79.251025633669499, 19.577499617406634 ], [ 79.237123824555084, 19.557138302967704 ], [ 79.240023091791358, 19.535240206673496 ], [ 79.23372823903982, 19.520009208529292 ], [ 79.221162744241283, 19.520991491896165 ], [ 79.207464818609608, 19.506130851366819 ], [ 79.207383366972877, 19.497634767999305 ], [ 79.203851142226625, 19.49408347403957 ], [ 79.206852708237477, 19.485818000181151 ], [ 79.215767040000287, 19.480941685716356 ], [ 79.223589336293344, 19.46907490377686 ], [ 79.190311932584407, 19.458984736280442 ], [ 79.180074053069958, 19.461883691523234 ], [ 79.167832403403835, 19.472358476153527 ], [ 79.161354380828314, 19.488262711420099 ], [ 79.142985311830671, 19.500534955351171 ], [ 79.138606197761661, 19.500484756842692 ], [ 79.133108684605361, 19.507826106386801 ], [ 79.120930198517527, 19.512000934721222 ], [ 79.114343214174681, 19.519759102682944 ], [ 79.105388355434343, 19.522378241491559 ], [ 79.098034513886233, 19.532026770563679 ], [ 79.076901955773351, 19.532398621445793 ], [ 79.0460114603748, 19.548325712828927 ], [ 79.024024937434774, 19.541775787119704 ], [ 78.998031391594381, 19.540084339236198 ], [ 78.9977476785525, 19.549065118751013 ], [ 78.981251941828646, 19.560839381248854 ], [ 78.974223114915432, 19.549383227920544 ], [ 78.952095532282186, 19.548864619161257 ], [ 78.940443600640648, 19.551868301413016 ], [ 78.937672729494878, 19.561873677728705 ], [ 78.946489171726981, 19.5616077021132 ], [ 78.95254319648312, 19.564977902381671 ], [ 78.972834916566924, 19.582387659125224 ], [ 78.971784289030296, 19.59001301442683 ], [ 78.95914399474114, 19.595466035106675 ], [ 78.955620220515513, 19.60017119659507 ], [ 78.955369323407837, 19.619117623887409 ], [ 78.961849800109306, 19.637443589987015 ], [ 78.955558443093423, 19.655791000856979 ], [ 78.944233978392333, 19.661739584035978 ], [ 78.919724115468455, 19.662004038098665 ], [ 78.919864599663583, 19.666974272961809 ], [ 78.903535715324793, 19.670009076726245 ], [ 78.896005963604665, 19.664456063384147 ], [ 78.88644618613003, 19.662453227982699 ], [ 78.890478326181153, 19.659409637022524 ], [ 78.8867268144798, 19.655071367772901 ], [ 78.868094175897397, 19.659025143873876 ], [ 78.851920303911683, 19.65836082066274 ], [ 78.855691920313532, 19.686660908740425 ], [ 78.859923086095321, 19.689491281114169 ], [ 78.849425560160043, 19.72196916831993 ], [ 78.852368074036278, 19.727903728286982 ], [ 78.851149598127137, 19.736126198951727 ], [ 78.84795205749262, 19.735496983863481 ], [ 78.840963453635553, 19.761890085002644 ], [ 78.825878265766917, 19.755144105689869 ], [ 78.816919006004284, 19.761832653590282 ], [ 78.802160940232568, 19.75653379691547 ], [ 78.796933615977451, 19.760009171865583 ], [ 78.795629968469129, 19.767266379955473 ], [ 78.782365984598385, 19.778409699231272 ], [ 78.771122680889903, 19.779383344795278 ], [ 78.756371012411535, 19.772505382982544 ], [ 78.74005701694179, 19.78313315217332 ], [ 78.73002441844983, 19.780226177969588 ], [ 78.724146276722252, 19.767754287828648 ], [ 78.719160675531811, 19.766648245312062 ], [ 78.706094467122938, 19.772303117764455 ], [ 78.701365191863218, 19.786736316058501 ], [ 78.69256254342244, 19.791026671887 ], [ 78.666353733354711, 19.799754773148713 ], [ 78.655049996064861, 19.800191208762321 ], [ 78.642742793787065, 19.807807023639857 ], [ 78.618986679273519, 19.809979872730704 ], [ 78.607311547943198, 19.81760806398346 ], [ 78.586119474917652, 19.818789010719442 ], [ 78.572287382168525, 19.815845730898982 ], [ 78.552006507458856, 19.824084590915337 ], [ 78.542286352634349, 19.823829875723174 ], [ 78.530777637145334, 19.81845469150764 ], [ 78.515018324462616, 19.818933384970169 ], [ 78.508952329767723, 19.812050057164697 ], [ 78.507222882292865, 19.797548373533278 ], [ 78.490238149452892, 19.79268445633317 ], [ 78.48503501358897, 19.796052130866524 ], [ 78.48314733254432, 19.803809930289116 ], [ 78.472459038633943, 19.817338268708067 ], [ 78.451959778012068, 19.812880680295262 ], [ 78.422951936925728, 19.817626700970578 ], [ 78.386458311819965, 19.8453593607587 ], [ 78.381790392766831, 19.857041598923718 ], [ 78.383036374105544, 19.873905484618174 ], [ 78.380671277856138, 19.880436197043263 ], [ 78.332088171137968, 19.884900375287945 ], [ 78.324363542478636, 19.894834479934083 ], [ 78.334092188787736, 19.905296588846284 ], [ 78.331778926791728, 19.913373836239249 ], [ 78.324317950148114, 19.916746259122167 ], [ 78.307027909005569, 19.91429755898254 ], [ 78.298749406251687, 19.874970658845982 ], [ 78.291884219915119, 19.861724508705269 ], [ 78.285313280859882, 19.856616983610884 ], [ 78.286075134136155, 19.847937142523861 ], [ 78.301464306171908, 19.840418338603456 ], [ 78.315756292698765, 19.842557655752152 ], [ 78.33641446993235, 19.837923241883107 ], [ 78.334024560705686, 19.814591720856175 ], [ 78.344799381031407, 19.813372655221041 ], [ 78.357441718284221, 19.805434130411388 ], [ 78.364674650273031, 19.781231544851753 ], [ 78.34928873172268, 19.737975656891205 ], [ 78.341234596470642, 19.735756163864849 ], [ 78.342854841922602, 19.729783443898299 ], [ 78.33928574847458, 19.724156040938244 ], [ 78.343134145776261, 19.713250020146202 ], [ 78.318653771545897, 19.705525901293075 ], [ 78.311821294925522, 19.691050463532083 ], [ 78.287848782860237, 19.688035233916466 ], [ 78.276185875022946, 19.692415346199613 ], [ 78.262649047736204, 19.665064242397335 ], [ 78.268911553152805, 19.664072898241542 ], [ 78.271047669881284, 19.65853881182462 ], [ 78.279009729582711, 19.657641311997534 ], [ 78.280882770203846, 19.650926384965029 ], [ 78.290462494879506, 19.646001012025085 ], [ 78.293899413558776, 19.619441785007314 ], [ 78.305566912098953, 19.607066537481387 ], [ 78.300901995972907, 19.579069430238711 ], [ 78.303688912943883, 19.569320561416522 ], [ 78.297285604987337, 19.56789670397464 ], [ 78.298148521709876, 19.564036955513156 ], [ 78.29356293832079, 19.558984157340355 ], [ 78.275251520883685, 19.562461674228562 ], [ 78.274310764799267, 19.553974587329311 ], [ 78.283934986787642, 19.541411590832421 ], [ 78.293229658912622, 19.542233590260313 ], [ 78.294109352841758, 19.534794247433943 ], [ 78.290396248898446, 19.527623931090801 ], [ 78.295997496121487, 19.517370758984605 ], [ 78.29866350408119, 19.496812836662698 ], [ 78.309223512827671, 19.481083899497179 ], [ 78.304340957422866, 19.456137048876247 ], [ 78.286970113114322, 19.448528638511331 ], [ 78.270439434602096, 19.456155143858041 ], [ 78.268681131263151, 19.448466739038345 ], [ 78.263740428978537, 19.448930275638357 ], [ 78.262646867756544, 19.443059004144246 ], [ 78.246480979573349, 19.435197868925322 ], [ 78.244508873153109, 19.428802531505994 ], [ 78.235610122449202, 19.426754482268485 ], [ 78.219961331422397, 19.433018558038601 ], [ 78.211586880004205, 19.428478454118267 ], [ 78.195065244613446, 19.406753716974471 ], [ 78.183818445648342, 19.412199969797598 ], [ 78.176190019523972, 19.412262465766688 ], [ 78.18767298800914, 19.394592950340062 ], [ 78.176788558455428, 19.367400017774443 ], [ 78.179226350381427, 19.362843528206689 ], [ 78.172061483388717, 19.359718670624634 ], [ 78.172148227586362, 19.349298865101911 ], [ 78.176225555076968, 19.334926162653748 ], [ 78.192277302623467, 19.325828856564634 ], [ 78.190206484597482, 19.320776815989081 ], [ 78.19373885314242, 19.314886125717827 ], [ 78.183111411632083, 19.285183401197735 ], [ 78.176666545332282, 19.278548629994429 ], [ 78.177983100261642, 19.253912867853987 ], [ 78.181771420068003, 19.247618389461916 ], [ 78.175320996170967, 19.237578550117462 ], [ 78.158399115273312, 19.23577876659531 ], [ 78.150992082754769, 19.22949818370348 ], [ 78.144546911251282, 19.229400732031291 ], [ 78.117038043646133, 19.248637272514113 ], [ 78.113172186448097, 19.244422118516614 ], [ 78.095309264305897, 19.243740419532227 ], [ 78.089149625207526, 19.239368189217245 ], [ 78.082350836128967, 19.243216095069716 ], [ 78.083229083332284, 19.248676238424672 ], [ 78.079096875971345, 19.254834328454454 ], [ 78.072296338003838, 19.249248806785044 ], [ 78.06442247318094, 19.247773652780388 ], [ 78.055675249074682, 19.237121711721677 ], [ 78.041613577238934, 19.243428142209787 ], [ 78.035940745114146, 19.250633446126802 ], [ 78.041844293564921, 19.261655536278312 ], [ 78.042506274103658, 19.270603767115414 ], [ 78.014819727229195, 19.279037389831313 ], [ 78.013496905905725, 19.294717657287698 ], [ 77.998679865374982, 19.299797627041158 ], [ 77.994665322760056, 19.305386196781345 ], [ 77.984848311373085, 19.309877506452818 ], [ 77.977633534616984, 19.322706903076515 ], [ 77.965876000033546, 19.327459028043705 ], [ 77.961859758572714, 19.335611432657949 ], [ 77.945121898031303, 19.342452969436696 ], [ 77.942294001382336, 19.34227492976359 ], [ 77.938244194313071, 19.334113112984223 ], [ 77.928014318463866, 19.332207797291485 ], [ 77.911545886367733, 19.316257022974494 ], [ 77.89431985422749, 19.320469958929909 ], [ 77.890030966568546, 19.313297455563401 ], [ 77.863458783652248, 19.304196348208649 ], [ 77.865575520142755, 19.283821549786438 ], [ 77.903458506804085, 19.277959564134648 ], [ 77.907563574778564, 19.268228379073989 ], [ 77.902847012556563, 19.256462767999185 ], [ 77.890007139752655, 19.260890982772839 ], [ 77.875015392168365, 19.258844154676535 ], [ 77.87460462117447, 19.253636973104793 ], [ 77.871405055138965, 19.255020369144582 ], [ 77.866006488903935, 19.226401902383405 ], [ 77.847721022915579, 19.189594953677972 ], [ 77.860494213002553, 19.180354254606478 ], [ 77.855928108547872, 19.177109960431594 ], [ 77.856713135473086, 19.170752055775733 ], [ 77.85264621997473, 19.166818402341509 ], [ 77.852531100792461, 19.154677892310289 ], [ 77.834062931400609, 19.134308249716106 ], [ 77.836880025979468, 19.134008896322019 ], [ 77.841559157752883, 19.118106421625168 ], [ 77.847664691261429, 19.116004895162597 ], [ 77.846206870603282, 19.101313607729395 ], [ 77.850395026198797, 19.088556895097 ], [ 77.831270014576887, 19.086080578312426 ], [ 77.826407812033835, 19.09663817472024 ], [ 77.818140505272794, 19.104980866542437 ], [ 77.809934258309397, 19.104733974099354 ], [ 77.80452856063512, 19.100556578520795 ], [ 77.802807209677184, 19.079755189375629 ], [ 77.796797821566557, 19.072589076399236 ], [ 77.800098165772752, 19.066844924226586 ], [ 77.800349433112586, 19.051121571716489 ], [ 77.789095861860801, 19.055672853936077 ], [ 77.775231209261705, 19.056021663910045 ], [ 77.764811990574401, 19.062655286411097 ], [ 77.761996296181181, 19.03185264565608 ], [ 77.76555503004316, 19.024305461616393 ], [ 77.769922225291864, 19.022405149444442 ], [ 77.770338963846299, 19.009957918323128 ], [ 77.775351135040793, 19.000626583013201 ], [ 77.771497155939699, 18.979159066369188 ], [ 77.787626259752074, 18.972646482010934 ], [ 77.791140466539957, 18.982817538731329 ], [ 77.821757775931957, 18.978507767035087 ], [ 77.816211904529808, 18.957516494027498 ], [ 77.819843312519993, 18.954440597376003 ], [ 77.816224884024749, 18.94727673189422 ], [ 77.819249317640171, 18.945859940688418 ], [ 77.832453462514039, 18.941628627315541 ], [ 77.835617184917666, 18.947246715168717 ], [ 77.841942471457642, 18.949872593099997 ], [ 77.858591644028195, 18.949110976791786 ], [ 77.851461633589395, 18.926406762067817 ], [ 77.847914033491591, 18.92689602197385 ], [ 77.843254232221767, 18.908693375430364 ], [ 77.857939426431557, 18.902351553117892 ], [ 77.873171770778043, 18.903933902729978 ], [ 77.873937663823853, 18.907674388055415 ], [ 77.885384448778197, 18.904200157938067 ], [ 77.891584125497118, 18.881414038521715 ], [ 77.903906275130353, 18.88124590254532 ], [ 77.903232039492323, 18.866625519476887 ], [ 77.930060766002413, 18.858726335023672 ], [ 77.92935038685907, 18.853586163580143 ], [ 77.937452251231747, 18.851591408533412 ], [ 77.934775641368489, 18.845144788337794 ], [ 77.948900929440342, 18.843289164956413 ], [ 77.948536063448699, 18.82983647166402 ], [ 77.934497959365231, 18.822265379616965 ], [ 77.906672210361307, 18.826697407608314 ], [ 77.881989883247158, 18.817403935993472 ], [ 77.87141483991914, 18.818164798095527 ], [ 77.859882427792513, 18.809047177786468 ], [ 77.839954802645209, 18.804821511933405 ], [ 77.826791792040424, 18.769840908973677 ], [ 77.804250340457671, 18.727242330093002 ], [ 77.804183987883874, 18.713177416932492 ], [ 77.796218167699109, 18.703960089651044 ], [ 77.795005575920129, 18.697036794792982 ], [ 77.789764546711396, 18.6951500125991 ], [ 77.787288251980087, 18.68263997555156 ], [ 77.771905111377251, 18.689055010171419 ], [ 77.773240107834027, 18.701356247332505 ], [ 77.768152025287421, 18.705859357748867 ], [ 77.759983280022269, 18.706844139933413 ], [ 77.753503765655992, 18.700991982101652 ], [ 77.749248581353001, 18.682666628188468 ], [ 77.743689114805306, 18.681624785807962 ], [ 77.7299742472443, 18.666936908437265 ], [ 77.735708835786554, 18.66098701712583 ], [ 77.730203996848246, 18.656081962733772 ], [ 77.730504303182798, 18.645145416077014 ], [ 77.745656622282397, 18.62128837755083 ], [ 77.745573348121724, 18.605941546480274 ], [ 77.750342737834146, 18.589215471540413 ], [ 77.740380672133497, 18.57521767962664 ], [ 77.737044247411845, 18.563844203750531 ], [ 77.738499607307503, 18.556788709352922 ], [ 77.72325137341376, 18.553329033109698 ], [ 77.701561432482748, 18.555171130567448 ], [ 77.688327663649858, 18.544952315693699 ], [ 77.680685316228335, 18.545253201059708 ], [ 77.661663665979546, 18.531857002025777 ], [ 77.655860400287921, 18.530898951328034 ], [ 77.645896906973562, 18.538836845443527 ], [ 77.652074510271476, 18.551793952401692 ], [ 77.647913147869545, 18.554931356046946 ], [ 77.639619442378077, 18.55494102653633 ], [ 77.634000109175133, 18.54391776686262 ], [ 77.627629008491951, 18.548124910178899 ], [ 77.629252278087733, 18.553675336519621 ], [ 77.615185179896059, 18.550845659857231 ], [ 77.612496316272825, 18.544479301349828 ], [ 77.610068410963478, 18.549882099968098 ], [ 77.596369422112417, 18.548941380655805 ], [ 77.595303531590488, 18.535541698735482 ], [ 77.590691143158963, 18.526665690158058 ], [ 77.596567005495487, 18.530199951830301 ], [ 77.600436613437537, 18.527295795075606 ], [ 77.600281473554986, 18.522296548031033 ], [ 77.597067714769892, 18.51588328654384 ], [ 77.587752786923673, 18.512856571975611 ], [ 77.585906900750388, 18.503996131882577 ], [ 77.594397206443503, 18.496196314160404 ], [ 77.604706853443062, 18.49636680927701 ], [ 77.606225594546018, 18.489196935127232 ], [ 77.603126055059732, 18.476847524405887 ], [ 77.594282974131659, 18.476910054477663 ], [ 77.59225036879532, 18.484715315194215 ], [ 77.576369301431427, 18.486784646735849 ], [ 77.572861019316932, 18.469814926194122 ], [ 77.548563405336225, 18.468581311140017 ], [ 77.550761871929282, 18.460409540649341 ], [ 77.56403784371922, 18.461021744057398 ], [ 77.583604310578764, 18.456205812824212 ], [ 77.585297340993151, 18.446792304951774 ], [ 77.574304046860021, 18.441798722064064 ], [ 77.569068864666235, 18.442866164763348 ], [ 77.56418092747758, 18.437302597684209 ], [ 77.540557968896636, 18.44470673265727 ], [ 77.527516021755346, 18.442111241057326 ], [ 77.528166620795133, 18.428913050361537 ], [ 77.556468348289968, 18.419428270630291 ], [ 77.556756063982164, 18.417143340053318 ], [ 77.551601975485866, 18.388897703775498 ], [ 77.538600037834939, 18.385882236495359 ], [ 77.525471884907446, 18.372705111134959 ], [ 77.520206342654177, 18.357175161012627 ], [ 77.52234118428089, 18.346467110139177 ], [ 77.530230482309292, 18.339167361045533 ], [ 77.558023647356407, 18.331416413561879 ], [ 77.57047950614249, 18.318112544267251 ], [ 77.571396143695196, 18.308829145417945 ], [ 77.553259864988021, 18.29809065298134 ], [ 77.551262272867007, 18.291693180005012 ], [ 77.532717656625479, 18.298699111507752 ], [ 77.523727517030864, 18.308210178457237 ], [ 77.512536480502519, 18.309558280449654 ], [ 77.508820244176022, 18.304282307824877 ], [ 77.511557524230142, 18.282049339217433 ], [ 77.505220570337883, 18.277023707093154 ], [ 77.498663301128715, 18.276746935263191 ], [ 77.492667112668556, 18.267203505215647 ], [ 77.481379541174746, 18.272356190381345 ], [ 77.475748919787435, 18.264662942979747 ], [ 77.465037482988478, 18.262536027914809 ], [ 77.447578038890811, 18.269995222063738 ], [ 77.445857768146595, 18.283808452632332 ], [ 77.440345547501195, 18.28262905436635 ], [ 77.436511648675364, 18.29322865555665 ], [ 77.43766476208593, 18.310313822141126 ], [ 77.428307788405718, 18.312364743147651 ], [ 77.425562612278625, 18.307880113302993 ], [ 77.408995191170263, 18.301468678885172 ], [ 77.394853864147052, 18.303589206868676 ], [ 77.385118130653453, 18.309311490981916 ], [ 77.365789683616754, 18.307124762751709 ], [ 77.356724359227428, 18.320202073803785 ], [ 77.371604655157796, 18.325208458783194 ], [ 77.375618160544349, 18.332052485888159 ], [ 77.380940033340735, 18.331021951699334 ], [ 77.382427835638453, 18.34225276499534 ], [ 77.394980647715741, 18.341501456107686 ], [ 77.394339956013454, 18.347429059231771 ], [ 77.400148559787652, 18.34744644312633 ], [ 77.394869830627783, 18.368454658027385 ], [ 77.409835982080736, 18.37741142511824 ], [ 77.414094310018697, 18.393107539597708 ], [ 77.400164272699911, 18.401998141973994 ], [ 77.388430386129073, 18.399534911451145 ], [ 77.372832835132527, 18.401102708655671 ], [ 77.368388501785176, 18.412525371113432 ], [ 77.370645622104959, 18.418791366503036 ], [ 77.367264200584501, 18.418694176915917 ], [ 77.365403483038776, 18.427717876683715 ], [ 77.362149267466904, 18.429888425284691 ], [ 77.364458648591551, 18.434519139947501 ], [ 77.361838488151363, 18.437279156280244 ], [ 77.36749888144351, 18.446956228982675 ], [ 77.365635930890249, 18.451564090408951 ], [ 77.353485134104815, 18.447666556399437 ], [ 77.3452183183839, 18.43361107657509 ], [ 77.335657446107973, 18.442316897839845 ], [ 77.336031787871917, 18.45015495391603 ], [ 77.326895348768716, 18.451749797837024 ], [ 77.326415103519409, 18.458846670973461 ], [ 77.319885093888189, 18.458027215706199 ], [ 77.316851606650147, 18.442253028406739 ], [ 77.279037958723279, 18.429797934141693 ], [ 77.273246329970803, 18.423022901391676 ], [ 77.265655047638973, 18.42234316279157 ], [ 77.259368658077861, 18.413261171009164 ], [ 77.241767957330083, 18.412607131264224 ], [ 77.233685145489261, 18.38820059613241 ], [ 77.23945973958989, 18.378606894396999 ], [ 77.24842464491492, 18.376056268532945 ], [ 77.246391028609409, 18.370765612720984 ], [ 77.23398848223691, 18.369803322133532 ], [ 77.225830908693865, 18.365219965822419 ], [ 77.220091057709141, 18.349273466802806 ], [ 77.229584879858123, 18.348208557709622 ], [ 77.222765679458035, 18.33974663901687 ], [ 77.219067188433215, 18.325730498043033 ], [ 77.211793963375115, 18.31628065914424 ], [ 77.201667914366269, 18.322165242555503 ], [ 77.198712466345285, 18.315452184067361 ], [ 77.202926049089157, 18.297734467768816 ], [ 77.205550334418803, 18.294097718268393 ], [ 77.209852803381523, 18.294967258976857 ], [ 77.209354985702703, 18.28772366827496 ], [ 77.213013326398567, 18.280320303825004 ], [ 77.197473434273547, 18.276609839328646 ], [ 77.188213542823206, 18.284742179636481 ], [ 77.174811892531565, 18.284861788740393 ], [ 77.170727682853553, 18.276700142691631 ], [ 77.169749320059395, 18.260871237278927 ], [ 77.15913376527952, 18.255789880248535 ], [ 77.151765197925712, 18.23802297024671 ], [ 77.148632544443942, 18.239045631081506 ], [ 77.151521947230833, 18.217044882636724 ], [ 77.142698579144593, 18.217040673181909 ], [ 77.140137678813105, 18.207718450148732 ], [ 77.111290510453074, 18.204243364421483 ], [ 77.097598729928023, 18.19672357025398 ], [ 77.116337978697032, 18.171016516676065 ], [ 77.111543094592591, 18.155833479962098 ], [ 77.099477082419895, 18.158193266820746 ], [ 77.084845216282432, 18.150788771800606 ], [ 77.063958002549569, 18.150652083520274 ], [ 77.053201996600166, 18.159451753328678 ], [ 77.051977334901295, 18.173229357913058 ], [ 77.033177744037175, 18.181992785122802 ], [ 77.031730352579672, 18.177433055437884 ], [ 77.023083675485879, 18.175652912458951 ], [ 77.025649095324539, 18.161753305528922 ], [ 77.023303962707686, 18.15850952304752 ], [ 77.001114055697315, 18.160899453720575 ], [ 76.996407865522514, 18.16619714759922 ], [ 76.990609114523735, 18.189987793629566 ], [ 76.978398788055642, 18.191983758818743 ], [ 76.977418989854556, 18.188868930763043 ], [ 76.951934468538695, 18.18809933879546 ], [ 76.948450147180182, 18.168760141108663 ], [ 76.942361188047201, 18.156412376258601 ], [ 76.931476476059927, 18.159653419555568 ], [ 76.923963143224256, 18.146633398908364 ], [ 76.931795334870728, 18.133526211955786 ], [ 76.920249248805149, 18.125073596945096 ], [ 76.920499561987313, 18.118182823734767 ], [ 76.932921259110614, 18.112833879002668 ], [ 76.937740393469483, 18.11490564070029 ], [ 76.954273986779967, 18.110544347057377 ], [ 76.966349726397112, 18.098201176006956 ], [ 76.96294142273527, 18.089571762111966 ], [ 76.945213827555719, 18.083200776885903 ], [ 76.951620441749128, 18.061053121479503 ], [ 76.944901018056967, 18.048361064825858 ], [ 76.952686770032372, 18.043938566052475 ], [ 76.952305174362479, 18.040219260791147 ], [ 76.914315278472685, 18.035361158019427 ], [ 76.912295322130092, 18.017339221772648 ], [ 76.905643821345024, 18.009709600274263 ], [ 76.906707413687656, 17.996594400233406 ], [ 76.913139710039431, 17.996890338990845 ], [ 76.913665338518015, 17.993221914074834 ], [ 76.91444006004231, 17.961564806127818 ], [ 76.918304629540856, 17.956016332106842 ], [ 76.917285659669503, 17.948058853482188 ], [ 76.920668284231155, 17.941570839774183 ], [ 76.918981173358134, 17.915953776555313 ], [ 76.901264716717193, 17.917242290699527 ], [ 76.898989595146716, 17.909067293809379 ], [ 76.896885293331422, 17.910370720008466 ], [ 76.896554250474423, 17.905749318511369 ], [ 76.89383912055807, 17.906072370369387 ], [ 76.894187171172604, 17.89982670453464 ], [ 76.88398556722008, 17.898981636454906 ], [ 76.884267954240102, 17.894292897119506 ], [ 76.85264488017215, 17.900722644301556 ], [ 76.839724908986454, 17.899374231110826 ], [ 76.831920341028123, 17.895256351681343 ], [ 76.831201647148646, 17.885615691710004 ], [ 76.810215712052582, 17.887041353551769 ], [ 76.806669404282005, 17.87057524047373 ], [ 76.775049622896745, 17.877712932523153 ], [ 76.773574920537584, 17.890459214100538 ], [ 76.768160825584388, 17.901152134343626 ], [ 76.739971941190817, 17.89970115908271 ], [ 76.738482098136501, 17.856681603862047 ], [ 76.751494033846015, 17.858130685957462 ], [ 76.767499531630548, 17.852127361929337 ], [ 76.779306373049835, 17.836281238863091 ], [ 76.786998898698485, 17.833199422828439 ], [ 76.790393674373334, 17.826334109842065 ], [ 76.782863181555513, 17.817917095291175 ], [ 76.78259081742921, 17.806638009995222 ], [ 76.778727582255939, 17.80048031827884 ], [ 76.766509885283185, 17.798468699814414 ], [ 76.762038480980152, 17.787017029019626 ], [ 76.74252507474371, 17.784223953075067 ], [ 76.744337252967213, 17.780339992947987 ], [ 76.740645773279738, 17.779464344585389 ], [ 76.720940140207759, 17.788057589418187 ], [ 76.714091360085717, 17.780940024291276 ], [ 76.711911879297034, 17.773267311565778 ], [ 76.721072016191684, 17.769497912192268 ], [ 76.718787053752791, 17.751479468427398 ], [ 76.724807294973388, 17.751102272180553 ], [ 76.728270824335013, 17.73756074330916 ], [ 76.699645934209173, 17.727249098804656 ], [ 76.704327461428406, 17.723013347927527 ], [ 76.703647830985119, 17.715620330042853 ], [ 76.701307383261707, 17.709070774496656 ], [ 76.692539731020318, 17.706723611779015 ], [ 76.694177509585842, 17.695680320702653 ], [ 76.690839905529089, 17.681004800024894 ], [ 76.687375494562602, 17.680050268697912 ], [ 76.684356320440259, 17.685888395044479 ], [ 76.674921480452241, 17.689993094246329 ], [ 76.664188804870193, 17.687560216817715 ], [ 76.655599022240764, 17.717854240374557 ], [ 76.652792336010634, 17.722133014174815 ], [ 76.633259464745535, 17.728220170427942 ], [ 76.62809744887025, 17.750649278518988 ], [ 76.631885035630688, 17.754641409001167 ], [ 76.62243066124536, 17.760498102419351 ], [ 76.615331118908131, 17.7703964798092 ], [ 76.611039322405688, 17.769364047116234 ], [ 76.605295882871999, 17.758644968948271 ], [ 76.599788744066217, 17.732707963256615 ], [ 76.6010767954198, 17.72586061571981 ], [ 76.594380098348893, 17.722449685434913 ], [ 76.588337072142366, 17.707578231008501 ], [ 76.582199950370537, 17.705270301093567 ], [ 76.570295438704832, 17.705405679109028 ], [ 76.567801370975445, 17.742476443810244 ], [ 76.563957234584535, 17.750833426249542 ], [ 76.572707742650607, 17.760539543730523 ], [ 76.561262418120918, 17.764619198082443 ], [ 76.530687607944543, 17.758260339932601 ], [ 76.523275705578726, 17.759797294583962 ], [ 76.527358755740011, 17.737843674592327 ], [ 76.523902163006326, 17.715152067333854 ], [ 76.500688408518144, 17.718418588291645 ], [ 76.487227644897573, 17.714763621363634 ], [ 76.48448767731557, 17.678511790279103 ], [ 76.489748724235739, 17.660499210248734 ], [ 76.452860283120998, 17.655790220000686 ], [ 76.454482841709051, 17.649786339328287 ], [ 76.441835401770987, 17.649308479200105 ], [ 76.445004676983928, 17.640951290056304 ], [ 76.435390124954239, 17.646261380802184 ], [ 76.429191350776279, 17.644953396038378 ], [ 76.419684931627032, 17.603710071600361 ], [ 76.381700610648139, 17.60224924996859 ], [ 76.377638012995874, 17.59787334597106 ], [ 76.350030490239263, 17.594099579452131 ], [ 76.331286536229868, 17.597418570058469 ], [ 76.333126958661666, 17.564986819502799 ], [ 76.338532084339974, 17.556803798249529 ], [ 76.340692515667399, 17.542474571805759 ], [ 76.362740381367331, 17.537372596224582 ], [ 76.367219126231248, 17.519452912256668 ], [ 76.364599700868595, 17.514969214367181 ], [ 76.346571849837275, 17.512579420210326 ], [ 76.343329039269634, 17.500656130589896 ], [ 76.34576457657721, 17.49252983966948 ], [ 76.374688449681429, 17.495649734508742 ], [ 76.375516126882957, 17.490219880104352 ], [ 76.368244095638616, 17.483201236229103 ], [ 76.350361303880206, 17.474175012944393 ], [ 76.330687299302937, 17.470193578735397 ], [ 76.333262471334905, 17.433901018488552 ], [ 76.353483576568422, 17.437300998747375 ], [ 76.371510400979076, 17.436423623893948 ], [ 76.37107024379641, 17.413432072816331 ], [ 76.36342654467505, 17.377668064744668 ], [ 76.409120541616772, 17.371387755721095 ], [ 76.412188658064608, 17.351067743786537 ], [ 76.396607768061415, 17.347103938051735 ], [ 76.383159923699694, 17.314525717506861 ], [ 76.354011677991068, 17.314316458554412 ], [ 76.354285840637345, 17.324400951826679 ], [ 76.345299242379554, 17.354448123081678 ], [ 76.31434413243835, 17.348389847559325 ], [ 76.312028205501562, 17.346014343577608 ], [ 76.318857207999088, 17.338141511393516 ], [ 76.317663427200998, 17.332375663626173 ], [ 76.276360435599443, 17.334574176222251 ], [ 76.272009136198449, 17.360591867625786 ], [ 76.267021147858316, 17.36347513531798 ], [ 76.250727525440084, 17.360432779762363 ], [ 76.250427975324541, 17.369680779302733 ], [ 76.24458167866365, 17.371539281544003 ], [ 76.24208711712167, 17.378837116409674 ], [ 76.228530432089215, 17.375843607192529 ], [ 76.229444867714577, 17.365205351077257 ], [ 76.212357616731211, 17.361987225302244 ], [ 76.196391954826353, 17.363666653507519 ], [ 76.170314748817759, 17.352624210709561 ], [ 76.17657877661361, 17.324614941472532 ], [ 76.179256320765532, 17.318574431444265 ], [ 76.183248162073824, 17.31943467366461 ], [ 76.176314990963036, 17.300787458511991 ], [ 76.165079387481356, 17.303334964112651 ], [ 76.162617846862091, 17.345220100071668 ], [ 76.141051598243777, 17.353490585491411 ], [ 76.118953345588622, 17.370504290638948 ], [ 76.099739772218484, 17.364650670629079 ], [ 76.089378698447035, 17.353133039979028 ], [ 76.093470564551907, 17.349351015846896 ], [ 76.087496608796513, 17.336508193817725 ], [ 76.079130026525064, 17.331602428445517 ], [ 76.072136109826985, 17.335314746686429 ], [ 76.060535216112584, 17.355307741706717 ], [ 76.028531807392127, 17.351136906791556 ], [ 76.014332364239763, 17.353533284009345 ], [ 76.010190753312301, 17.352384667833551 ], [ 75.998272346977572, 17.33796817528583 ], [ 75.968707136595256, 17.336467891673422 ], [ 75.930819417611048, 17.322572751511139 ], [ 75.910077536408153, 17.344518651682417 ], [ 75.894502284605053, 17.350830487132296 ], [ 75.890581856912746, 17.356522299004791 ], [ 75.895236764786006, 17.378178850860177 ], [ 75.894064083519083, 17.401195763106383 ], [ 75.884188442891585, 17.417959582165885 ], [ 75.876506083992922, 17.416143358060388 ], [ 75.875202892383328, 17.398085961274976 ], [ 75.860878135365638, 17.385594975233861 ], [ 75.856413592024978, 17.389431789273853 ], [ 75.851084063391966, 17.410525269420624 ], [ 75.830262825062107, 17.421811712981693 ], [ 75.821440660097579, 17.421222633369428 ], [ 75.813575245810682, 17.395720190645449 ], [ 75.813660135736782, 17.372759995453336 ], [ 75.806084059684594, 17.368022131742563 ], [ 75.792940532719129, 17.369697405243549 ], [ 75.780280415383189, 17.375637176889324 ], [ 75.772034618612679, 17.385744729812284 ], [ 75.765867582303883, 17.405304180054408 ], [ 75.753092747018485, 17.407132683658091 ], [ 75.733594755801462, 17.420093012220615 ], [ 75.728071685467299, 17.419418629588947 ], [ 75.712440670320504, 17.407933881607473 ], [ 75.690729418961936, 17.409473579411728 ], [ 75.683495967740029, 17.416923784277007 ], [ 75.678094450774978, 17.434055771433293 ], [ 75.678498075027932, 17.451088744347601 ], [ 75.675875889217252, 17.455943148846657 ], [ 75.658837622463409, 17.458057920843043 ], [ 75.648789528665219, 17.470327055863098 ], [ 75.63297968037844, 17.477214424729699 ], [ 75.627606640574314, 17.462766696252896 ], [ 75.621612436770775, 17.459246215928999 ], [ 75.613353168660339, 17.424741853943988 ], [ 75.606601068947754, 17.42037238206407 ], [ 75.612080394930544, 17.407400425303607 ], [ 75.613516307902159, 17.391915138390793 ], [ 75.606122784640448, 17.394478548362809 ], [ 75.59360460139257, 17.387301618417712 ], [ 75.574142606971449, 17.38329915086906 ], [ 75.580845370733812, 17.351223008319323 ], [ 75.610025168389896, 17.345040312328685 ], [ 75.612087545106291, 17.325136288668112 ], [ 75.603734325991169, 17.305503355283193 ], [ 75.622407617577181, 17.295103209859668 ], [ 75.625472739813276, 17.285319675912977 ], [ 75.630219234518407, 17.28083936337714 ], [ 75.62784893571181, 17.274339592390618 ], [ 75.654168600007552, 17.273815180544091 ], [ 75.657716052267446, 17.263207729495118 ], [ 75.661911647474, 17.214577575019344 ], [ 75.655390222829681, 17.205533057226571 ], [ 75.64259142774381, 17.197648115297827 ], [ 75.639930169719236, 17.188865075697972 ], [ 75.628434458858692, 17.188657929251832 ], [ 75.625376553808763, 17.174000318955557 ], [ 75.628259915555631, 17.162694109109921 ], [ 75.645202548195812, 17.144214792740762 ], [ 75.649531625374976, 17.134376477066148 ], [ 75.650346943516823, 17.115692335161548 ], [ 75.672288650704004, 17.115995838743778 ], [ 75.672343918126259, 17.101402755085058 ], [ 75.6757860172699, 17.095291365051512 ], [ 75.673365576382622, 17.09119865684427 ], [ 75.678738400021842, 17.077150878592509 ], [ 75.676715372171117, 17.065415865911802 ], [ 75.660395258114661, 17.064502662780932 ], [ 75.650307249907556, 17.057255011836691 ], [ 75.640998450642755, 17.037581447284385 ], [ 75.649993959189217, 17.032238080166543 ], [ 75.66969398983646, 17.038160278726266 ], [ 75.666075153103577, 16.979771603991868 ], [ 75.671837373863653, 16.975925529130251 ], [ 75.672552014821903, 16.970128763744114 ], [ 75.677082151181423, 16.969002697522718 ], [ 75.670320958110963, 16.962051968872952 ], [ 75.655398512549951, 16.961525944199895 ], [ 75.644757093423891, 16.954078801155951 ], [ 75.638206018223883, 16.957754826261862 ], [ 75.636934269096187, 16.96854445945684 ], [ 75.633931967834059, 16.970259162361813 ], [ 75.607863029922811, 16.97099707584168 ], [ 75.606887522817686, 17.004565815243897 ], [ 75.573097162147661, 17.009606460058688 ], [ 75.567218952872594, 17.009046270524756 ], [ 75.567652085990588, 16.965745872763975 ], [ 75.564132480208215, 16.967911285772626 ], [ 75.539173112141171, 16.965480292027834 ], [ 75.529314160071223, 16.969399828566623 ], [ 75.509661324287322, 16.950250228283252 ], [ 75.489077659119502, 16.944422722537983 ], [ 75.489167940587521, 16.959114583510555 ], [ 75.483236476237295, 16.975994583664914 ], [ 75.466182547527779, 16.981311701049162 ], [ 75.465552232210484, 16.988365009780878 ], [ 75.441603457402607, 16.982231095163112 ], [ 75.427877976406762, 16.966494552466187 ], [ 75.392135065258941, 16.9800906681625 ], [ 75.368543200672647, 16.97195136494102 ], [ 75.350050864784691, 16.957816472669844 ], [ 75.279602656284709, 16.956556358347029 ], [ 75.279382714420777, 16.923328329684033 ], [ 75.282901429633739, 16.909716320568613 ], [ 75.289935564938645, 16.904025804205929 ], [ 75.282029925153324, 16.880290476334373 ], [ 75.26471971812903, 16.862799814706428 ], [ 75.237660942226341, 16.867940851110003 ], [ 75.227639722059408, 16.843175504421929 ], [ 75.214202238659652, 16.841699215880364 ], [ 75.181847489600358, 16.843402317149156 ], [ 75.188987400067361, 16.875280257064468 ], [ 75.176575976567065, 16.867707026956428 ], [ 75.155553548198398, 16.868555718279598 ], [ 75.136483212100316, 16.874487897337165 ], [ 75.132459072222957, 16.88942262898793 ], [ 75.134842482499067, 16.894703917559674 ], [ 75.120322788563016, 16.902530453054872 ], [ 75.117482414676516, 16.913444668918867 ], [ 75.09630858545485, 16.913743264612979 ], [ 75.091797589096885, 16.926046319332961 ], [ 75.089333700207277, 16.951582159955134 ], [ 75.074352318105795, 16.950015407985056 ], [ 75.062035772679778, 16.941521479343429 ], [ 75.044539261693203, 16.941729555405583 ], [ 75.035766615690378, 16.932840065694631 ], [ 75.026434598128731, 16.931924992922546 ], [ 75.025234839934384, 16.928002336993398 ], [ 75.026585702803231, 16.944136297579764 ], [ 75.004495747245144, 16.946269820666434 ], [ 74.992908928033643, 16.9520704295794 ], [ 74.964355063779465, 16.947633233870729 ], [ 74.96751294928454, 16.941607576730803 ], [ 74.960636322303031, 16.939951350932429 ], [ 74.960155640012232, 16.937255693479194 ], [ 74.965675867434882, 16.929858322796314 ], [ 74.96454438258651, 16.926776346735689 ], [ 74.950417617461341, 16.932947073102827 ], [ 74.947602974693638, 16.939348809149017 ], [ 74.931707157849473, 16.94475520867406 ], [ 74.923164650604448, 16.939306557293762 ], [ 74.921775660816905, 16.929861659593321 ], [ 74.934215490925553, 16.92422837171479 ], [ 74.932655990593346, 16.918905677351741 ], [ 74.944354777517503, 16.910836815131169 ], [ 74.954857714558528, 16.91016984900444 ], [ 74.955349909918013, 16.905343065316487 ], [ 74.963578554273326, 16.909711326843507 ], [ 74.960360767441358, 16.880947233315304 ], [ 74.944382126416585, 16.88270074946595 ], [ 74.935923630972766, 16.879236356181135 ], [ 74.935221355457657, 16.871065136939801 ], [ 74.92554829341627, 16.872029848031627 ], [ 74.924018084743551, 16.867134493354559 ], [ 74.926497190005179, 16.863538296022337 ], [ 74.901515662775978, 16.862550215585912 ], [ 74.907607049294413, 16.850173603928621 ], [ 74.91029305590672, 16.835141646604374 ], [ 74.910816728410751, 16.789542335490683 ], [ 74.920143608868827, 16.772499201883679 ], [ 74.889865844744023, 16.771257398472983 ], [ 74.869358958566778, 16.77406589922381 ], [ 74.865681926344209, 16.763360269385654 ], [ 74.849820435139861, 16.772755602844356 ], [ 74.844512762095306, 16.761815453385495 ], [ 74.798744280489913, 16.753655271565215 ], [ 74.795749342670589, 16.747746935150534 ], [ 74.783365515269381, 16.751320861948127 ], [ 74.771969584861978, 16.750682254964872 ], [ 74.769371797407956, 16.744814148600128 ], [ 74.760347739253476, 16.741272911586265 ], [ 74.752764368688034, 16.73085729957409 ], [ 74.732091745113578, 16.718324016706639 ], [ 74.691019488516673, 16.715541549954498 ], [ 74.687725038112234, 16.708603683431825 ], [ 74.689398673667654, 16.686464135958612 ], [ 74.680824998687456, 16.685891743380591 ], [ 74.681085716463244, 16.680909110726251 ], [ 74.688862697890769, 16.681541780163307 ], [ 74.689550346498208, 16.677025660823752 ], [ 74.679023336435179, 16.67309538756022 ], [ 74.67950476969466, 16.666170484293666 ], [ 74.66516393436325, 16.66567151835342 ], [ 74.653478151946913, 16.63882945074959 ], [ 74.659050216785573, 16.631667685912149 ], [ 74.669805198308779, 16.629399892196741 ], [ 74.687572506655528, 16.617885359754418 ], [ 74.689860186765728, 16.613142833753265 ], [ 74.686981819515353, 16.606788009799949 ], [ 74.673830887231389, 16.60920187426661 ], [ 74.659987115475886, 16.602899107777855 ], [ 74.640013675620025, 16.610453803419517 ], [ 74.633353312794142, 16.600358832055147 ], [ 74.635857173813605, 16.583914687700933 ], [ 74.628633253562853, 16.577731931103063 ], [ 74.618798524397377, 16.58407198428413 ], [ 74.617083490726259, 16.575865422048086 ], [ 74.609515380527668, 16.569591308494086 ], [ 74.598960530765154, 16.564310306392851 ], [ 74.587877678852095, 16.566102266373637 ], [ 74.584641889884878, 16.559125265338015 ], [ 74.574595136338232, 16.558942194204779 ], [ 74.573814098603407, 16.553912957551596 ], [ 74.568536739154652, 16.55386871314602 ], [ 74.560646958302257, 16.562622980809621 ], [ 74.554846126079823, 16.564511924510107 ], [ 74.556016381985927, 16.573564971418033 ], [ 74.564660252164316, 16.579647699215435 ], [ 74.566894248125536, 16.585388588565326 ], [ 74.558773287303907, 16.59465322807857 ], [ 74.543492702943695, 16.595318582531196 ], [ 74.544488996173357, 16.635468674913575 ], [ 74.489033828467655, 16.630144834944268 ], [ 74.47671762958197, 16.644469797267032 ], [ 74.471712202550208, 16.664054765118721 ], [ 74.468742531618574, 16.663802979328814 ], [ 74.456397894543656, 16.655046372145758 ], [ 74.458345116504617, 16.648681669073049 ], [ 74.454782385321352, 16.647295478830102 ], [ 74.465809054558335, 16.624721025632279 ], [ 74.464102831514282, 16.615094698401759 ], [ 74.466711460705625, 16.606822362260964 ], [ 74.43543814524871, 16.601059950827743 ], [ 74.426338638468565, 16.595739831327862 ], [ 74.422145307804826, 16.584511530104599 ], [ 74.396625927304356, 16.583267517697248 ], [ 74.39290689576562, 16.564883467203401 ], [ 74.386902118593156, 16.559938224377696 ], [ 74.387149885688004, 16.536197160332609 ], [ 74.379832560550881, 16.528592264510571 ], [ 74.357925491548698, 16.538342023585155 ], [ 74.356108448355201, 16.54975536369707 ], [ 74.359081282977698, 16.555751593735611 ], [ 74.356246561597715, 16.559747326159101 ], [ 74.353989234691639, 16.558920558031733 ], [ 74.355120887605793, 16.555063156033984 ], [ 74.345715190108294, 16.555000441837961 ], [ 74.339690504159421, 16.547757413349029 ], [ 74.334880168647786, 16.547880259094825 ], [ 74.325172977653054, 16.556297489071422 ], [ 74.315713407880665, 16.554454677101429 ], [ 74.315122773875174, 16.504597503173198 ], [ 74.306142651147468, 16.50369289807286 ], [ 74.301371352515233, 16.529269533489135 ], [ 74.291595818820824, 16.533882356186567 ], [ 74.28313833162278, 16.524589278890563 ], [ 74.28108899283545, 16.541097663302786 ], [ 74.277125759384745, 16.545248936781974 ], [ 74.270544157492154, 16.547963893714247 ], [ 74.264442538436782, 16.540444103792428 ], [ 74.269549208449106, 16.522477453154661 ], [ 74.276102717815689, 16.521308245650275 ], [ 74.278216233783212, 16.504914507092032 ], [ 74.252509475816652, 16.500617524617816 ], [ 74.247372776206788, 16.496913200162293 ], [ 74.25663163923096, 16.489537390835331 ], [ 74.260770148469348, 16.480096595009847 ], [ 74.274381508747766, 16.485626542651691 ], [ 74.274580643739199, 16.494025550673477 ], [ 74.279660567882161, 16.504825265092165 ], [ 74.290895008142201, 16.50490207494288 ], [ 74.292182355979008, 16.485705365988363 ], [ 74.288453862406172, 16.477225288155314 ], [ 74.28927516884302, 16.462970503207533 ], [ 74.297047260476717, 16.464536940967239 ], [ 74.312456280573116, 16.453235323868405 ], [ 74.332591559464589, 16.454758759742333 ], [ 74.329711518469878, 16.447199020046565 ], [ 74.336233920148587, 16.4456710331206 ], [ 74.332694051626476, 16.436850645695582 ], [ 74.336736054636035, 16.428806655076098 ], [ 74.32885332424425, 16.419047646057678 ], [ 74.335054344956092, 16.401407378472541 ], [ 74.344804008779406, 16.405532086156597 ], [ 74.363694310591114, 16.405091320754543 ], [ 74.36290629512601, 16.395523797146311 ], [ 74.35357627454664, 16.381877720575385 ], [ 74.353409908302396, 16.366418742512653 ], [ 74.347297218551859, 16.368315811154766 ], [ 74.340644918384825, 16.388668201361671 ], [ 74.335869380792772, 16.393741567597953 ], [ 74.32749298266981, 16.391499210176075 ], [ 74.324840662769176, 16.378288177232335 ], [ 74.3171926358294, 16.381003743970908 ], [ 74.324767473570432, 16.359936051705613 ], [ 74.317639661682705, 16.353052774709507 ], [ 74.327034633587417, 16.342509468470872 ], [ 74.315320272389215, 16.340079970875365 ], [ 74.316563873060403, 16.336187832293113 ], [ 74.322504842622934, 16.334368590855611 ], [ 74.316606630894285, 16.326561546085486 ], [ 74.328745032630849, 16.323747470177029 ], [ 74.331293484378236, 16.320666566679272 ], [ 74.324614318018277, 16.316658424225672 ], [ 74.325156494384174, 16.313682022952818 ], [ 74.333218147421121, 16.313451218617381 ], [ 74.334744486592626, 16.309028030509296 ], [ 74.331917004414748, 16.305252418390396 ], [ 74.335907534661558, 16.30709217605202 ], [ 74.342548188654561, 16.298027337615387 ], [ 74.342013020207546, 16.291177230882983 ], [ 74.334721973466742, 16.289605648764976 ], [ 74.327960638089664, 16.293246114810312 ], [ 74.325775433118608, 16.285586685447164 ], [ 74.320825743682818, 16.28447545221367 ], [ 74.324933760278199, 16.271756260288051 ], [ 74.334149700733093, 16.268798857073445 ], [ 74.33332715471353, 16.275971572816797 ], [ 74.338434331275522, 16.271404381088903 ], [ 74.343349542192399, 16.273088434639284 ], [ 74.343784401403411, 16.278076805318911 ], [ 74.350460266099361, 16.275366734834559 ], [ 74.353710269833527, 16.282821893540678 ], [ 74.343096195708426, 16.290350531635969 ], [ 74.345596916512534, 16.293762512329973 ], [ 74.359297059776722, 16.290584513069234 ], [ 74.368283911495169, 16.266863593946297 ], [ 74.373008806864206, 16.261635701593072 ], [ 74.380635935380113, 16.26196800602089 ], [ 74.382607907266035, 16.277358004802036 ], [ 74.414394836089869, 16.282651090774053 ], [ 74.417610723864129, 16.258000652173326 ], [ 74.435771454890798, 16.258834633778413 ], [ 74.435551662027734, 16.251146675267474 ], [ 74.4548349108331, 16.253392965967365 ], [ 74.456094037407638, 16.24386463723765 ], [ 74.468620550931391, 16.240185430475947 ], [ 74.480479514297826, 16.2501256569996 ], [ 74.490346970884161, 16.234889268621817 ], [ 74.495213388223959, 16.234904723109633 ], [ 74.503101884049315, 16.225405694172537 ], [ 74.495925964886027, 16.214300565115607 ], [ 74.501255052500809, 16.205529960094523 ], [ 74.507995224889214, 16.202258306431116 ], [ 74.505841392619814, 16.201357963184069 ], [ 74.50623958276482, 16.19024372376435 ], [ 74.49378645246874, 16.186448561477263 ], [ 74.489552210584264, 16.177415993351737 ], [ 74.488367376899816, 16.157262308716426 ], [ 74.479832404259298, 16.147125070947844 ], [ 74.485105444944381, 16.142303527472073 ], [ 74.490836155480594, 16.116717371353381 ], [ 74.491231121064132, 16.104305108723747 ], [ 74.485097817031829, 16.098369857676023 ], [ 74.484304901721998, 16.091468248214618 ], [ 74.481555380595751, 16.088889519091321 ], [ 74.472727559417621, 16.090603967581256 ], [ 74.458681278335391, 16.103794949744859 ], [ 74.442897390992215, 16.105338892083406 ], [ 74.42761928598263, 16.111965050873515 ], [ 74.409971929631311, 16.102120351129408 ], [ 74.40695641280476, 16.093508155432595 ], [ 74.390035178522623, 16.089462469483067 ], [ 74.390858893355244, 16.080484902051886 ], [ 74.383624492794794, 16.08292530287925 ], [ 74.381726808320906, 16.07930361745769 ], [ 74.37221852505445, 16.078210303702249 ], [ 74.371514893718256, 16.06824427579101 ], [ 74.361328190324556, 16.053835894014853 ], [ 74.37733522662613, 16.055120486307445 ], [ 74.369048791698319, 16.039219930918669 ], [ 74.373401099268818, 16.03644348325675 ], [ 74.380991264688163, 16.035483276493292 ], [ 74.402085603357676, 16.046112664344037 ], [ 74.405518427776855, 16.051836047529033 ], [ 74.429694413468454, 16.059151455623716 ], [ 74.442848744101823, 16.052806202147547 ], [ 74.450119893846306, 16.054010231356948 ], [ 74.457138392437855, 16.048226458824242 ], [ 74.462213518791714, 16.049837597324441 ], [ 74.463015618269125, 16.041619417359854 ], [ 74.456494887713092, 16.041058795429116 ], [ 74.463222957343604, 16.039191737245542 ], [ 74.450255356097898, 16.00854557491261 ], [ 74.444773454142165, 16.00304926480322 ], [ 74.443954690131363, 15.986401859057231 ], [ 74.437872732223553, 15.979896964694541 ], [ 74.438931207962312, 15.975684291988653 ], [ 74.430830425381387, 15.956582433553784 ], [ 74.386865316740725, 15.904981267803389 ], [ 74.387783793405859, 15.9013105640395 ], [ 74.393418024282553, 15.900035885030542 ], [ 74.396738692052722, 15.880360120172767 ], [ 74.392792625211641, 15.878389602938087 ], [ 74.39764991201028, 15.869970612953596 ], [ 74.40637016315128, 15.864447052601887 ], [ 74.406170681111419, 15.855376465854599 ], [ 74.39753664233946, 15.851146250814301 ], [ 74.388140296026648, 15.854252569493408 ], [ 74.386927779626419, 15.859645361523688 ], [ 74.382833211065488, 15.860044873977346 ], [ 74.376753202556927, 15.882382160816245 ], [ 74.366102845925809, 15.891313552631575 ], [ 74.368614856006332, 15.894359620395051 ], [ 74.364695115815067, 15.893861789377576 ], [ 74.363256491621172, 15.874920566508091 ], [ 74.345519278043241, 15.862288210137347 ], [ 74.346608830367984, 15.858787243728644 ], [ 74.33820901400189, 15.854918741934377 ], [ 74.345002156934882, 15.850439253611265 ], [ 74.38308536548324, 15.849104936538016 ], [ 74.3840528044678, 15.840121659974901 ], [ 74.381037023998587, 15.83538411514702 ], [ 74.379928813647624, 15.838266086166017 ], [ 74.377397800863932, 15.832224535055987 ], [ 74.373212095676948, 15.832505121533904 ], [ 74.366475003245668, 15.825885236607617 ], [ 74.365357857547252, 15.819269437273531 ], [ 74.360624896301971, 15.817779502314265 ], [ 74.36993066474848, 15.811458248813572 ], [ 74.371973855440189, 15.798242069493744 ], [ 74.369037863216604, 15.788115597696308 ], [ 74.358428784535946, 15.774833814373952 ], [ 74.345684449269257, 15.76455506347938 ], [ 74.323069720644753, 15.772676593850328 ], [ 74.318618509930275, 15.758377646160094 ], [ 74.309742947621984, 15.754894869461138 ], [ 74.30789878412638, 15.748480665330877 ], [ 74.287285234876165, 15.741977391481011 ], [ 74.268318820225176, 15.754736721960029 ], [ 74.254025449260837, 15.745150162419037 ], [ 74.242309463233099, 15.743199585794365 ], [ 74.237516467970096, 15.744634473324661 ], [ 74.22763053531196, 15.756580783789573 ], [ 74.228022401184987, 15.770700205590058 ], [ 74.234575207735489, 15.778583022441119 ], [ 74.233501308111926, 15.786994513832775 ], [ 74.227444023236359, 15.788330681323902 ], [ 74.213109571089916, 15.78005636098526 ], [ 74.208967217361163, 15.781269106873985 ], [ 74.201433372561539, 15.758620706706049 ], [ 74.189525544322365, 15.752122065747768 ], [ 74.161556596904987, 15.751294459240022 ], [ 74.153302092811572, 15.743633836430609 ], [ 74.150974936739431, 15.735807737086752 ], [ 74.141840452407777, 15.73432833460598 ], [ 74.133955260884548, 15.729816513603179 ], [ 74.13075960874211, 15.723355921970358 ], [ 74.125817980024109, 15.724112600657218 ], [ 74.12216561957284, 15.720731145536684 ], [ 74.126104007052959, 15.718460328532451 ], [ 74.126183529913504, 15.707957552047102 ], [ 74.131434022765987, 15.705867972384363 ], [ 74.13212988118741, 15.702403595835204 ], [ 74.130718480649307, 15.689625494970549 ], [ 74.125770897236663, 15.68096717317615 ], [ 74.108848085712125, 15.672693736162977 ], [ 74.091364804897765, 15.674629676152957 ], [ 74.088096471794969, 15.67247290015179 ], [ 74.094227531673084, 15.663078493244205 ], [ 74.103697051261562, 15.657607854844692 ], [ 74.110941418267615, 15.657693350813711 ], [ 74.118264514850921, 15.652031642327358 ], [ 74.113885507564419, 15.646127429676419 ], [ 74.094293705619478, 15.642367360957852 ], [ 74.078494581161792, 15.631757190075728 ], [ 74.065766738919351, 15.629683748638875 ], [ 74.063168987444584, 15.62638036680158 ], [ 74.061614394834649, 15.628529779836605 ], [ 74.031156080043445, 15.622611328358198 ], [ 74.025399893862414, 15.609443579157642 ], [ 74.020797190815429, 15.606085183698648 ], [ 74.008835255736798, 15.610158691946042 ], [ 73.993358543400333, 15.610638108864029 ], [ 73.979050525744057, 15.627125474819984 ], [ 73.970783562771459, 15.62741236301297 ], [ 73.967857801316939, 15.630577226491818 ], [ 73.961082967617997, 15.64555857738379 ], [ 73.967822342703613, 15.660250709608455 ], [ 73.962691115239451, 15.673258673234558 ], [ 73.963760468117343, 15.69232178387788 ], [ 73.959225528192974, 15.700057078647751 ], [ 73.952940482803172, 15.699526867046927 ], [ 73.9515227258686, 15.696450045770124 ], [ 73.94369517024333, 15.696936472420509 ], [ 73.948558171923949, 15.703537217931805 ], [ 73.947165525169311, 15.709826531447884 ], [ 73.952330550820449, 15.714401945734535 ], [ 73.94174114705072, 15.729190291177922 ], [ 73.93872529522838, 15.743332258945118 ], [ 73.914801860318576, 15.745442473945927 ], [ 73.906983714539408, 15.749968383139541 ], [ 73.899181404767944, 15.745995695899651 ], [ 73.875695054802719, 15.751283050626517 ], [ 73.873058507005084, 15.760877008231313 ], [ 73.880088838618875, 15.774320946804311 ], [ 73.866066285404244, 15.785341818853945 ], [ 73.867503526762576, 15.797029462915392 ], [ 73.863395904546493, 15.798789813940006 ], [ 73.855708058731707, 15.801016637913035 ], [ 73.853820455619854, 15.798607273106134 ], [ 73.847065415013518, 15.785798849546731 ], [ 73.85266656565237, 15.780919998530889 ], [ 73.843909093648946, 15.781127827044598 ], [ 73.838486605671463, 15.767563243286034 ], [ 73.829748264515288, 15.76432882416435 ], [ 73.830803340688476, 15.753869068902137 ], [ 73.826635528583736, 15.743382663565747 ], [ 73.820954907604587, 15.739855166724514 ], [ 73.809428338988653, 15.742030782661983 ], [ 73.806638126797353, 15.737681903922091 ], [ 73.797228419237655, 15.734219284531838 ], [ 73.793157939617615, 15.737229117287267 ], [ 73.784974042025254, 15.726125248564964 ], [ 73.765165372136209, 15.733873722598211 ], [ 73.742836161375791, 15.736574931029486 ], [ 73.731735271817911, 15.728637068438205 ], [ 73.720879706515319, 15.725665335257178 ], [ 73.71427654738811, 15.729919613889439 ], [ 73.70777429503309, 15.729487194610897 ], [ 73.706808981865052, 15.732423930671672 ], [ 73.695492280449784, 15.724020382315214 ], [ 73.687554206995586, 15.729884885201235 ], [ 73.678474186610686, 15.72895659718529 ], [ 73.676879032114826, 15.725892326759096 ], [ 73.663732255371812, 15.740493399137701 ], [ 73.655334578529235, 15.740987508034561 ], [ 73.649862048534644, 15.744899961921165 ], [ 73.664354225446047, 15.753101853378574 ], [ 73.654806525071564, 15.788083697131405 ], [ 73.656258020581944, 15.795760402144744 ], [ 73.636050167578162, 15.815443223673492 ], [ 73.639389746578942, 15.820509330162846 ], [ 73.628217873013057, 15.848040800842131 ], [ 73.6230876720807, 15.855452125409643 ], [ 73.613555282046576, 15.854768760115991 ], [ 73.588723572278198, 15.908031066393004 ], [ 73.586294444095955, 15.910792026417418 ], [ 73.569248893137299, 15.912950482581323 ], [ 73.567094815701651, 15.919415816551666 ], [ 73.548434108424615, 15.927785753230442 ], [ 73.535664886971958, 15.939164571657248 ], [ 73.53080114998761, 15.932322044142662 ], [ 73.518692555570723, 15.941340988227147 ], [ 73.512562287655697, 15.93820254006163 ], [ 73.510108821966497, 15.940459786041435 ], [ 73.50243675140149, 15.956079540906762 ], [ 73.504756963555295, 15.965312691063106 ], [ 73.489280276736466, 15.988491191996276 ], [ 73.490936956641519, 16.01113082570815 ], [ 73.484360946788868, 16.033712544257444 ], [ 73.477153075760626, 16.041413448060332 ], [ 73.466538387328455, 16.046032604943818 ], [ 73.469110799468169, 16.050163579045407 ], [ 73.467216272711767, 16.053727764372113 ], [ 73.460464141497567, 16.055389905474073 ], [ 73.460066115495124, 16.05265101981848 ], [ 73.456427852428064, 16.052679263323956 ], [ 73.454764110689084, 16.061939716456916 ], [ 73.464903633563111, 16.066976798941056 ], [ 73.462045234166666, 16.069348982584486 ], [ 73.464749993821044, 16.076162077363037 ], [ 73.463434750291214, 16.079428870691284 ], [ 73.457359426736971, 16.07988730231402 ], [ 73.45816691594581, 16.086034958965104 ], [ 73.464920552400727, 16.086936988686109 ], [ 73.458596573561252, 16.090957345624492 ], [ 73.457820432341919, 16.117589136760937 ], [ 73.439643531260543, 16.191333494889747 ], [ 73.435385330205946, 16.199759337221543 ], [ 73.429874499916622, 16.198895003164278 ], [ 73.427056723938435, 16.203654555852143 ], [ 73.423264008306987, 16.230917121787687 ], [ 73.415294774473224, 16.254617893631053 ], [ 73.418846694161658, 16.258075872253865 ], [ 73.414656773799891, 16.25818753816343 ], [ 73.403972253699436, 16.298260763335907 ], [ 73.399864095893349, 16.299805544591234 ], [ 73.39420081238805, 16.313181652777264 ], [ 73.396124146557881, 16.319350898710038 ], [ 73.393251762238791, 16.331934298618286 ], [ 73.386125095938937, 16.336456751988642 ], [ 73.390370562359863, 16.346671129490293 ], [ 73.3866803849549, 16.358423619967748 ], [ 73.368920094648416, 16.362925640235453 ], [ 73.372234179318227, 16.371000169670715 ], [ 73.366884316439453, 16.377893869143612 ], [ 73.371282728701928, 16.389563362558814 ], [ 73.365633817182854, 16.397399544271416 ], [ 73.367959494166783, 16.400754848183407 ], [ 73.366114641410263, 16.414799880482125 ], [ 73.357686416541199, 16.425018182240709 ], [ 73.358669672362026, 16.441660447113893 ], [ 73.350816295478765, 16.443888180969239 ], [ 73.346897094184541, 16.450365134287139 ], [ 73.343351541094606, 16.474157515812397 ], [ 73.333174496824782, 16.485827445510825 ], [ 73.32438549705239, 16.514616487803199 ], [ 73.316946399989547, 16.514184311121216 ], [ 73.319061977888396, 16.518886034975033 ], [ 73.316897791862445, 16.529826249279147 ], [ 73.310870637967724, 16.541439455835825 ], [ 73.314919543526628, 16.541582660196539 ], [ 73.319394634999611, 16.553410130322838 ], [ 73.32492075130989, 16.552661298520491 ], [ 73.326037392099153, 16.556958816348619 ], [ 73.333147938517797, 16.557359652355295 ], [ 73.327360584075848, 16.565898244443606 ], [ 73.344674009369754, 16.569651339345665 ], [ 73.345251358209381, 16.572583949685374 ], [ 73.34485963885578, 16.576971372852984 ], [ 73.340237888320885, 16.580574208967143 ], [ 73.333331280891784, 16.576765077503055 ], [ 73.323350821442389, 16.582277067479126 ], [ 73.317420663785398, 16.601666992606447 ], [ 73.320694510285392, 16.606870853607266 ], [ 73.325456143485823, 16.605080968461493 ], [ 73.330735911327778, 16.608630080100298 ], [ 73.339403086581157, 16.604684024059839 ], [ 73.347801203476706, 16.612584284321752 ], [ 73.352456809855894, 16.608212161319713 ], [ 73.353453576474564, 16.607757377065671 ], [ 73.352316078822753, 16.615927506582185 ], [ 73.355194577386229, 16.618950628863772 ], [ 73.352147747272184, 16.624889508053396 ], [ 73.34569602783931, 16.620725833868157 ], [ 73.337449482336226, 16.623601279444376 ], [ 73.333539538867683, 16.618634206072102 ], [ 73.330450551559949, 16.619858850166946 ], [ 73.334012982975224, 16.626293780521788 ], [ 73.339919094166007, 16.626265279382405 ], [ 73.342223698709248, 16.629296773747587 ], [ 73.339106318894807, 16.637805436658752 ], [ 73.32943950650089, 16.641792950868808 ], [ 73.32745312666917, 16.637109362230763 ], [ 73.323018324682948, 16.638616681310889 ], [ 73.323784675317313, 16.646778408024147 ], [ 73.328229392816553, 16.645690403606206 ], [ 73.333054814993716, 16.650573750519921 ], [ 73.329715912122225, 16.687394889576112 ], [ 73.319108026068633, 16.697742854883124 ], [ 73.319210906688241, 16.706386017136939 ], [ 73.305389602653065, 16.73027712770595 ], [ 73.307099391798275, 16.747948620288863 ], [ 73.304441990486666, 16.765871816855238 ], [ 73.310313589574591, 16.78450295384085 ], [ 73.319138114025748, 16.795338387364154 ], [ 73.31619186363973, 16.806104574309543 ], [ 73.303107163368736, 16.809477722669591 ], [ 73.296354560018997, 16.816381179881045 ], [ 73.295046841195258, 16.839132184870781 ], [ 73.289138568773353, 16.844292134342869 ], [ 73.294187396806308, 16.850171294068712 ], [ 73.291586501286517, 16.852209972315219 ], [ 73.293536661349307, 16.85603421503243 ], [ 73.289385774428439, 16.858368784963009 ], [ 73.295575197328247, 16.85791703506229 ], [ 73.295801781422483, 16.860357159263504 ], [ 73.293804386406094, 16.870500725651016 ], [ 73.287602624133967, 16.87491592672939 ], [ 73.287430080568569, 16.880895916052424 ], [ 73.303002551336689, 16.891410531013253 ], [ 73.293870026007468, 16.898444461528246 ], [ 73.287549438882905, 16.897290464921959 ], [ 73.287946955825447, 16.894086274492039 ], [ 73.278576086191762, 16.893036714891331 ], [ 73.281652303481309, 16.898087556709555 ], [ 73.28072806065822, 16.904752362064183 ], [ 73.285273680262378, 16.90818076392787 ], [ 73.287578610421093, 16.916408559726229 ], [ 73.283295439389846, 16.930798530286868 ], [ 73.287538210061115, 16.931255661306242 ], [ 73.287907962824178, 16.936909397457473 ], [ 73.283183529928294, 16.95036797706058 ], [ 73.292500690145374, 16.955011690514151 ], [ 73.296503063050878, 16.967277705508117 ], [ 73.295416589079679, 16.978934983695364 ], [ 73.29971793684453, 16.981884012736831 ], [ 73.279280058175175, 16.993400049473525 ], [ 73.276184657469102, 16.984806221551722 ], [ 73.271235990741502, 16.985092181924689 ], [ 73.267259293060235, 16.990951719549539 ], [ 73.267813946631691, 16.997471988439226 ], [ 73.270236752680731, 16.999973967679502 ], [ 73.274017712491457, 16.997724267795121 ], [ 73.276956281505718, 17.001497558172556 ], [ 73.279151069830476, 16.997602615947681 ], [ 73.281808636235482, 16.998495071918448 ], [ 73.284053301572115, 17.011096226404046 ], [ 73.276040771101776, 17.023449954986329 ], [ 73.267740361125661, 17.024985417876856 ], [ 73.26568863546369, 17.020926831289163 ], [ 73.258639900517565, 17.019859342220141 ], [ 73.25536795483481, 17.027712699055122 ], [ 73.258675864789069, 17.031755541894114 ], [ 73.258212549581074, 17.048774976225157 ], [ 73.268867196673625, 17.044864655768539 ], [ 73.267700523307369, 17.038393799446634 ], [ 73.279141340209307, 17.037559824788474 ], [ 73.286708201028134, 17.054251231143784 ], [ 73.289051865884304, 17.074409691866027 ], [ 73.287736470270175, 17.078029539872954 ], [ 73.28347795445228, 17.078828114447244 ], [ 73.286309550672016, 17.084474192706036 ], [ 73.282042414643925, 17.108568947263656 ], [ 73.277776439720498, 17.113415735365216 ], [ 73.269159136894217, 17.112728955512171 ], [ 73.267647348593385, 17.114743590873619 ], [ 73.272313252475698, 17.121217079332098 ], [ 73.265153076711613, 17.155129029549222 ], [ 73.253446473935426, 17.18830807238114 ], [ 73.24873169730833, 17.192202763668977 ], [ 73.244930253943835, 17.190549721592753 ], [ 73.23640331416938, 17.193889472968305 ], [ 73.231626205665805, 17.199143800080943 ], [ 73.233282648121119, 17.201522554953502 ], [ 73.24252848518087, 17.198161948204881 ], [ 73.246639986289011, 17.204306930780124 ], [ 73.24469052768201, 17.222389727516084 ], [ 73.241553866946262, 17.227586979251782 ], [ 73.235427881355164, 17.227616962487318 ], [ 73.231256281375764, 17.246726968432153 ], [ 73.224100695440427, 17.248418956456945 ], [ 73.228501742637278, 17.251059711396145 ], [ 73.2266574322108, 17.25648380720132 ], [ 73.22272438720023, 17.255800769026216 ], [ 73.219775678531192, 17.270354981842846 ], [ 73.210221174428995, 17.278039870281557 ], [ 73.210043367386575, 17.270841253877361 ], [ 73.205611449971315, 17.269571332596854 ], [ 73.201605938678242, 17.282004978545835 ], [ 73.202988270567758, 17.2892171325825 ], [ 73.190638505933123, 17.299308881190374 ], [ 73.196901758106307, 17.306796996242003 ], [ 73.205415268964458, 17.299156904211429 ], [ 73.211673072130608, 17.30336658215602 ], [ 73.211509098252662, 17.307014529078504 ], [ 73.222651231088548, 17.306325114817859 ], [ 73.226141808126911, 17.301850866687637 ], [ 73.225103926947128, 17.295629777558805 ], [ 73.229247480097882, 17.282477702020991 ], [ 73.233155240380384, 17.285772369577142 ], [ 73.240602335613232, 17.285349751319345 ], [ 73.249436999524022, 17.27992613634861 ], [ 73.257597123335898, 17.279764990461171 ], [ 73.258770707830934, 17.28603013189425 ], [ 73.255409939627043, 17.290776447055354 ], [ 73.235556379165644, 17.288107995544429 ], [ 73.234962822378705, 17.303694324759043 ], [ 73.239282727565936, 17.30986624385876 ], [ 73.238762810979622, 17.317041469560117 ], [ 73.224612325140043, 17.322295140315951 ], [ 73.218902371733904, 17.328550151179293 ], [ 73.219899560515856, 17.333104933449704 ], [ 73.229256910436945, 17.33398199770447 ], [ 73.229447382663082, 17.335161180846725 ], [ 73.226107449587232, 17.334344468139754 ], [ 73.214806083883275, 17.346314297794493 ], [ 73.219104161228358, 17.35307259531848 ], [ 73.211317168316754, 17.360728343302721 ], [ 73.21359465871987, 17.37016314939962 ], [ 73.208956157809681, 17.371883078106215 ], [ 73.210670804785167, 17.376296830238495 ], [ 73.205581132131286, 17.387330288544781 ], [ 73.202046211530515, 17.389742104680131 ], [ 73.196415806580191, 17.385662274723796 ], [ 73.192813849683361, 17.387618635976846 ], [ 73.191092048511564, 17.384189152043305 ], [ 73.183331287476591, 17.384076694222241 ], [ 73.175212046659027, 17.389625241634441 ], [ 73.167696433487791, 17.403052707276427 ], [ 73.168845764001631, 17.409711921958685 ], [ 73.176748947070294, 17.40781430173379 ], [ 73.186102497825615, 17.415011412871305 ], [ 73.186001915853083, 17.430211631468197 ], [ 73.198651290828323, 17.439085601173215 ], [ 73.19698114760574, 17.441960366714618 ], [ 73.184527568361645, 17.443138179242922 ], [ 73.184497424363713, 17.455705208771864 ], [ 73.192313563476674, 17.463859881465954 ], [ 73.192180437474121, 17.469957371653251 ], [ 73.173925592920796, 17.516907267260539 ], [ 73.161038284353481, 17.528735366565975 ], [ 73.15383485941274, 17.528196804262272 ], [ 73.151002698250096, 17.537674311812175 ], [ 73.141141942967579, 17.546740298884163 ], [ 73.137101659692917, 17.555890979468323 ], [ 73.139998513086425, 17.570202294494237 ], [ 73.150184358803088, 17.574128465487966 ], [ 73.152733139128131, 17.598709329220501 ], [ 73.148208490729886, 17.598693460888253 ], [ 73.138315421553074, 17.609597176174059 ], [ 73.1351160636017, 17.628228766557719 ], [ 73.127549957657052, 17.638028769198602 ], [ 73.134800728070473, 17.647613616048286 ], [ 73.131704605652345, 17.656218658444281 ], [ 73.12090933068302, 17.667460793421924 ], [ 73.114277909592474, 17.685733027349698 ], [ 73.114346847944844, 17.695171836629783 ], [ 73.125320593405277, 17.699441531035138 ], [ 73.129317450675373, 17.706127142717161 ], [ 73.132642953663293, 17.705816134874876 ], [ 73.135151027748464, 17.708645637050196 ], [ 73.133095841017621, 17.724417216607979 ], [ 73.125160106797409, 17.741823380377536 ], [ 73.125889054024398, 17.752846205150441 ], [ 73.119336057983546, 17.759658862469642 ], [ 73.121220058544921, 17.766698836596788 ], [ 73.117902901400072, 17.766820370262764 ], [ 73.110810330962835, 17.790186903833092 ], [ 73.106593250256608, 17.793018648438924 ], [ 73.103149496889017, 17.802982057904462 ], [ 73.094040428179611, 17.811710307838133 ], [ 73.08935797987678, 17.812340517130565 ], [ 73.096270499346303, 17.825849425706156 ], [ 73.088707364231425, 17.835188451987204 ], [ 73.085166800397644, 17.856854128471802 ], [ 73.075565657634968, 17.875461501894819 ], [ 73.075002403923705, 17.882525677548326 ], [ 73.070190290090508, 17.882118612024797 ], [ 73.066823884475824, 17.886819390383817 ], [ 73.06795571494672, 17.891319509599722 ], [ 73.061453344185736, 17.89211169572129 ], [ 73.051208109042648, 17.906341250544138 ], [ 73.054701832108478, 17.909616695866262 ], [ 73.050883239284971, 17.930746562151768 ], [ 73.046433282930366, 17.934508281033715 ], [ 73.038567428825303, 17.935235129944846 ], [ 73.030806050859482, 17.942814535106326 ], [ 73.030261708140245, 17.968027465610994 ], [ 73.040264506492846, 17.978437787404172 ], [ 73.030658938273987, 17.989797636831842 ], [ 73.019388678021983, 17.989838190893227 ], [ 73.018156170337079, 17.992848242506771 ], [ 73.021111767751904, 17.993316100781325 ], [ 73.015281218040812, 18.007668878470348 ], [ 73.008497083486532, 18.010658599277669 ], [ 73.005129284906886, 18.019665511854782 ], [ 73.021294993762012, 18.027453314335585 ], [ 73.014440765047894, 18.033601596313776 ], [ 73.006063093745013, 18.052059746342444 ], [ 73.000861147824054, 18.055022945484343 ], [ 72.99542338326718, 18.050125781746019 ], [ 72.990375615999213, 18.055766226661255 ], [ 72.994793519879778, 18.067626170082857 ], [ 72.999160080023856, 18.06954965877696 ], [ 72.996833197296652, 18.084213859225823 ], [ 72.98791102602712, 18.102623296806012 ], [ 72.979789621261489, 18.108068508140711 ], [ 72.971028443063318, 18.132889619646388 ], [ 72.981342991759078, 18.137033531324398 ], [ 72.988658868968372, 18.157899980962338 ], [ 72.980624411414126, 18.187198697989523 ], [ 72.980932606242988, 18.196286012904803 ], [ 72.956395434159617, 18.219636396009083 ], [ 72.945082558212505, 18.2240739696297 ], [ 72.938727391287074, 18.217324918542939 ], [ 72.931778404742104, 18.220420313435479 ], [ 72.93500910927699, 18.22861425875065 ], [ 72.942563692822702, 18.234075167185029 ], [ 72.940190620630574, 18.264070493078563 ], [ 72.935283283205493, 18.27257182498051 ], [ 72.938048079433173, 18.283722077874938 ], [ 72.948308989191318, 18.284998748854878 ], [ 72.954474434327082, 18.277958092072303 ], [ 72.964305303471548, 18.280167352954834 ], [ 72.97145971282967, 18.273094380765475 ], [ 72.973020784215606, 18.266164199998755 ], [ 72.981152377423612, 18.270529960228366 ], [ 72.980645288177612, 18.276648829414196 ], [ 72.98648136501771, 18.28227881002115 ], [ 72.979388856816769, 18.297884454358886 ], [ 72.970068987376976, 18.299848448800024 ], [ 72.968410090372444, 18.309412808390359 ], [ 72.964194593260331, 18.314489954488579 ], [ 72.960449258289046, 18.311841989986817 ], [ 72.955910787820002, 18.315859295453379 ], [ 72.960000838521879, 18.320966312490121 ], [ 72.953867084077331, 18.334963670620173 ], [ 72.942306618172992, 18.344387180647182 ], [ 72.93514972297568, 18.344159654683143 ], [ 72.936601841879579, 18.349552874213057 ], [ 72.933530454385505, 18.351634176517827 ], [ 72.918828766344078, 18.348611220282564 ], [ 72.912978671126439, 18.361627964811809 ], [ 72.913052816725497, 18.368083537860539 ], [ 72.925077623661565, 18.377368772642441 ], [ 72.925945928127874, 18.383438512758108 ], [ 72.922926731850296, 18.393082009962171 ], [ 72.913255199117998, 18.394012203647517 ], [ 72.909351463335639, 18.40375962486495 ], [ 72.907035516714544, 18.402989267525442 ], [ 72.906173449923614, 18.411327043909012 ], [ 72.909759833371595, 18.422306490745889 ], [ 72.9047312948843, 18.429180643774142 ], [ 72.907098913863692, 18.437259794596596 ], [ 72.901760444794789, 18.451441689201825 ], [ 72.897284792834341, 18.458219990565148 ], [ 72.894823978630782, 18.457517406917102 ], [ 72.893732451028541, 18.471791208300285 ], [ 72.901889133171409, 18.475772631881817 ], [ 72.901889883380903, 18.492660340201294 ], [ 72.905653026315434, 18.50268588996768 ], [ 72.911092242924283, 18.502559145579994 ], [ 72.911622640872125, 18.518682475516549 ], [ 72.905316207838709, 18.53855597593672 ], [ 72.921739350737155, 18.547177281264347 ], [ 72.921157963459891, 18.550552894559438 ], [ 72.891510598282963, 18.606215742922899 ], [ 72.883534264855953, 18.617122134676897 ], [ 72.880952828629134, 18.618451476984088 ], [ 72.880161482053893, 18.615454811731588 ], [ 72.87795636956767, 18.617952986899564 ], [ 72.878128357024409, 18.624662057434183 ], [ 72.875574567135743, 18.622397786213035 ], [ 72.874050344176879, 18.628029671336527 ], [ 72.878139147850916, 18.630814331491081 ], [ 72.870141533196573, 18.633156561971692 ], [ 72.861249848179781, 18.629699443950468 ], [ 72.864056498666699, 18.645427710148642 ], [ 72.860705939864786, 18.649430425289665 ], [ 72.859189448698174, 18.684190229811392 ], [ 72.851052345922525, 18.698832378808397 ], [ 72.857799753669681, 18.706202311782238 ], [ 72.862246451647678, 18.720779050296276 ], [ 72.860431336651118, 18.742229811089114 ], [ 72.864302427510964, 18.758471671572359 ], [ 72.858646621969967, 18.7707005926185 ], [ 72.861675461953297, 18.779556038690259 ], [ 72.860799110648088, 18.791762529113367 ], [ 72.869215043642726, 18.810791317827093 ], [ 72.874366896118829, 18.80456775613747 ], [ 72.886423222599916, 18.804986829217022 ], [ 72.88955481866742, 18.800528242952538 ], [ 72.896325906117255, 18.801921625485011 ], [ 72.899035854979232, 18.80590150039599 ], [ 72.908563442745404, 18.800135714494765 ], [ 72.914489332603807, 18.800324643712894 ], [ 72.915545969893387, 18.80632938340306 ], [ 72.923985498555936, 18.812659674498668 ], [ 72.927388610564833, 18.820894315082956 ], [ 72.945151625040495, 18.826382467397334 ], [ 72.94610770468887, 18.812728984395068 ], [ 72.949503236280563, 18.815420683849524 ], [ 72.957132532115111, 18.799230215759525 ], [ 72.987725589607663, 18.783355351796903 ], [ 72.995943173473037, 18.77301780724035 ], [ 72.994001878426573, 18.787112690681859 ], [ 72.978272236488039, 18.807595906727265 ], [ 72.997829969196061, 18.802603256168478 ], [ 72.999291892329197, 18.809200507456211 ], [ 72.984929310922055, 18.814985009882538 ], [ 72.975087594485785, 18.83950144713187 ], [ 72.981353045531023, 18.856746623085279 ], [ 72.995386582841462, 18.87151066907569 ], [ 72.973409413708993, 18.862800821014289 ], [ 72.96920284269585, 18.848080362261154 ], [ 72.9609940827374, 18.841038615959434 ], [ 72.950343939013223, 18.844902259398811 ], [ 72.942483819571279, 18.842367188368531 ], [ 72.934839674610188, 18.844049271481921 ], [ 72.918347907535406, 18.855407593853545 ], [ 72.915993784907286, 18.861508238863369 ], [ 72.919877918654549, 18.865224518393212 ], [ 72.913843945694936, 18.875810874247726 ], [ 72.901817341514302, 18.883756670624415 ], [ 72.904073009384319, 18.904435191787989 ], [ 72.915422058344902, 18.907588300346998 ], [ 72.921010587340021, 18.913638533619729 ], [ 72.927765129109403, 18.9144321842724 ], [ 72.93706077506647, 18.909331961238401 ], [ 72.941857180977863, 18.923093364415713 ], [ 72.938656373196139, 18.928671472167945 ], [ 72.944475126688104, 18.935550642103294 ], [ 72.940810596949547, 18.944489679963453 ], [ 72.959171301417172, 18.957162260298976 ], [ 72.950646431569155, 18.959506944934191 ], [ 72.94710896261752, 18.9868502444277 ], [ 72.902327824678451, 18.978906082628765 ], [ 72.885300427835091, 18.98147820268527 ], [ 72.879715499306954, 18.992955084819926 ], [ 72.885234420030443, 19.015238046372179 ], [ 72.878242916119689, 19.021936440204943 ], [ 72.871198735233463, 19.012896577549199 ], [ 72.862476146713973, 19.010062189696249 ], [ 72.860136761487581, 18.99922295683433 ], [ 72.854320574474144, 18.997203424514797 ], [ 72.860536789495825, 18.981470851437862 ], [ 72.856816514807463, 18.978458837053132 ], [ 72.850200935744652, 18.980244216122863 ], [ 72.854852440990769, 18.977034308634977 ], [ 72.848846106912205, 18.977746884790399 ], [ 72.8552048495023, 18.975960665592499 ], [ 72.850282246668684, 18.975646354772401 ], [ 72.853389928753302, 18.972585529783316 ], [ 72.849056774986423, 18.973522547405626 ], [ 72.850068008311624, 18.966510630468058 ], [ 72.84603775573018, 18.964812719339307 ], [ 72.849172275896947, 18.963276571795298 ], [ 72.846121245398663, 18.963032502709567 ], [ 72.848790542769237, 18.9610525831839 ], [ 72.843372309904666, 18.930294654968908 ], [ 72.835591996302227, 18.928437085428644 ], [ 72.834934917206908, 18.92600838888082 ], [ 72.837980209695246, 18.925637531399794 ], [ 72.828000700765742, 18.911748752115255 ], [ 72.816992314058524, 18.906906175307213 ], [ 72.816994369515982, 18.901248252958386 ], [ 72.811951227089423, 18.8951276609464 ], [ 72.808740900269768, 18.893405213141321 ], [ 72.803560213006364, 18.898814620283389 ], [ 72.805103705977857, 18.91015379430894 ], [ 72.815216129193601, 18.908094737982385 ], [ 72.825594942341084, 18.919446158005414 ], [ 72.825867636411203, 18.925774533752683 ], [ 72.819945230780675, 18.927871778761443 ], [ 72.823571530576402, 18.933238999893707 ], [ 72.823605804440078, 18.941249441238597 ], [ 72.812179374391334, 18.955270998874056 ], [ 72.807695509247921, 18.955127553508902 ], [ 72.798084324157969, 18.947531584742777 ], [ 72.793315176379096, 18.939408248379461 ], [ 72.792496533409221, 18.949906448477872 ], [ 72.799175969324551, 18.957246750685492 ], [ 72.804058240228244, 18.973666813958477 ], [ 72.813760491451234, 18.982955718197392 ], [ 72.812936397958879, 18.987764190379266 ], [ 72.810497832581703, 18.987545928904318 ], [ 72.813035642504246, 18.992320573338123 ], [ 72.811107065350257, 19.001515505561461 ], [ 72.816393437550545, 19.009798381195708 ], [ 72.817461122537168, 19.025563780315125 ], [ 72.823027340851013, 19.017398945100631 ], [ 72.832602458157368, 19.023681007308561 ], [ 72.838502747905025, 19.03305227686354 ], [ 72.838631373658302, 19.046523178425225 ], [ 72.837807958876198, 19.051937765711784 ], [ 72.831780536049834, 19.053246332414457 ], [ 72.827079415503832, 19.045898846211681 ], [ 72.817013394163965, 19.041474097960574 ], [ 72.824448742234893, 19.055843466890472 ], [ 72.821937647334437, 19.060381626698732 ], [ 72.822992435954887, 19.080045112815839 ], [ 72.827981670089315, 19.077390157054438 ], [ 72.833223338743451, 19.084831053186836 ], [ 72.825890905447423, 19.084731986704725 ], [ 72.82753440032711, 19.094349506763887 ], [ 72.821092531289608, 19.118320523754189 ], [ 72.828696733513851, 19.116619926088475 ], [ 72.820555407922839, 19.120570580565168 ], [ 72.80408042748769, 19.141450858016512 ], [ 72.806077600648436, 19.146652795319302 ], [ 72.811630604124076, 19.145231045984072 ], [ 72.806845677743325, 19.151450687920992 ], [ 72.800507943643979, 19.139553505146544 ], [ 72.795525934569525, 19.141393877244099 ], [ 72.796994777097481, 19.134487121601573 ], [ 72.786073018307334, 19.133520792699557 ], [ 72.789076208593301, 19.136559675894617 ], [ 72.789691962122404, 19.14733169521584 ], [ 72.781961367145158, 19.159289585553232 ], [ 72.784470364010545, 19.163543697793589 ], [ 72.781642275470986, 19.167884589985764 ], [ 72.785787647225206, 19.167474226769315 ], [ 72.794862523300736, 19.1746970615288 ], [ 72.795484216708132, 19.194667726994712 ], [ 72.792602333214802, 19.19700865874734 ], [ 72.781410048966393, 19.195430572113654 ], [ 72.786197425301438, 19.20448551955117 ], [ 72.779999453416139, 19.20857471322358 ], [ 72.781429729857464, 19.218088331516419 ], [ 72.775575900070606, 19.227190889112052 ], [ 72.780495971653465, 19.23282526183467 ], [ 72.778727956158747, 19.23963500621009 ], [ 72.785477088639396, 19.266773587339831 ], [ 72.781031106973401, 19.270118072318386 ], [ 72.778654964408531, 19.278924844810039 ], [ 72.783888219567757, 19.281608775187696 ], [ 72.783866926666903, 19.301714364008234 ], [ 72.786928042830482, 19.307684233015191 ], [ 72.795026620460618, 19.315030348155108 ], [ 72.81571948362415, 19.314477252395889 ], [ 72.830230914352271, 19.327309379681132 ], [ 72.829951446455979, 19.334621360943395 ], [ 72.827100010133705, 19.335719633131365 ], [ 72.820460578964898, 19.329059587782911 ], [ 72.806375434274571, 19.323720237606665 ], [ 72.800190665729303, 19.323847113788577 ], [ 72.765678077586671, 19.36164455366465 ], [ 72.768443621331301, 19.363333164573248 ], [ 72.766888055182775, 19.365083287654237 ], [ 72.759458591991958, 19.369332107141773 ], [ 72.756606431198534, 19.36407128973223 ], [ 72.747957916446666, 19.370119740578165 ], [ 72.744693360899518, 19.378036329744752 ], [ 72.752557377340835, 19.378754455007353 ], [ 72.759926912080687, 19.392709663816305 ], [ 72.753629815738563, 19.430051933832981 ], [ 72.74313773402011, 19.458378220560625 ], [ 72.748705267550108, 19.470647236053921 ], [ 72.749547672845267, 19.489269325763829 ], [ 72.74413173049291, 19.499384840588139 ], [ 72.719731947254388, 19.500766463183808 ], [ 72.720352032609838, 19.51170762656702 ], [ 72.716058118829309, 19.519955176554781 ], [ 72.722383683646598, 19.523397796729071 ], [ 72.721825281333082, 19.533328588334378 ], [ 72.720132880240925, 19.537277315968698 ], [ 72.714811101972231, 19.536539555734269 ], [ 72.711090411228867, 19.540783500364071 ], [ 72.717586364915505, 19.564573069954971 ], [ 72.710119176195121, 19.571680172623914 ], [ 72.714723365915759, 19.58161256669851 ], [ 72.708909282345161, 19.598764182586571 ], [ 72.718228316164456, 19.597762225200526 ], [ 72.725343316389996, 19.609571401715893 ], [ 72.722883433820442, 19.617580706841398 ], [ 72.710302581063857, 19.622709439186565 ], [ 72.711201050044878, 19.625931670939259 ], [ 72.717920664304089, 19.6263510789436 ], [ 72.71900254249195, 19.629986882461896 ], [ 72.710709144407161, 19.639263762410653 ], [ 72.707327433924348, 19.638328510404207 ], [ 72.70571260526664, 19.649567797024119 ], [ 72.69913400367038, 19.66147880555096 ], [ 72.702814575426018, 19.670593665402638 ], [ 72.700997680772119, 19.684842767046742 ], [ 72.70770517361008, 19.693068143298877 ], [ 72.708143651190099, 19.703810726551271 ], [ 72.697074360457862, 19.719244713580185 ], [ 72.685189321200056, 19.717619595554275 ], [ 72.680463830184834, 19.713774625625003 ], [ 72.675523613706432, 19.715713268192147 ], [ 72.6725715950638, 19.72255311081938 ], [ 72.675322597692954, 19.72688322974712 ], [ 72.674077272359767, 19.741610346050354 ], [ 72.67792008753645, 19.750071453848065 ], [ 72.671854826481834, 19.761479768220067 ], [ 72.675869102638003, 19.765025868868463 ], [ 72.682936045672534, 19.760543200485511 ], [ 72.68284783220993, 19.793488516428269 ], [ 72.671316739591788, 19.813643070307634 ], [ 72.665695930587233, 19.813870119702607 ], [ 72.667683222190973, 19.801324254052862 ], [ 72.656926143975895, 19.808346403847217 ], [ 72.65783269009583, 19.811097638948745 ], [ 72.653980620776338, 19.810937674292436 ], [ 72.651160812428685, 19.81690911903598 ], [ 72.653525942826235, 19.820845508898284 ], [ 72.649617996010676, 19.829567395437035 ], [ 72.651404303368082, 19.831629450580589 ], [ 72.641990562896467, 19.84398236099717 ], [ 72.647158181025631, 19.847369716815994 ], [ 72.645512230682144, 19.857068924779188 ], [ 72.648055827312106, 19.870054678637615 ], [ 72.655486200585017, 19.861907932958729 ], [ 72.671566300241722, 19.866590874260879 ], [ 72.680271670903394, 19.864896239023377 ], [ 72.680620658494874, 19.900638177844368 ], [ 72.674703824318357, 19.903393856772919 ], [ 72.678802564916424, 19.920742144933591 ], [ 72.664365505238109, 19.929708551230654 ], [ 72.664216016711933, 19.933488835911607 ], [ 72.681563932572431, 19.942240279392081 ], [ 72.68944675089881, 19.957356065083498 ], [ 72.715186049306183, 19.970502980266961 ], [ 72.721975820080871, 19.970623770423529 ], [ 72.716642175783562, 19.973177146590885 ], [ 72.721059362953298, 19.996397399118635 ], [ 72.71767586186661, 20.014126316060842 ], [ 72.712761797505664, 20.022490266525956 ], [ 72.715095498070085, 20.037122543484248 ], [ 72.707883790001262, 20.070025487355558 ], [ 72.710465230677954, 20.078186439432837 ], [ 72.72601308179388, 20.079904607822495 ], [ 72.738765837247968, 20.117675181476393 ], [ 72.74658518723956, 20.116141608997491 ], [ 72.744074461413305, 20.124134403826051 ], [ 72.737143249895809, 20.127208137910646 ], [ 72.73767113487429, 20.134335786906636 ], [ 72.762693052853223, 20.129821230279877 ], [ 72.774805373161868, 20.132145758790905 ], [ 72.794113626570791, 20.12334056155569 ], [ 72.785270953366904, 20.145121865527674 ], [ 72.788623880647052, 20.149323768091385 ], [ 72.8001613100177, 20.150102146072712 ], [ 72.8058469417212, 20.154469725789529 ], [ 72.815155316418497, 20.144685924766264 ], [ 72.824469870634928, 20.142021711791074 ], [ 72.822369356850174, 20.154983986168116 ], [ 72.816322100242857, 20.156685103785943 ], [ 72.820090279883757, 20.175419527405246 ], [ 72.816036063584463, 20.184444405176976 ], [ 72.825262122865297, 20.188993074563587 ], [ 72.836952441785897, 20.188456899843384 ], [ 72.830889927894447, 20.196767054029579 ], [ 72.839031626852773, 20.209126539926643 ], [ 72.861184744071721, 20.207610561004245 ], [ 72.858736594020144, 20.224742455918413 ], [ 72.870502396478344, 20.228323701488662 ], [ 72.87911677049668, 20.226908354182928 ], [ 72.889613262162612, 20.220237410869547 ], [ 72.893062722463966, 20.225844952605101 ], [ 72.899415443325381, 20.227840816379658 ], [ 72.908083301562627, 20.223423650636452 ], [ 72.921225865131419, 20.222712648052461 ], [ 72.93445194761432, 20.2159496744097 ], [ 72.949509883067435, 20.215849259511781 ], [ 72.961984155017944, 20.210046444153093 ], [ 72.959845916409421, 20.201220547763324 ], [ 72.961937141246821, 20.183460015413392 ], [ 72.975144567990924, 20.181663907721823 ], [ 72.97687885817848, 20.178649986998639 ], [ 72.973718044903194, 20.17383210435051 ], [ 72.974403063273499, 20.160246055719657 ], [ 72.961582230850937, 20.13709847178573 ], [ 72.963583967295719, 20.126037205696878 ], [ 72.968521331416454, 20.123656252600604 ], [ 72.970499088360285, 20.115608897828889 ], [ 72.977355466355888, 20.112780028335589 ], [ 72.979604116779896, 20.115687704675469 ], [ 72.991818263470421, 20.117696959175099 ], [ 72.994234472752808, 20.137437527306748 ], [ 72.997504267486349, 20.142762566638432 ], [ 73.010936439661705, 20.134601755295346 ], [ 73.012619766970502, 20.128935102495028 ], [ 72.999609916775569, 20.123021899570613 ], [ 73.000738015011279, 20.112303456926121 ], [ 73.010433012729749, 20.10577775269671 ], [ 73.013699024150398, 20.096479115950938 ], [ 73.040203886049454, 20.066433149023677 ], [ 73.050623236207841, 20.063743637982455 ], [ 73.055190262980901, 20.099871017166652 ], [ 73.06369288288893, 20.099586649788968 ], [ 73.08059125055145, 20.094954574660672 ], [ 73.083548113489115, 20.091173937886225 ], [ 73.102262585298064, 20.091236959177081 ], [ 73.10603559270136, 20.08754248928026 ], [ 73.10606108485716, 20.074165104333321 ], [ 73.10846170806532, 20.075299779442524 ], [ 73.111983080333232, 20.07117483607524 ], [ 73.114340301528713, 20.076238898330217 ], [ 73.124102963684251, 20.077967458440916 ], [ 73.125500285597056, 20.083495763233678 ], [ 73.130706716620665, 20.081750174015266 ], [ 73.136385080871079, 20.086367098802448 ], [ 73.137070680999557, 20.079126834432696 ], [ 73.142466855893304, 20.080304702902961 ], [ 73.14668947968147, 20.073855819090504 ], [ 73.149190182515113, 20.078999745494169 ], [ 73.154643718364795, 20.075760535298528 ], [ 73.15185490425489, 20.072560752054617 ], [ 73.1564389776007, 20.063521565865141 ], [ 73.163500482199908, 20.060552281210452 ], [ 73.164777795475317, 20.055622281127157 ], [ 73.17070613842283, 20.052035640918348 ], [ 73.176632110716525, 20.051953952609473 ], [ 73.178221878471888, 20.047018147445812 ], [ 73.183322957158168, 20.050279986070095 ], [ 73.190922130911389, 20.049592525239081 ], [ 73.192096360452027, 20.054706112063062 ], [ 73.1861485586453, 20.059170704592471 ], [ 73.188529008039481, 20.078103152037379 ], [ 73.196914427623113, 20.075939539556956 ], [ 73.209702787286389, 20.085329421366467 ], [ 73.213898801214839, 20.118991545436099 ], [ 73.208426354868664, 20.120061536196147 ], [ 73.217007853353735, 20.128609307868132 ], [ 73.217926692557512, 20.136645680608463 ], [ 73.225684112577881, 20.140148567629335 ], [ 73.224176701512889, 20.124963530727847 ], [ 73.227042081668287, 20.122964416768639 ], [ 73.243226545504427, 20.128119079342472 ], [ 73.249252184949881, 20.122331145227957 ], [ 73.253356673397093, 20.125661534456121 ], [ 73.253897204392018, 20.137958000980031 ], [ 73.265145561534752, 20.14025774215586 ], [ 73.279225462301795, 20.150144171375306 ], [ 73.283050191215963, 20.198052283766046 ], [ 73.289008834825609, 20.19817002373259 ], [ 73.298027486389742, 20.208590578657258 ], [ 73.303727807290329, 20.20918682259115 ], [ 73.314050735840013, 20.20214154316804 ], [ 73.324435573874297, 20.206189438508186 ], [ 73.34383558081349, 20.199382858694989 ], [ 73.346389048939898, 20.209309804208566 ], [ 73.356499607369884, 20.213002881250265 ], [ 73.361261207529878, 20.207645621131054 ], [ 73.353602648663738, 20.200357860536034 ], [ 73.364753664052174, 20.195584806498644 ], [ 73.366239037487929, 20.20391031786944 ], [ 73.374559506344525, 20.204695736613825 ], [ 73.378140856866835, 20.210951971871378 ], [ 73.382497145536817, 20.211729927748557 ], [ 73.386379154147491, 20.209384978848522 ], [ 73.385751638604404, 20.196152384028601 ], [ 73.388672332241754, 20.192773283648474 ], [ 73.394478365605735, 20.198643708069572 ], [ 73.40587870601442, 20.195486294186551 ], [ 73.416514832077368, 20.198286003951925 ], [ 73.42121134418943, 20.206586014268922 ], [ 73.420109494829077, 20.210996458074504 ], [ 73.415570170982008, 20.212697740052082 ], [ 73.417836547705349, 20.222347236111151 ], [ 73.41359764628595, 20.224343034771248 ], [ 73.411912707569499, 20.232074460415131 ], [ 73.414470379516047, 20.235943366697317 ], [ 73.410435272992515, 20.238507592742202 ], [ 73.417411112399265, 20.242734336824288 ], [ 73.412520195177876, 20.244492653359476 ], [ 73.415333720082174, 20.250712021962428 ], [ 73.411300098107802, 20.253224040862218 ], [ 73.41612082345975, 20.258678801311749 ], [ 73.412150239731545, 20.265513148743107 ], [ 73.415807588826212, 20.268375716039472 ], [ 73.412845602958598, 20.270946208643295 ], [ 73.415029119952663, 20.274884098746789 ], [ 73.423194635232548, 20.274769071189557 ], [ 73.427700460938752, 20.280119637964525 ], [ 73.420219529073549, 20.297356499939081 ], [ 73.420433188047937, 20.30735129564404 ], [ 73.413807375991226, 20.325721216855712 ], [ 73.418467440737459, 20.330516439545981 ], [ 73.414226650330875, 20.336117847302614 ], [ 73.41329076196881, 20.346126362530708 ], [ 73.4091972610575, 20.349216497287927 ], [ 73.413661043786959, 20.352205421849039 ], [ 73.413403656874351, 20.356726338237884 ], [ 73.40644408705883, 20.373397789188537 ], [ 73.406048960023796, 20.384702390841042 ], [ 73.400857013801669, 20.385597518250158 ], [ 73.384192491713421, 20.372036667189981 ], [ 73.380097837720427, 20.378951372841357 ], [ 73.379767976054993, 20.393503233944688 ], [ 73.387825213435079, 20.398411964791165 ], [ 73.395920341655341, 20.396333586626731 ], [ 73.398704794660546, 20.405104060783422 ], [ 73.405918696168342, 20.402966633586029 ], [ 73.404866217767875, 20.409976203086607 ], [ 73.41232048437621, 20.41074701851916 ], [ 73.414017791062236, 20.416224931338562 ], [ 73.419574101555625, 20.413066593780094 ], [ 73.418535953277114, 20.417926484771179 ], [ 73.423117282510304, 20.422157107921553 ], [ 73.42110270851262, 20.430034162955792 ], [ 73.428557222310189, 20.442081591936475 ], [ 73.431005471276194, 20.454410407390036 ], [ 73.43545771244726, 20.45584052571818 ], [ 73.444829926501512, 20.474783026492812 ], [ 73.456252469817855, 20.47833231870996 ], [ 73.459121200470108, 20.491843750730656 ], [ 73.467665231750829, 20.496468556823761 ], [ 73.469865908671082, 20.520307167974853 ], [ 73.493624240357278, 20.53806846527069 ], [ 73.491166819056019, 20.540924432909801 ], [ 73.475298309700335, 20.543328185288498 ], [ 73.47920316832608, 20.560243781910238 ], [ 73.47315309215378, 20.584635285774105 ], [ 73.449470465790554, 20.594036656383238 ], [ 73.429576122950266, 20.59520485948196 ], [ 73.431506085996489, 20.600145093938096 ], [ 73.42645600778549, 20.601980251685227 ], [ 73.428237123806454, 20.60650949441775 ], [ 73.421120183344271, 20.625868280042358 ], [ 73.410868757982271, 20.627180589002492 ], [ 73.407207686023796, 20.623970270361635 ], [ 73.409962778207827, 20.629976311034749 ], [ 73.407099888591418, 20.635333197729079 ], [ 73.394113688942582, 20.640781779493039 ], [ 73.392559718517717, 20.64510403974964 ], [ 73.395698672220135, 20.652686382167666 ], [ 73.406182965919527, 20.654902234404464 ], [ 73.412450985439733, 20.661467495608193 ], [ 73.430124373228267, 20.664118152901366 ], [ 73.434685435009598, 20.670475436937227 ], [ 73.432039146413715, 20.677264228654565 ], [ 73.444297224041279, 20.681102956282977 ], [ 73.448449463619284, 20.693123382523225 ], [ 73.440783053392678, 20.699837645156546 ], [ 73.449181334356467, 20.717180927962261 ], [ 73.459270863273915, 20.71659810285821 ], [ 73.466936268944167, 20.722059720091405 ], [ 73.474648099566238, 20.720387872435651 ], [ 73.47562511943687, 20.709864511409275 ], [ 73.483668390489314, 20.701414268013135 ], [ 73.483997187944567, 20.691555203730253 ], [ 73.490265985464333, 20.686384492762485 ], [ 73.486264819409556, 20.675164344639249 ], [ 73.482155472372582, 20.679760006243576 ], [ 73.478563727559532, 20.676664058212967 ], [ 73.479625983329925, 20.672205960161666 ], [ 73.484389621420476, 20.670161590870546 ], [ 73.484587864725427, 20.665582028193462 ], [ 73.489216978534742, 20.66370019650261 ], [ 73.489234889437739, 20.655733593649011 ], [ 73.495624418591277, 20.653606534529661 ], [ 73.502506736949684, 20.662270799448965 ], [ 73.504515480083683, 20.670676896146059 ], [ 73.511333214981136, 20.665758780818503 ], [ 73.517901219398297, 20.667433922236246 ], [ 73.520489526342331, 20.67884793588523 ], [ 73.521576470106268, 20.675276296949598 ], [ 73.532788002818492, 20.672744433639288 ], [ 73.550799445077502, 20.648559476132068 ], [ 73.55785357512984, 20.645866133921448 ], [ 73.561853209702434, 20.650397378685078 ], [ 73.566642417914593, 20.64841643621078 ], [ 73.568363736750669, 20.651406757112174 ], [ 73.595988933036821, 20.636107774623518 ], [ 73.5995149749332, 20.63690312575854 ], [ 73.615194167001903, 20.624819183472987 ], [ 73.61685909934306, 20.617922916681874 ], [ 73.62227972343716, 20.614237769129218 ], [ 73.629684810413025, 20.581259883486027 ], [ 73.64502093395555, 20.573978405840919 ], [ 73.652682555223222, 20.56487246633149 ], [ 73.669115767440502, 20.563477911272962 ], [ 73.695377028737596, 20.578372711334495 ], [ 73.699682100940564, 20.575254659039473 ], [ 73.732325561367389, 20.574419730145998 ], [ 73.74456137594558, 20.56491837980181 ], [ 73.746213985139207, 20.568751570447418 ], [ 73.760739993588814, 20.573736318315731 ], [ 73.763598505927746, 20.586740413474779 ], [ 73.767632070098642, 20.586548749275451 ], [ 73.775392840775922, 20.600224105996944 ], [ 73.791266359458163, 20.605272448376439 ], [ 73.797273092577626, 20.602601623765644 ], [ 73.798402212826701, 20.598677451108195 ], [ 73.807060279345791, 20.608386509329325 ], [ 73.817270512954423, 20.61356573523663 ], [ 73.826010805790645, 20.612461848326458 ], [ 73.838394390725597, 20.620463122289554 ], [ 73.832741435243008, 20.645716709870463 ], [ 73.839090899545582, 20.658774521983784 ], [ 73.830622141236233, 20.675103339512138 ], [ 73.817205852929931, 20.672037469467252 ], [ 73.811852035838982, 20.692033434753288 ], [ 73.825431455785221, 20.700717935469708 ], [ 73.835438266063207, 20.702102402596278 ], [ 73.855170758730239, 20.692251281163418 ], [ 73.856244825701935, 20.700394080300089 ], [ 73.860833262266269, 20.70028156113198 ], [ 73.859690770414431, 20.703171853251042 ], [ 73.862618521779964, 20.703235302288938 ], [ 73.866769922361556, 20.710583424709881 ], [ 73.874421120094283, 20.729533514835527 ], [ 73.882529402237381, 20.733426273190865 ], [ 73.895510008853236, 20.731663786969062 ], [ 73.90475463591072, 20.72529001399035 ], [ 73.917326627766343, 20.724849176656289 ], [ 73.917865699971728, 20.729559385810138 ], [ 73.927261948663556, 20.734343940865735 ], [ 73.92956375895379, 20.727614025876271 ], [ 73.942661218030949, 20.742083693338376 ], [ 73.938031382310697, 20.74922107238109 ], [ 73.941309792409982, 20.758325368568215 ], [ 73.931861489358582, 20.760622975260127 ], [ 73.934733078608019, 20.773307927175654 ], [ 73.932978096559523, 20.791874539995113 ], [ 73.936122643190771, 20.800901196996879 ], [ 73.931928032320045, 20.808900815349709 ], [ 73.944043431948614, 20.823772487867085 ], [ 73.940562976119224, 20.828470631695691 ], [ 73.940332460160818, 20.839454000192259 ], [ 73.929351557273989, 20.842357301595179 ], [ 73.923724185031645, 20.851377786154295 ], [ 73.925725991261714, 20.888504194710912 ], [ 73.917538200133095, 20.90778124141119 ], [ 73.888199189433848, 20.933591287453126 ], [ 73.892311898248806, 20.955710671957458 ], [ 73.899014599461282, 20.960302650375407 ], [ 73.907976247928048, 20.959736545974405 ], [ 73.908463520853743, 20.966917002636862 ], [ 73.90331512901993, 20.972188256919967 ], [ 73.901297590237107, 20.982304572699896 ], [ 73.892386971153414, 20.979469693013389 ], [ 73.869022558626611, 20.985264768794824 ], [ 73.866315129670767, 20.989902706870648 ], [ 73.854624420485493, 20.994359158914477 ], [ 73.838814408440783, 21.007538127089045 ], [ 73.8342218334721, 21.024720735809517 ], [ 73.829324931704051, 21.026155609045315 ], [ 73.818643593089348, 21.022101642274805 ], [ 73.808721967899302, 21.027766791653075 ], [ 73.795525559410478, 21.044519201957375 ], [ 73.810903361702955, 21.059491641752082 ], [ 73.807741034203929, 21.084893088295271 ], [ 73.794101789472762, 21.07144307702837 ], [ 73.760211851669425, 21.069400647813449 ], [ 73.729932127454518, 21.08243399942323 ], [ 73.733018406542683, 21.098251498888182 ], [ 73.743758578627109, 21.115179201785924 ], [ 73.729675013143918, 21.099870382850785 ], [ 73.705488224969045, 21.108428046854073 ], [ 73.703145216121229, 21.118648868514448 ], [ 73.68894883056366, 21.100794231190065 ], [ 73.677199962645602, 21.108556827864064 ], [ 73.651899927664417, 21.10759651366336 ], [ 73.646382038139251, 21.121249177493457 ], [ 73.631028730032668, 21.123278255413194 ], [ 73.618461902498169, 21.118455301709673 ], [ 73.611910044851413, 21.138081405279266 ], [ 73.617633217639664, 21.142697031343708 ], [ 73.605126998170149, 21.144014784586066 ], [ 73.598790115963709, 21.156631629545625 ], [ 73.578519574388324, 21.150481249838187 ], [ 73.5768808909895, 21.156672165429679 ], [ 73.583282526592285, 21.161013694003469 ], [ 73.57742058914576, 21.170753092777886 ], [ 73.581007775200192, 21.169448906545515 ], [ 73.593852042127708, 21.174392154744019 ], [ 73.599599661563005, 21.181695343994875 ], [ 73.606451637906332, 21.178756292311935 ], [ 73.60779225177015, 21.158981026966909 ], [ 73.629268299788663, 21.154921821509195 ], [ 73.627429011423288, 21.143351905832631 ], [ 73.63463981030479, 21.140881355155557 ], [ 73.643357083155138, 21.139566400016868 ], [ 73.664938603570207, 21.147302927432143 ], [ 73.664237379499596, 21.153273160870267 ], [ 73.667492068439898, 21.154631647751234 ], [ 73.681639352640886, 21.151244973249447 ], [ 73.701777437650378, 21.153688994106123 ], [ 73.701340301393202, 21.146314633548204 ], [ 73.710741172670794, 21.145433974708958 ], [ 73.718973919746034, 21.139757476219682 ], [ 73.733209689139372, 21.142354497322358 ], [ 73.733199599457066, 21.148320104407688 ], [ 73.737422821354201, 21.15021859696218 ], [ 73.737121805846115, 21.15324901567832 ], [ 73.728515633165998, 21.161938709119287 ], [ 73.740086878272095, 21.171116584994436 ], [ 73.740190036127984, 21.167612131302796 ], [ 73.772305520491742, 21.164636919297667 ], [ 73.773597896814962, 21.1686569073178 ], [ 73.78135257869981, 21.171099910863646 ], [ 73.784700718892225, 21.183985726570604 ], [ 73.802698746257008, 21.174917209738993 ], [ 73.815761542910025, 21.17396026086125 ], [ 73.819868643605233, 21.186732739691937 ], [ 73.825897082267105, 21.187154517000547 ], [ 73.826046967298794, 21.200128880274374 ], [ 73.815434588251932, 21.197348209028718 ], [ 73.810735214738969, 21.207615834865507 ], [ 73.811808973633873, 21.231230063394825 ], [ 73.828461920472435, 21.239982651993255 ], [ 73.827489961679092, 21.252172767662945 ], [ 73.822375797822374, 21.261099261324368 ], [ 73.822873462286623, 21.270858319921139 ], [ 73.826536026261167, 21.267716295416996 ], [ 73.849708323803114, 21.274716365426396 ], [ 73.879613115818373, 21.265957020142693 ], [ 73.897434762520092, 21.272246142078963 ], [ 73.922238131834206, 21.289636062396376 ], [ 73.932419956610545, 21.290721074999848 ], [ 73.94217173249362, 21.299270527408318 ], [ 73.942352731968185, 21.325625166599256 ], [ 73.949175890899937, 21.351163983161889 ], [ 73.94407513169044, 21.399969054789558 ], [ 73.938932300732006, 21.405019788582567 ], [ 73.946917813644319, 21.404926233310437 ], [ 73.951787956441422, 21.395273644683083 ], [ 73.959474190026015, 21.395427937428984 ], [ 73.970445647069482, 21.397815356094533 ], [ 73.978032564422705, 21.407343750379159 ], [ 73.976916975521135, 21.411928007982208 ], [ 73.982223559267638, 21.407896484736217 ], [ 74.002538321474333, 21.417461154380241 ], [ 74.002618289667225, 21.421413455880021 ], [ 74.008294758802634, 21.42286760288027 ], [ 74.008951879889878, 21.419539949816429 ], [ 74.01505770759772, 21.421279989877085 ], [ 74.023404392694658, 21.41778653335416 ], [ 74.044624357840675, 21.419193910786191 ], [ 74.048274829339377, 21.423395300457937 ], [ 74.049653692507064, 21.440208044753874 ], [ 74.045703906391623, 21.446175916156147 ], [ 74.061425511359403, 21.461966557887866 ], [ 74.062931577539416, 21.474549421708048 ], [ 74.072763440925456, 21.468771983360963 ], [ 74.075438969702915, 21.459801206928521 ], [ 74.072299721869825, 21.457025479866186 ], [ 74.094590311419765, 21.455732911266114 ], [ 74.100713750820077, 21.447631231815134 ], [ 74.116497553935417, 21.452409560040838 ], [ 74.117160979187148, 21.462081642926456 ], [ 74.125178700928544, 21.466652879702242 ], [ 74.133733996162249, 21.465862363458179 ], [ 74.135844195406932, 21.456119924536608 ], [ 74.148298170806243, 21.457996272016214 ], [ 74.147661600194354, 21.461414817129466 ], [ 74.155239802869005, 21.462953516416007 ], [ 74.161221147214022, 21.468895390415845 ], [ 74.173497982224816, 21.466365344668709 ], [ 74.182319912019196, 21.469247158606617 ], [ 74.183488978353552, 21.461252662300527 ], [ 74.187732316495513, 21.45818930798702 ], [ 74.197824230609925, 21.45874854220444 ], [ 74.197158346662576, 21.460979309049385 ], [ 74.209281008203547, 21.462188048571704 ], [ 74.214157400293459, 21.481682039472346 ], [ 74.234351880757487, 21.482286935811857 ], [ 74.235707984870061, 21.467765588362973 ], [ 74.253561133440527, 21.46774178557796 ], [ 74.255920638930391, 21.476780467356541 ], [ 74.277315576197395, 21.479369678324133 ], [ 74.277341571958488, 21.482512658701275 ], [ 74.304135428171406, 21.488112365327162 ], [ 74.303888162301305, 21.499446813846461 ], [ 74.32078812669134, 21.498496915681979 ], [ 74.321476936410278, 21.529573878844133 ], [ 74.325537784611228, 21.53606825403417 ], [ 74.33083940400364, 21.535525754268502 ], [ 74.331221150164922, 21.539503692122729 ], [ 74.327930954209251, 21.539439602678833 ], [ 74.328341168060859, 21.542776744015395 ], [ 74.332331717963967, 21.543481837519327 ], [ 74.33116029938347, 21.552424658193033 ], [ 74.322612913926136, 21.549106434961235 ], [ 74.32155794501999, 21.552307708964701 ], [ 74.303238922329371, 21.55223269601986 ], [ 74.303817944553828, 21.565473184138455 ], [ 74.295526388146712, 21.569073834381978 ], [ 74.276720918165822, 21.562253963864052 ], [ 74.278528035238168, 21.553604193338252 ], [ 74.269064101490983, 21.55293109264035 ], [ 74.263330805905539, 21.539898866200751 ], [ 74.236217394890119, 21.53970309821171 ], [ 74.236313866664361, 21.548395699442501 ], [ 74.229007732846966, 21.554462593028845 ], [ 74.227572724588782, 21.548790985618009 ], [ 74.195844924402579, 21.532062559420556 ], [ 74.193383407154855, 21.53937569080751 ], [ 74.182716634270832, 21.542316768762916 ], [ 74.175097004769825, 21.556432139772596 ], [ 74.175864547891464, 21.568998392442012 ], [ 74.155858985048425, 21.568304316521438 ], [ 74.153956403221414, 21.556819632666709 ], [ 74.138935709518194, 21.555030894049501 ], [ 74.136963515168503, 21.546863440469632 ], [ 74.129796872714394, 21.55118126495092 ], [ 74.12011229298605, 21.55139170534331 ], [ 74.12012780075429, 21.556250057562323 ], [ 74.113193915931717, 21.548781818344811 ], [ 74.109953922061294, 21.556241123676184 ], [ 74.104463324326616, 21.556431789034516 ], [ 74.097310106915387, 21.555249289686589 ], [ 74.096446970763623, 21.551237119385895 ], [ 74.079224650629413, 21.55441561844334 ], [ 74.081578197751369, 21.548755031462338 ], [ 74.073189238045899, 21.547920196665 ], [ 74.059903244278956, 21.550303109201174 ], [ 74.054028165656291, 21.557905089288507 ], [ 74.053775429316318, 21.547512574356272 ], [ 74.049352730462957, 21.548231379490229 ], [ 74.04694391183574, 21.54467570141729 ], [ 74.044537382199508, 21.548163471670971 ], [ 74.043605871795151, 21.542479362133513 ], [ 74.036437459130525, 21.545574656017227 ], [ 74.037456078698625, 21.550632331015802 ], [ 74.035009163261222, 21.550335869653669 ], [ 74.034975974717014, 21.54552690588217 ], [ 74.030913654777393, 21.545153184448413 ], [ 74.020435228183459, 21.549961785789197 ], [ 74.01030291897689, 21.549203071010112 ], [ 74.005838475877155, 21.552755803281759 ], [ 74.003445983112243, 21.545303328717672 ], [ 74.000317822454861, 21.545651205998034 ], [ 74.002325141522064, 21.541548756331775 ], [ 73.997418606253945, 21.539011298680343 ], [ 73.993189228319821, 21.543304365428074 ], [ 73.982814453537316, 21.540728502745225 ], [ 73.981079033050449, 21.543610692003849 ], [ 73.974186152017211, 21.543276272950411 ], [ 73.974928014852907, 21.534244297965696 ], [ 73.982270091228401, 21.522598037512971 ], [ 73.966300112347582, 21.522065801959631 ], [ 73.960346764823186, 21.541640337905225 ], [ 73.955075524995451, 21.540830200922926 ], [ 73.95594516725096, 21.525295496165594 ], [ 73.951754155625665, 21.512694012027353 ], [ 73.945926620890219, 21.516792440358039 ], [ 73.932055178472879, 21.512263997329825 ], [ 73.927393355003275, 21.525099419254463 ], [ 73.921587536742436, 21.525078622259041 ], [ 73.921750280170428, 21.521158866518594 ], [ 73.916822420487378, 21.51958875428161 ], [ 73.904227626920743, 21.52450923015218 ], [ 73.905316371382895, 21.515762005982598 ], [ 73.879825648048168, 21.505197940005278 ], [ 73.877056007983967, 21.51215688517367 ], [ 73.8643015110368, 21.512572075174951 ], [ 73.866318929527779, 21.50702683770637 ], [ 73.871834617513315, 21.504796163399991 ], [ 73.863829563780882, 21.498166729056461 ], [ 73.853556586577668, 21.497465888695725 ], [ 73.834896014289768, 21.520583358543185 ], [ 73.832960967092959, 21.537056437781654 ], [ 73.827229022705865, 21.545851711770485 ], [ 73.827795967157854, 21.554440755292216 ], [ 73.822275907940053, 21.561790826334395 ], [ 73.814130596076794, 21.60109319546304 ], [ 73.796667518538996, 21.605741688914399 ], [ 73.787723012974695, 21.616498354488431 ], [ 73.78136644182517, 21.618594729221435 ], [ 73.780514929883822, 21.628592070832234 ], [ 73.785020705052318, 21.629009982721882 ], [ 73.788045848611205, 21.634100757299027 ], [ 73.812322744874493, 21.640076730241098 ], [ 73.814262715039902, 21.644173204362335 ], [ 73.821730321101612, 21.643421535412447 ], [ 73.824803490759663, 21.639778294587977 ], [ 73.830381344600085, 21.642367289466861 ], [ 73.832102039805747, 21.638353305610337 ], [ 73.836033367581464, 21.639176116949553 ], [ 73.834658184408141, 21.634353017118613 ], [ 73.838589940586246, 21.633080423225206 ], [ 73.845939580796269, 21.639737998610389 ], [ 73.849769776116489, 21.639133467023964 ], [ 73.851666840299657, 21.646480811277772 ], [ 73.86003804511347, 21.642327252644254 ], [ 73.888014856767441, 21.653246095358472 ], [ 73.894587515712317, 21.675977395434451 ], [ 73.891607366599047, 21.681057933993809 ], [ 73.891816466867525, 21.692148436626226 ], [ 73.88061280701487, 21.715590173391508 ], [ 73.867608454336064, 21.718344770774536 ], [ 73.853267735983565, 21.735376715874427 ], [ 73.837513878420651, 21.745529811685831 ], [ 73.833663871465049, 21.754924640145418 ], [ 73.824864710967816, 21.759555344197299 ], [ 73.824944989344687, 21.765231535550562 ], [ 73.834697968201368, 21.774053145260176 ], [ 73.829567548536488, 21.777546993777229 ], [ 73.829453756121666, 21.785941498583512 ], [ 73.83816065060789, 21.788747839990787 ], [ 73.827338874428818, 21.792479528331807 ], [ 73.826959973325685, 21.79792525067603 ], [ 73.832945132106289, 21.800947858360196 ], [ 73.828065296926624, 21.80407138665101 ], [ 73.827430013026856, 21.809909861670825 ], [ 73.807835865841227, 21.809808401524883 ], [ 73.804301138832713, 21.81969620853323 ], [ 73.795951483913313, 21.824727408650766 ], [ 73.809220898383913, 21.837810275607154 ], [ 73.819444188099197, 21.841372257493465 ], [ 73.842321250371924, 21.843997194631761 ], [ 73.871608222545021, 21.841507485141385 ], [ 73.886782265280118, 21.85466092560188 ], [ 73.920963778244015, 21.861026139238167 ], [ 73.965390731750603, 21.884321303723642 ], [ 74.028858467285858, 21.912136852883918 ], [ 74.047895003790501, 21.924999896449105 ], [ 74.084048289083881, 21.933726928345109 ], [ 74.128223557913188, 21.949778303903138 ], [ 74.136094591167748, 21.95018204891592 ], [ 74.140300096698112, 21.945457884868915 ], [ 74.146263031127035, 21.94644060440304 ], [ 74.146847800652935, 21.952891889874945 ], [ 74.157432923919245, 21.950822096197765 ], [ 74.169473385343991, 21.943467717709254 ], [ 74.181844206530116, 21.929416093094531 ], [ 74.19308028900646, 21.925971127828578 ], [ 74.262483428969702, 21.934021660838074 ], [ 74.281175656356211, 21.933112148905622 ], [ 74.289519031588455, 21.939967613982908 ], [ 74.294711265872209, 21.959477380814796 ], [ 74.30089492200463, 21.967128766907827 ], [ 74.312365222060123, 21.973527474157503 ], [ 74.338706097739376, 21.973761182796412 ], [ 74.350701902039617, 21.978120899412161 ], [ 74.360848059758041, 21.990314132252173 ], [ 74.375818643377897, 22.000589253986771 ], [ 74.388326949404103, 22.020750957685138 ], [ 74.431639912101033, 22.030269372864037 ], [ 74.443685809184998, 22.022407696476741 ] ], [ [ 77.27503035432224, 18.477726466319304 ], [ 77.267473566528452, 18.454612696155223 ], [ 77.271272024113401, 18.453970144066574 ], [ 77.288980875663867, 18.455332407233566 ], [ 77.299528663442601, 18.464879610525081 ], [ 77.29994739571535, 18.474177445078809 ], [ 77.296289937863676, 18.477101573146655 ], [ 77.286821084580652, 18.474358396573141 ], [ 77.27503035432224, 18.477726466319304 ] ], [ [ 74.291167375296354, 15.832137855003621 ], [ 74.261661339252626, 15.829591048719942 ], [ 74.268993627373831, 15.816567778057834 ], [ 74.266474802172525, 15.797795486211699 ], [ 74.274857609460582, 15.79609211497471 ], [ 74.285429461870038, 15.787947952145789 ], [ 74.289823524970487, 15.787728734278247 ], [ 74.28914766535425, 15.791424511103664 ], [ 74.293298489645579, 15.795273414581507 ], [ 74.302339998030391, 15.787459799506639 ], [ 74.311763501926933, 15.79326278988863 ], [ 74.312906091824004, 15.798200933902143 ], [ 74.30336777212699, 15.806664740282789 ], [ 74.291167375296354, 15.832137855003621 ] ] ] ] } }
]
}
